season,game_id,team,passer_player_id,n,epa,name
2010,2010_01_ARI_STL,ARI,00-0023645,43,5.936007370681349,D.Anderson
2010,2010_01_ARI_STL,LA,00-0027854,57,-13.797145843330554,S.Bradford
2010,2010_01_ATL_PIT,ATL,00-0026143,46,-2.249070769019915,Ryan
2010,2010_01_ATL_PIT,PIT,00-0026296,29,0.29207706069055295,D.Dixon
2010,2010_01_BAL_NYJ,BAL,00-0026158,40,-4.803872444259058,J.Flacco
2010,2010_01_BAL_NYJ,NYJ,00-0026898,23,-12.680847059782943,M.Sanchez
2010,2010_01_CAR_NYG,CAR,00-0025708,37,-15.027458353076767,M.Moore
2010,2010_01_CAR_NYG,CAR,00-0027659,2,-0.8051010967465118,J.Clausen
2010,2010_01_CAR_NYG,NYG,00-0022803,31,4.480918600344129,E.Manning
2010,2010_01_CIN_NE,CIN,00-0021429,51,5.2121533524507395,C.Palmer
2010,2010_01_CIN_NE,NE,00-0019596,35,14.195225434351425,T.Brady
2010,2010_01_CLE_TB,CLE,00-0004161,36,-8.734500900940429,J.Delhomme
2010,2010_01_CLE_TB,CLE,00-0023176,1,1.1014882414601743,J.Cribbs
2010,2010_01_CLE_TB,TB,00-0026993,31,-5.035485459228804,J.Freeman
2010,2010_01_DAL_WAS,DAL,00-0021678,48,4.500299421133963,T.Romo
2010,2010_01_DAL_WAS,DAL,00-0023544,1,-0.4234890757361427,M.Barber
2010,2010_01_DAL_WAS,WAS,00-0011022,33,-5.022257720349292,D.McNabb
2010,2010_01_DEN_JAX,DEN,00-0023541,36,7.723517326593123,K.Orton
2010,2010_01_DEN_JAX,JAX,00-0021231,22,8.206671001296106,D.Garrard
2010,2010_01_DET_CHI,CHI,00-0024226,40,4.151708595057587,J.Cutler
2010,2010_01_DET_CHI,DET,00-0020679,19,-7.689197319967207,Shaun.Hill
2010,2010_01_DET_CHI,DET,00-0026498,16,2.012692289077677,M.Stafford
2010,2010_01_GB_PHI,GB,00-0023459,33,0.710004898137413,A.Rodgers
2010,2010_01_GB_PHI,PHI,00-0020245,27,6.2069248348763715,M.Vick
2010,2010_01_GB_PHI,PHI,00-0025423,12,-7.528437781962566,K.Kolb
2010,2010_01_IND_HOU,HOU,00-0022787,19,-3.911857888081336,M.Schaub
2010,2010_01_IND_HOU,IND,00-0010346,59,18.79652908023487,P.Manning
2010,2010_01_MIA_BUF,BUF,00-0025479,37,-7.51468973800205,T.Edwards
2010,2010_01_MIA_BUF,MIA,00-0026197,37,-0.5460469630426061,C.Henne
2010,2010_01_MIN_NO,MIN,00-0005106,28,-4.680712351637901,B.Favre
2010,2010_01_MIN_NO,NO,00-0020531,37,1.133938805445918,D.Brees
2010,2010_01_OAK_TEN,LV,00-0023460,41,-9.386773060720827,J.Campbell
2010,2010_01_OAK_TEN,LV,00-0025486,1,-0.39391914708539844,J.Higgins
2010,2010_01_OAK_TEN,TEN,00-0024218,19,2.4669091049355387,V.Young
2010,2010_01_SD_KC,KC,00-0023662,22,-8.492300206184154,M.Cassel
2010,2010_01_SD_KC,LAC,00-0022942,41,7.313200149394106,P.Rivers
2010,2010_01_SF_SEA,SEA,00-0007091,24,6.0274180152628105,M.Hasselbeck
2010,2010_01_SF_SEA,SF,00-0023436,47,-13.740914990846615,A.Smith
2010,2010_02_ARI_ATL,ARI,00-0023645,33,-11.805888406855576,D.Anderson
2010,2010_02_ARI_ATL,ARI,00-0027347,2,-6.29804934526328,M.Hall
2010,2010_02_ARI_ATL,ATL,00-0026143,33,13.120391285697774,M.Ryan
2010,2010_02_BAL_CIN,BAL,00-0026158,40,-20.499354399040065,J.Flacco
2010,2010_02_BAL_CIN,CIN,00-0021429,36,-2.5646672411440172,C.Palmer
2010,2010_02_BUF_GB,BUF,00-0025479,22,-16.44632700260263,T.Edwards
2010,2010_02_BUF_GB,GB,00-0023459,29,12.223756040807906,A.Rodgers
2010,2010_02_CHI_DAL,CHI,00-0024226,30,11.225165479735535,J.Cutler
2010,2010_02_CHI_DAL,DAL,00-0021678,51,4.126489880716863,T.Romo
2010,2010_02_HOU_WAS,HOU,00-0022787,57,19.7053575211879,M.Schaub
2010,2010_02_HOU_WAS,WAS,00-0011022,41,17.703845275838148,D.McNabb
2010,2010_02_JAX_SD,JAX,00-0021231,25,-0.0033661308391117473,D.Garrard
2010,2010_02_JAX_SD,JAX,00-0022864,19,-2.693369491957128,L.McCown
2010,2010_02_JAX_SD,LAC,00-0022942,30,17.35620233062788,P.Rivers
2010,2010_02_KC_CLE,CLE,00-0022055,32,-4.270533301104734,S.Wallace
2010,2010_02_KC_CLE,KC,00-0023662,29,1.8374754417121326,M.Cassel
2010,2010_02_MIA_MIN,MIA,00-0026197,17,0.1371522033587098,C.Henne
2010,2010_02_MIA_MIN,MIN,00-0005106,39,-14.454709649848144,B.Favre
2010,2010_02_NE_NYJ,NE,00-0019596,37,2.107158744125627,T.Brady
2010,2010_02_NE_NYJ,NYJ,00-0026898,34,10.232128574943795,M.Sanchez
2010,2010_02_NO_SF,NO,00-0020531,39,9.871651029394549,D.Brees
2010,2010_02_NO_SF,SF,00-0023436,33,4.191539524254156,A.Smith
2010,2010_02_NYG_IND,IND,00-0010346,27,16.582215484580956,P.Manning
2010,2010_02_NYG_IND,NYG,00-0022803,28,-11.468239465903025,E.Manning
2010,2010_02_PHI_DET,DET,00-0020679,48,5.316379282086951,Sh.Hill
2010,2010_02_PHI_DET,PHI,00-0020245,40,5.689315108582377,M.Vick
2010,2010_02_PIT_TEN,PIT,00-0000865,13,-10.005162295436538,C.Batch
2010,2010_02_PIT_TEN,PIT,00-0026296,8,-7.6040167707251385,D.Dixon
2010,2010_02_PIT_TEN,TEN,00-0003292,27,1.6028945351573638,K.Collins
2010,2010_02_PIT_TEN,TEN,00-0024218,12,-15.730607481335344,V.Young
2010,2010_02_SEA_DEN,DEN,00-0023541,36,23.204930367140594,K.Orton
2010,2010_02_SEA_DEN,SEA,00-0007091,36,1.4751776875345968,M.Hasselbeck
2010,2010_02_STL_OAK,LA,00-0027854,28,0.007592611914230218,S.Bradford
2010,2010_02_STL_OAK,LV,00-0023460,17,-0.4468181187200946,J.Campbell
2010,2010_02_STL_OAK,LV,00-0024408,22,3.980252979427781,B.Gradkowski
2010,2010_02_TB_CAR,CAR,00-0025708,20,-6.424322277249303,M.Moore
2010,2010_02_TB_CAR,CAR,00-0027659,13,0.531323415460065,J.Clausen
2010,2010_02_TB_CAR,TB,00-0023968,1,-0.4862305470742285,M.Spurlock
2010,2010_02_TB_CAR,TB,00-0026993,24,6.929656502214666,J.Freeman
2010,2010_03_ATL_NO,ATL,00-0026143,32,13.03625888476381,M.Ryan
2010,2010_03_ATL_NO,NO,00-0020531,39,8.682920073618074,D.Brees
2010,2010_03_BUF_NE,BUF,00-0023682,29,7.901461314064292,R.Fitzpatrick
2010,2010_03_BUF_NE,NE,00-0019596,28,13.146880461944566,T.Brady
2010,2010_03_CIN_CAR,CAR,00-0027659,34,-3.731038349447772,J.Clausen
2010,2010_03_CIN_CAR,CIN,00-0021429,38,-10.694802741193115,C.Palmer
2010,2010_03_CLE_BAL,BAL,00-0022084,1,-1.0459226823877543,A.Boldin
2010,2010_03_CLE_BAL,BAL,00-0026158,31,15.369742219701399,J.Flacco
2010,2010_03_CLE_BAL,CLE,00-0022055,26,3.0737579371370325,S.Wallace
2010,2010_03_DAL_HOU,DAL,00-0021678,30,16.087282073752633,T.Romo
2010,2010_03_DAL_HOU,HOU,00-0022787,36,2.1441189429616956,M.Schaub
2010,2010_03_DET_MIN,DET,00-0020679,44,-7.316445016129913,Sh.Hill
2010,2010_03_DET_MIN,MIN,00-0005106,36,-9.561745082609704,B.Favre
2010,2010_03_GB_CHI,CHI,00-0024226,30,0.8904669224373065,J.Cutler
2010,2010_03_GB_CHI,GB,00-0023459,45,16.485523002998427,A.Rodgers
2010,2010_03_IND_DEN,DEN,00-0023541,58,6.1114256409936605,K.Orton
2010,2010_03_IND_DEN,IND,00-0010346,43,18.555707565450973,P.Manning
2010,2010_03_NYJ_MIA,MIA,00-0023437,1,-0.48180763982236385,R.Brown
2010,2010_03_NYJ_MIA,MIA,00-0026197,46,9.210675418478452,C.Henne
2010,2010_03_NYJ_MIA,NYJ,00-0026898,27,14.23309206002159,M.Sanchez
2010,2010_03_OAK_ARI,ARI,00-0023645,28,-6.2204012266369055,D.Anderson
2010,2010_03_OAK_ARI,LV,00-0024408,37,0.3539264369349342,B.Gradkowski
2010,2010_03_PHI_JAX,JAX,00-0021231,36,-22.715212555991116,D.Garrard
2010,2010_03_PHI_JAX,PHI,00-0020245,33,10.245353635167703,M.Vick
2010,2010_03_PIT_TB,PIT,00-0000865,16,8.085448216008803,C.Batch
2010,2010_03_PIT_TB,TB,00-0026300,7,2.9455516262096353,J.Johnson
2010,2010_03_PIT_TB,TB,00-0026993,34,-13.012175572747879,J.Freeman
2010,2010_03_SD_SEA,LAC,00-0022942,57,16.08184267833908,P.Rivers
2010,2010_03_SD_SEA,SEA,00-0007091,34,2.630642484411529,M.Hasselbeck
2010,2010_03_SF_KC,KC,00-0023662,26,8.578288607685819,M.Cassel
2010,2010_03_SF_KC,SF,00-0023436,47,-6.760152421405628,A.Smith
2010,2010_03_TEN_NYG,NYG,00-0022803,50,-5.547078982421252,E.Manning
2010,2010_03_TEN_NYG,TEN,00-0024218,17,6.619380836508268,V.Young
2010,2010_03_WAS_STL,LA,00-0027854,38,5.305834674760894,S.Bradford
2010,2010_03_WAS_STL,WAS,00-0011022,32,-4.443726375308423,D.McNabb
2010,2010_04_ARI_SD,ARI,00-0023645,17,-11.218742069671862,D.Anderson
2010,2010_04_ARI_SD,ARI,00-0027347,20,-13.135202121524369,M.Hall
2010,2010_04_ARI_SD,LAC,00-0019041,1,1.0138069773092866,B.Volek
2010,2010_04_ARI_SD,LAC,00-0022942,21,15.197034363673602,P.Rivers
2010,2010_04_BAL_PIT,BAL,00-0026158,38,5.980948162262878,J.Flacco
2010,2010_04_BAL_PIT,PIT,00-0000865,23,-0.15269554398758967,C.Batch
2010,2010_04_CAR_NO,CAR,00-0027659,24,0.751900557661429,J.Clausen
2010,2010_04_CAR_NO,NO,00-0020531,50,7.201533362200622,D.Brees
2010,2010_04_CHI_NYG,CHI,00-0003315,11,-5.359248243748335,T.Collins
2010,2010_04_CHI_NYG,CHI,00-0024226,20,-19.054885485908017,J.Cutler
2010,2010_04_CHI_NYG,CHI,00-0025970,5,-2.229190026584547,C.Hanie (3rd QB)
2010,2010_04_CHI_NYG,NYG,00-0022803,32,-5.915395674100438,E.Manning
2010,2010_04_CIN_CLE,CIN,00-0021429,40,12.795343515109678,C.Palmer
2010,2010_04_CIN_CLE,CLE,00-0022055,31,1.3417484657922998,S.Wallace
2010,2010_04_DEN_TEN,DEN,00-0023541,56,-0.7414218131648407,K.Orton
2010,2010_04_DEN_TEN,TEN,00-0024218,30,2.3028281194726543,V.Young
2010,2010_04_DET_GB,DET,00-0020679,57,3.549936142740619,Sh.Hill
2010,2010_04_DET_GB,GB,00-0023459,19,5.895360644557513,A.Rodgers
2010,2010_04_HOU_OAK,HOU,00-0022787,28,8.857868163548234,M.Schaub
2010,2010_04_HOU_OAK,LV,00-0024408,43,-3.388604196629628,B.Gradkowski
2010,2010_04_IND_JAX,IND,00-0010346,47,17.022868439555168,P.Manning
2010,2010_04_IND_JAX,JAX,00-0021231,22,9.904933793222554,D.Garrard
2010,2010_04_NE_MIA,MIA,00-0025604,6,-3.7417815271764994,T.Thigpen
2010,2010_04_NE_MIA,MIA,00-0026197,41,-2.566006170772763,C.Henne
2010,2010_04_NE_MIA,NE,00-0019596,27,2.7142994310566984,T.Brady
2010,2010_04_NYJ_BUF,BUF,00-0023682,30,-9.494789220450912,R.Fitzpatrick
2010,2010_04_NYJ_BUF,NYJ,00-0002110,1,1.0913846902549267,M.Brunell
2010,2010_04_NYJ_BUF,NYJ,00-0024318,1,2.5236153271980584,B.Smith
2010,2010_04_NYJ_BUF,NYJ,00-0026898,24,6.440102880605904,M.Sanchez
2010,2010_04_SEA_STL,LA,00-0027854,43,-4.7123403109236275,S.Bradford
2010,2010_04_SEA_STL,SEA,00-0007091,40,-18.075758053455502,M.Hasselbeck
2010,2010_04_SEA_STL,SEA,00-0024315,1,2.117123174946755,M.Robinson
2010,2010_04_SF_ATL,ATL,00-0026143,46,-1.0093741811060024,M.Ryan
2010,2010_04_SF_ATL,SF,00-0023436,33,-7.661387834348716,A.Smith
2010,2010_04_WAS_PHI,PHI,00-0020245,7,0.2531404448673129,M.Vick
2010,2010_04_WAS_PHI,PHI,00-0025423,36,3.586570236942663,K.Kolb
2010,2010_04_WAS_PHI,WAS,00-0011022,20,-0.541452728328295,D.McNabb
2010,2010_05_ATL_CLE,ATL,00-0026143,30,1.198776375415239,M.Ryan
2010,2010_05_ATL_CLE,CLE,00-0004161,24,-12.608026164816692,J.Delhomme
2010,2010_05_ATL_CLE,CLE,00-0022055,17,5.422625780920498,S.Wallace
2010,2010_05_ATL_CLE,CLE,00-0023176,1,0.6611996544525027,J.Cribbs
2010,2010_05_CHI_CAR,CAR,00-0025708,9,-4.818482007191051,M.Moore
2010,2010_05_CHI_CAR,CAR,00-0027659,27,-20.80831132974224,J.Clausen
2010,2010_05_CHI_CAR,CHI,00-0003315,18,-20.088496210977098,T.Collins
2010,2010_05_CHI_CAR,CHI,00-0025970,4,-0.9891180900740437,C.Hanie
2010,2010_05_DEN_BAL,BAL,00-0026158,26,3.6077132868934476,J.Flacco
2010,2010_05_DEN_BAL,DEN,00-0023541,39,13.014960473950953,K.Orton
2010,2010_05_GB_WAS,GB,00-0023459,49,-2.468906943574333,A.Rodgers
2010,2010_05_GB_WAS,WAS,00-0011022,54,-3.031986891877418,D.McNabb
2010,2010_05_JAX_BUF,BUF,00-0023682,34,0.4489661308461891,R.Fitzpatrick
2010,2010_05_JAX_BUF,JAX,00-0021231,22,10.131780721379922,D.Garrard
2010,2010_05_KC_IND,IND,00-0010346,45,0.4526536182695824,P.Manning
2010,2010_05_KC_IND,KC,00-0023662,30,-1.898656965497231,M.Cassel
2010,2010_05_MIN_NYJ,MIN,00-0005106,39,5.772222961692139,B.Favre
2010,2010_05_MIN_NYJ,NYJ,00-0026898,45,-10.809183339867603,M.Sanchez
2010,2010_05_NO_ARI,ARI,00-0023645,2,-0.39125690318178385,D.Anderson
2010,2010_05_NO_ARI,ARI,00-0027347,31,-0.532811302386687,M.Hall
2010,2010_05_NO_ARI,NO,00-0020531,40,-3.881077088775099,D.Brees
2010,2010_05_NYG_HOU,HOU,00-0022787,37,-16.118759064222925,M.Schaub
2010,2010_05_NYG_HOU,NYG,00-0022803,42,9.24262214317832,E.Manning
2010,2010_05_PHI_SF,PHI,00-0025423,35,1.1052356650932147,K.Kolb
2010,2010_05_PHI_SF,SF,00-0023436,41,7.710079089843134,A.Smith
2010,2010_05_SD_OAK,LAC,00-0022942,45,9.040827568404307,P.Rivers
2010,2010_05_SD_OAK,LV,00-0023460,22,7.847222817745422,J.Campbell
2010,2010_05_SD_OAK,LV,00-0024408,7,-6.794027438588498,B.Gradkowski
2010,2010_05_STL_DET,DET,00-0020679,33,9.755487899574367,Sh.Hill
2010,2010_05_STL_DET,DET,00-0025430,1,-0.7612661158200353,D.Stanton
2010,2010_05_STL_DET,DET,00-0027880,1,-0.39375825342722237,J.Best
2010,2010_05_STL_DET,LA,00-0027854,46,-19.561035509438906,S.Bradford
2010,2010_05_TB_CIN,CIN,00-0021429,36,-8.922922001607967,C.Palmer
2010,2010_05_TB_CIN,TB,00-0026300,2,-2.165176843991503,J.Johnson
2010,2010_05_TB_CIN,TB,00-0026993,36,7.364285024518949,J.Freeman
2010,2010_05_TEN_DAL,DAL,00-0021678,52,1.285488119630756,T.Romo
2010,2010_05_TEN_DAL,TEN,00-0024218,28,2.677372261933853,V.Young
2010,2010_06_ATL_PHI,ATL,00-0026143,45,-1.0007298906159843,M.Ryan
2010,2010_06_ATL_PHI,PHI,00-0025423,30,14.103201724249415,K.Kolb
2010,2010_06_BAL_NE,BAL,00-0026158,38,10.978851086087907,J.Flacco
2010,2010_06_BAL_NE,NE,00-0019596,47,-1.3868182093091912,T.Brady
2010,2010_06_CLE_PIT,CLE,00-0027688,38,-2.1234886714373715,C.McCoy
2010,2010_06_CLE_PIT,PIT,00-0022924,27,10.85815429588547,B.Roethlisberger
2010,2010_06_DAL_MIN,DAL,00-0021678,32,-0.7249571529391687,T.Romo
2010,2010_06_DAL_MIN,MIN,00-0005106,22,-2.336737977534739,B.Favre
2010,2010_06_DET_NYG,DET,00-0020679,15,3.484174594108481,Sh.Hill
2010,2010_06_DET_NYG,DET,00-0025430,35,0.19125939115414092,D.Stanton
2010,2010_06_DET_NYG,NYG,00-0022803,32,1.8539220825769007,E.Manning
2010,2010_06_IND_WAS,IND,00-0010346,39,11.930347273739638,P.Manning
2010,2010_06_IND_WAS,WAS,00-0011022,48,-1.5972764063386524,D.McNabb
2010,2010_06_KC_HOU,HOU,00-0022787,35,15.163388242945075,M.Schaub
2010,2010_06_KC_HOU,KC,00-0023662,30,16.627269062835623,M.Cassel
2010,2010_06_MIA_GB,GB,00-0023459,38,3.2352445816968007,A.Rodgers
2010,2010_06_MIA_GB,MIA,00-0026197,38,6.590753712924197,C.Henne
2010,2010_06_NO_TB,NO,00-0020531,32,16.780640637398676,D.Brees
2010,2010_06_NO_TB,TB,00-0026300,5,-2.004947835463099,J.Johnson
2010,2010_06_NO_TB,TB,00-0026993,44,5.7430298148715115,J.Freeman
2010,2010_06_NYJ_DEN,DEN,00-0023541,35,0.8841274465653606,K.Orton
2010,2010_06_NYJ_DEN,NYJ,00-0026898,32,-1.9162363029426999,M.Sanchez
2010,2010_06_OAK_SF,LV,00-0023460,23,-11.400608312467059,J.Campbell
2010,2010_06_OAK_SF,SF,00-0023436,34,-0.01876627476369741,A.Smith
2010,2010_06_SD_STL,LA,00-0027854,34,1.6389937978357119,S.Bradford
2010,2010_06_SD_STL,LAC,00-0022942,44,-4.971200060011961,P.Rivers
2010,2010_06_SEA_CHI,CHI,00-0024226,45,-9.322985128266255,J.Cutler
2010,2010_06_SEA_CHI,SEA,00-0007091,40,2.9470177934272215,M.Hasselbeck
2010,2010_06_TEN_JAX,JAX,00-0021231,12,-5.452586949104443,D.Garrard
2010,2010_06_TEN_JAX,JAX,00-0025479,26,-6.977889218767458,T.Edwards
2010,2010_06_TEN_JAX,TEN,00-0003292,16,9.27027941057478,K.Collins
2010,2010_06_TEN_JAX,TEN,00-0024218,5,5.908363898633979,V.Young
2010,2010_07_ARI_SEA,ARI,00-0023645,17,-0.34904138006742036,D.Anderson
2010,2010_07_ARI_SEA,ARI,00-0027347,18,-15.217463375942316,M.Hall
2010,2010_07_ARI_SEA,SEA,00-0007091,43,-4.357172110326507,M.Hasselbeck
2010,2010_07_BUF_BAL,BAL,00-0026158,33,8.195196446217894,J.Flacco
2010,2010_07_BUF_BAL,BUF,00-0023682,44,15.660701780882254,R.Fitzpatrick
2010,2010_07_CIN_ATL,ATL,00-0026143,34,14.673886092763366,M.Ryan
2010,2010_07_CIN_ATL,CIN,00-0021429,54,20.416681203747004,C.Palmer
2010,2010_07_CLE_NO,CLE,00-0026367,1,2.0051880184328184,P.Hillis
2010,2010_07_CLE_NO,CLE,00-0027688,17,-7.707924360589816,C.McCoy
2010,2010_07_CLE_NO,NO,00-0020531,59,-9.099507605363604,D.Brees
2010,2010_07_JAX_KC,JAX,00-0001545,35,-5.14503642856975,T.Bouman
2010,2010_07_JAX_KC,KC,00-0023662,19,13.810981271788478,M.Cassel
2010,2010_07_MIN_GB,GB,00-0023459,34,7.530853494186886,A.Rodgers
2010,2010_07_MIN_GB,GB,00-0026349,1,-2.16575244278647,M.Flynn
2010,2010_07_MIN_GB,MIN,00-0005106,30,-7.622276045735834,B.Favre
2010,2010_07_NE_SD,LAC,00-0022942,52,12.471969878628542,P.Rivers
2010,2010_07_NE_SD,NE,00-0019596,36,-4.018142590497405,T.Brady
2010,2010_07_NYG_DAL,DAL,00-0009311,37,-6.77992246027877,J.Kitna
2010,2010_07_NYG_DAL,DAL,00-0021678,7,0.16411790004249704,T.Romo
2010,2010_07_NYG_DAL,NYG,00-0022803,36,8.302713215642143,E.Manning
2010,2010_07_OAK_DEN,DEN,00-0023541,33,-17.35717600840144,K.Orton
2010,2010_07_OAK_DEN,LV,00-0023460,22,12.982090903821788,J.Campbell
2010,2010_07_PHI_TEN,PHI,00-0025423,47,-8.892181523169928,K.Kolb
2010,2010_07_PHI_TEN,TEN,00-0003292,34,2.1563387516168278,K.Collins
2010,2010_07_PIT_MIA,MIA,00-0026197,37,3.7861446054540986,C.Henne
2010,2010_07_PIT_MIA,PIT,00-0022924,30,14.168128956546177,B.Roethlisberger
2010,2010_07_SF_CAR,CAR,00-0025708,42,4.244601330861535,M.Moore
2010,2010_07_SF_CAR,SF,00-0020608,13,-5.544498358345749,D.Carr
2010,2010_07_SF_CAR,SF,00-0023436,20,1.2638374840756965,A.Smith
2010,2010_07_STL_TB,LA,00-0027854,27,-0.35490111332489516,S.Bradford
2010,2010_07_STL_TB,TB,00-0026993,43,2.117282170187433,J.Freeman
2010,2010_07_WAS_CHI,CHI,00-0024226,44,-15.859090897865826,J.Cutler
2010,2010_07_WAS_CHI,WAS,00-0011022,34,-11.91974988527653,D.McNabb
2010,2010_08_BUF_KC,BUF,00-0023682,51,-0.9747832650211459,R.Fitzpatrick
2010,2010_08_BUF_KC,KC,00-0023662,27,-2.704390382702495,M.Cassel
2010,2010_08_CAR_STL,CAR,00-0025708,40,-9.256931707668942,M.Moore
2010,2010_08_CAR_STL,LA,00-0027854,34,6.415741438343949,S.Bradford
2010,2010_08_DEN_SF,DEN,00-0023541,43,13.625187510608797,K.Orton
2010,2010_08_DEN_SF,SF,00-0025561,19,12.98179733360699,T.Smith
2010,2010_08_GB_NYJ,GB,00-0023459,36,-4.4987327510324615,A.Rodgers
2010,2010_08_GB_NYJ,NYJ,00-0026898,40,-7.56276758931451,M.Sanchez
2010,2010_08_HOU_IND,HOU,00-0022787,40,-15.714406811030951,M.Schaub
2010,2010_08_HOU_IND,IND,00-0010346,46,9.603078836373363,P.Manning
2010,2010_08_JAX_DAL,DAL,00-0009311,51,1.8819992366654699,J.Kitna
2010,2010_08_JAX_DAL,JAX,00-0021231,24,18.888034342729952,D.Garrard
2010,2010_08_MIA_CIN,CIN,00-0021429,38,-4.832171713816933,C.Palmer
2010,2010_08_MIA_CIN,MIA,00-0026197,37,1.8215736471100898,C.Henne
2010,2010_08_MIN_NE,MIN,00-0005106,32,2.8142106402796854,B.Favre
2010,2010_08_MIN_NE,MIN,00-0024279,8,1.1088172049932181,T.Jackson
2010,2010_08_MIN_NE,NE,00-0019596,27,10.505955315718893,T.Brady
2010,2010_08_PIT_NO,NO,00-0020531,46,6.647538132907357,D.Brees
2010,2010_08_PIT_NO,PIT,00-0022924,31,-3.8367133521170964,B.Roethlisberger
2010,2010_08_SEA_OAK,LV,00-0023460,29,15.820472841897125,J.Campbell
2010,2010_08_SEA_OAK,SEA,00-0007091,40,-11.548077652077577,M.Hasselbeck
2010,2010_08_TB_ARI,ARI,00-0023645,25,-2.5707742154190782,D.Anderson
2010,2010_08_TB_ARI,ARI,00-0027347,16,-14.593176095222589,M.Hall
2010,2010_08_TB_ARI,TB,00-0026993,27,6.377129094155005,J.Freeman
2010,2010_08_TEN_SD,LAC,00-0022942,37,18.535103745058827,P.Rivers
2010,2010_08_TEN_SD,TEN,00-0003292,15,-3.724863490089774,K.Collins
2010,2010_08_TEN_SD,TEN,00-0024218,22,12.112492557195456,V.Young
2010,2010_08_WAS_DET,DET,00-0026498,49,-5.547354566849768,M.Stafford (3rd QB)
2010,2010_08_WAS_DET,WAS,00-0011022,38,-13.69060170418083,D.McNabb
2010,2010_08_WAS_DET,WAS,00-0022121,8,-8.845899290870875,R.Grossman
2010,2010_09_ARI_MIN,ARI,00-0023645,32,-1.5231194109704047,D.Anderson
2010,2010_09_ARI_MIN,ARI,00-0025529,1,1.1283554701367393,S.Breaston
2010,2010_09_ARI_MIN,MIN,00-0005106,50,12.746937572315801,B.Favre
2010,2010_09_CHI_BUF,BUF,00-0023682,52,2.601887581695337,R.Fitzpatrick
2010,2010_09_CHI_BUF,CHI,00-0024226,32,8.487980843005342,J.Cutler
2010,2010_09_DAL_GB,DAL,00-0009311,34,-10.13070618925849,J.Kitna
2010,2010_09_DAL_GB,GB,00-0023459,35,17.897084166593892,A.Rodgers
2010,2010_09_DAL_GB,GB,00-0026349,1,-1.2622808017767966,M.Flynn
2010,2010_09_IND_PHI,IND,00-0010346,54,4.649581308739094,P.Manning
2010,2010_09_IND_PHI,PHI,00-0020245,32,6.121253155345114,M.Vick
2010,2010_09_KC_OAK,KC,00-0023662,38,2.7715348118343925,M.Cassel
2010,2010_09_KC_OAK,LV,00-0023460,36,-5.046994696072176,J.Campbell
2010,2010_09_KC_OAK,LV,00-0026144,1,-0.4388239805120975,D.McFadden
2010,2010_09_MIA_BAL,BAL,00-0024417,1,3.838324762880802,S.Koch
2010,2010_09_MIA_BAL,BAL,00-0026158,31,14.385708098892525,J.Flacco
2010,2010_09_MIA_BAL,MIA,00-0026197,36,-8.313001876289862,C.Henne
2010,2010_09_NE_CLE,CLE,00-0027688,19,7.801988495376454,C.McCoy
2010,2010_09_NE_CLE,NE,00-0019596,37,7.89515960396966,T.Brady
2010,2010_09_NE_CLE,NE,00-0026625,2,-2.9406904433853924,B.Hoyer
2010,2010_09_NO_CAR,CAR,00-0025708,7,-5.7468024518477785,M.Moore
2010,2010_09_NO_CAR,CAR,00-0027659,20,-17.7887676837272,J.Clausen
2010,2010_09_NO_CAR,CAR,00-0027801,13,-5.8641825943486765,T.Pike (3rd QB)
2010,2010_09_NO_CAR,NO,00-0020531,43,-0.0668012170439174,D.Brees
2010,2010_09_NYG_SEA,NYG,00-0022803,32,23.481531685649152,E.Manning
2010,2010_09_NYG_SEA,SEA,00-0024296,23,-10.802049631543923,C.Whitehurst
2010,2010_09_NYJ_DET,DET,00-0025430,1,-0.7929001399315894,D.Stanton
2010,2010_09_NYJ_DET,DET,00-0026498,38,2.637414032302331,M.Stafford
2010,2010_09_NYJ_DET,NYJ,00-0026898,39,6.686724382452667,M.Sanchez
2010,2010_09_PIT_CIN,CIN,00-0021429,40,-1.7631482088351618,C.Palmer
2010,2010_09_PIT_CIN,PIT,00-0021190,1,4.212947737891227,A.Randle El
2010,2010_09_PIT_CIN,PIT,00-0022924,27,-0.007938780538842671,B.Roethlisberger
2010,2010_09_SD_HOU,HOU,00-0022787,34,2.70919668158544,M.Schaub
2010,2010_09_SD_HOU,LAC,00-0022942,24,20.01763736840803,P.Rivers
2010,2010_09_TB_ATL,ATL,00-0026143,36,12.079765556520268,M.Ryan
2010,2010_09_TB_ATL,TB,00-0026993,23,3.748614054173231,J.Freeman
2010,2010_10_BAL_ATL,ATL,00-0026143,52,10.34089087860821,M.Ryan
2010,2010_10_BAL_ATL,BAL,00-0026158,36,7.036876132944599,J.Flacco
2010,2010_10_CAR_TB,CAR,00-0027659,31,3.150008506972876,J.Clausen
2010,2010_10_CAR_TB,TB,00-0026993,25,13.794099645991409,J.Freeman
2010,2010_10_CIN_IND,CIN,00-0021429,45,-3.0502164631869775,C.Palmer
2010,2010_10_CIN_IND,IND,00-0010346,38,-1.2458270986155808,P.Manning
2010,2010_10_DAL_NYG,DAL,00-0009311,22,18.928220027653182,J.Kitna
2010,2010_10_DAL_NYG,NYG,00-0022803,48,-2.0731526386219246,E.Manning
2010,2010_10_DET_BUF,BUF,00-0023682,25,1.8978363010683097,R.Fitzpatrick
2010,2010_10_DET_BUF,DET,00-0020679,52,3.3279348642203894,Sh.Hill
2010,2010_10_HOU_JAX,HOU,00-0022787,31,17.865994671855937,M.Schaub
2010,2010_10_HOU_JAX,JAX,00-0021231,33,18.74410119685146,D.Garrard
2010,2010_10_KC_DEN,DEN,00-0023541,33,20.63660218440291,K.Orton
2010,2010_10_KC_DEN,DEN,00-0027876,1,1.353942037851084,T.Tebow
2010,2010_10_KC_DEN,KC,00-0023662,59,11.013251606435665,M.Cassel
2010,2010_10_MIN_CHI,CHI,00-0024226,37,5.287316018307541,J.Cutler
2010,2010_10_MIN_CHI,MIN,00-0005106,32,-11.287166216001392,B.Favre
2010,2010_10_NE_PIT,NE,00-0019596,44,19.941724676386627,T.Brady
2010,2010_10_NE_PIT,PIT,00-0022924,53,-3.3340480220761286,B.Roethlisberger
2010,2010_10_NYJ_CLE,CLE,00-0027688,34,6.556000281964853,C.McCoy
2010,2010_10_NYJ_CLE,NYJ,00-0026898,46,8.69756833280808,M.Sanchez
2010,2010_10_PHI_WAS,PHI,00-0020245,29,24.635922071823675,M.Vick
2010,2010_10_PHI_WAS,WAS,00-0011022,33,-4.185250733193243,D.McNabb
2010,2010_10_SEA_ARI,ARI,00-0023645,51,-11.804995553640648,D.Anderson
2010,2010_10_SEA_ARI,SEA,00-0007091,35,19.145693162441166,M.Hasselbeck
2010,2010_10_SEA_ARI,SEA,00-0024296,7,-3.848704863921739,C.Whitehurst
2010,2010_10_STL_SF,LA,00-0027854,45,2.489561112988013,S.Bradford
2010,2010_10_STL_SF,SF,00-0025561,33,6.656534387728247,T.Smith
2010,2010_10_TEN_MIA,MIA,00-0019559,2,0.921495056245476,C.Pennington
2010,2010_10_TEN_MIA,MIA,00-0024334,1,-0.9412520765326917,B.Marshall
2010,2010_10_TEN_MIA,MIA,00-0025604,6,6.323057296568651,T.Thigpen
2010,2010_10_TEN_MIA,MIA,00-0026197,29,4.569922781314064,C.Henne
2010,2010_10_TEN_MIA,TEN,00-0003292,20,-6.403384730560523,K.Collins
2010,2010_10_TEN_MIA,TEN,00-0024218,20,-0.9615503292297944,V.Young
2010,2010_11_ARI_KC,ARI,00-0023645,48,4.316104159414995,D.Anderson
2010,2010_11_ARI_KC,KC,00-0023662,24,9.580106351749706,M.Cassel
2010,2010_11_ATL_STL,ATL,00-0026143,40,10.616726997069732,M.Ryan
2010,2010_11_ATL_STL,LA,00-0027854,42,-5.041077906173725,S.Bradford
2010,2010_11_BAL_CAR,BAL,00-0026158,36,9.022931064452312,J.Flacco
2010,2010_11_BAL_CAR,CAR,00-0022101,31,-18.552411864932843,B.St. Pierre
2010,2010_11_BUF_CIN,BUF,00-0023682,35,13.4043820267541,R.Fitzpatrick
2010,2010_11_BUF_CIN,CIN,00-0021429,34,7.4106317804000685,C.Palmer
2010,2010_11_BUF_CIN,CIN,00-0025592,5,-0.8120608516037464,J.Palmer
2010,2010_11_CHI_MIA,CHI,00-0024226,28,4.576696189525791,J.Cutler
2010,2010_11_CHI_MIA,MIA,00-0025604,35,-14.74356656637974,T.Thigpen
2010,2010_11_CLE_JAX,CLE,00-0027688,33,0.9520185955307423,C.McCoy
2010,2010_11_CLE_JAX,JAX,00-0021231,38,-7.277927023392344,D.Garrard
2010,2010_11_CLE_JAX,JAX,00-0024275,1,-3.590977357234806,M.Jones-Drew
2010,2010_11_DEN_SD,DEN,00-0023541,43,-6.8912396668456495,K.Orton
2010,2010_11_DEN_SD,LAC,00-0022017,1,4.481698259129189,M.Scifres
2010,2010_11_DEN_SD,LAC,00-0022766,1,-0.6851646694121882,P.Crayton
2010,2010_11_DEN_SD,LAC,00-0022942,25,13.956307593620254,P.Rivers
2010,2010_11_DET_DAL,DAL,00-0009311,26,7.092560360528296,J.Kitna
2010,2010_11_DET_DAL,DET,00-0020679,48,6.022894970010542,Sh.Hill
2010,2010_11_GB_MIN,GB,00-0023459,34,15.284797522984098,A.Rodgers
2010,2010_11_GB_MIN,GB,00-0026349,1,1.150712316390127,M.Flynn
2010,2010_11_GB_MIN,MIN,00-0005106,39,-12.803114078763727,B.Favre
2010,2010_11_HOU_NYJ,HOU,00-0022787,34,6.706345167627466,M.Schaub
2010,2010_11_HOU_NYJ,NYJ,00-0026898,40,5.1813816878386625,M.Sanchez
2010,2010_11_IND_NE,IND,00-0010346,52,18.461233621870633,P.Manning
2010,2010_11_IND_NE,NE,00-0019596,26,11.551415158738367,T.Brady
2010,2010_11_NYG_PHI,NYG,00-0022803,33,-1.4079921473489883,E.Manning
2010,2010_11_NYG_PHI,PHI,00-0020245,42,-0.8707361613040363,M.Vick
2010,2010_11_OAK_PIT,LV,00-0023460,23,-10.784490775011303,J.Campbell
2010,2010_11_OAK_PIT,LV,00-0024408,26,-10.153730793041177,B.Gradkowski
2010,2010_11_OAK_PIT,PIT,00-0022924,31,13.346261043509003,B.Roethlisberger
2010,2010_11_SEA_NO,NO,00-0020531,43,21.855470558474227,D.Brees
2010,2010_11_SEA_NO,SEA,00-0007091,44,19.211222162495037,M.Hasselbeck
2010,2010_11_TB_SF,SF,00-0025561,37,-20.049347063119058,T.Smith
2010,2010_11_TB_SF,TB,00-0023968,1,-2.7753618876449764,M.Spurlock
2010,2010_11_TB_SF,TB,00-0026300,1,0.5149610005319118,J.Johnson
2010,2010_11_TB_SF,TB,00-0026993,22,5.044258223317959,J.Freeman
2010,2010_11_WAS_TEN,TEN,00-0024218,17,6.568174296693028,V.Young
2010,2010_11_WAS_TEN,TEN,00-0027775,9,-6.444976307354665,R.Smith
2010,2010_11_WAS_TEN,WAS,00-0011022,52,15.660928193220247,D.McNabb
2010,2010_12_CAR_CLE,CAR,00-0027659,30,-2.382949078824934,J.Clausen
2010,2010_12_CAR_CLE,CLE,00-0004161,37,-7.719842364487704,J.Delhomme
2010,2010_12_CAR_CLE,CLE,00-0026367,1,-0.5406437015044503,P.Hillis
2010,2010_12_CIN_NYJ,CIN,00-0020397,1,-0.5161897784564644,C.Ochocinco
2010,2010_12_CIN_NYJ,CIN,00-0021429,41,-8.797685898723724,C.Palmer
2010,2010_12_CIN_NYJ,NYJ,00-0026898,30,-6.613128204058583,M.Sanchez
2010,2010_12_GB_ATL,ATL,00-0026143,30,7.405474551068494,M.Ryan
2010,2010_12_GB_ATL,GB,00-0023459,36,18.34324026305694,A.Rodgers
2010,2010_12_JAX_NYG,JAX,00-0021231,39,-8.426170254349941,D.Garrard
2010,2010_12_JAX_NYG,NYG,00-0022803,24,10.598442594031281,E.Manning
2010,2010_12_KC_SEA,KC,00-0023662,32,18.08237564513443,M.Cassel
2010,2010_12_KC_SEA,SEA,00-0007091,39,-7.575599273702065,M.Hasselbeck
2010,2010_12_MIA_OAK,LV,00-0024408,33,-4.431761585622905,B.Gradkowski
2010,2010_12_MIA_OAK,MIA,00-0026197,33,11.46527489150749,C.Henne
2010,2010_12_MIN_WAS,MIN,00-0005106,25,2.5865093959182324,B.Favre
2010,2010_12_MIN_WAS,WAS,00-0011022,39,-6.741945494780026,D.McNabb
2010,2010_12_NE_DET,DET,00-0020679,48,-8.121606988691816,Sh.Hill
2010,2010_12_NE_DET,NE,00-0019596,28,20.97070836824741,T.Brady
2010,2010_12_NO_DAL,DAL,00-0009311,43,9.574631663267903,J.Kitna
2010,2010_12_NO_DAL,NO,00-0020531,41,7.841876537191797,D.Brees
2010,2010_12_PHI_CHI,CHI,00-0024226,25,16.90417493778145,J.Cutler
2010,2010_12_PHI_CHI,PHI,00-0020245,47,4.539300338052177,M.Vick
2010,2010_12_PIT_BUF,BUF,00-0023682,46,-0.10841775263535336,R.Fitzpatrick
2010,2010_12_PIT_BUF,PIT,00-0022924,37,5.863071203982773,B.Roethlisberger
2010,2010_12_SD_IND,IND,00-0010346,49,-15.176154863584088,P.Manning
2010,2010_12_SD_IND,LAC,00-0022942,25,5.440951907904253,P.Rivers
2010,2010_12_SF_ARI,ARI,00-0023645,36,-10.854041095414463,D.Anderson
2010,2010_12_SF_ARI,SF,00-0025561,24,-1.4943250025155361,T.Smith
2010,2010_12_STL_DEN,DEN,00-0023541,45,12.38000586108663,K.Orton
2010,2010_12_STL_DEN,LA,00-0027854,39,21.44954479401578,S.Bradford
2010,2010_12_TB_BAL,BAL,00-0026158,39,0.5702239002405829,J.Flacco
2010,2010_12_TB_BAL,TB,00-0026993,37,-6.116093144595048,J.Freeman
2010,2010_12_TEN_HOU,HOU,00-0022787,37,-0.5481216914665641,M.Schaub
2010,2010_12_TEN_HOU,TEN,00-0027775,32,-13.476676335034426,R.Smith
2010,2010_13_ATL_TB,ATL,00-0026143,36,2.627743923221715,M.Ryan
2010,2010_13_ATL_TB,TB,00-0021755,1,1.3158027259050868,E.Graham
2010,2010_13_ATL_TB,TB,00-0026993,39,-3.518855003896822,J.Freeman
2010,2010_13_BUF_MIN,BUF,00-0023682,26,-4.3095226713921875,R.Fitzpatrick
2010,2010_13_BUF_MIN,MIN,00-0005106,1,-4.024246467743069,B.Favre
2010,2010_13_BUF_MIN,MIN,00-0024279,23,-5.138305793354657,T.Jackson
2010,2010_13_CAR_SEA,CAR,00-0027659,37,-11.825414332997752,J.Clausen
2010,2010_13_CAR_SEA,SEA,00-0007091,32,-0.19364529677265807,M.Hasselbeck
2010,2010_13_CAR_SEA,SEA,00-0024332,1,-1.3217918165028095,L.Washington
2010,2010_13_CHI_DET,CHI,00-0024226,30,2.9312724164827615,J.Cutler
2010,2010_13_CHI_DET,DET,00-0025430,26,0.47455426904599696,D.Stanton
2010,2010_13_CLE_MIA,CLE,00-0004161,36,-1.7204115583274215,J.Delhomme
2010,2010_13_CLE_MIA,MIA,00-0026197,33,-10.639104386285203,C.Henne
2010,2010_13_DAL_IND,DAL,00-0009311,28,7.541442817605257,J.Kitna
2010,2010_13_DAL_IND,IND,00-0010346,48,0.7462670516688377,P.Manning
2010,2010_13_DEN_KC,DEN,00-0023541,32,-15.281381196356811,K.Orton
2010,2010_13_DEN_KC,KC,00-0023662,32,0.44990990008227527,M.Cassel
2010,2010_13_HOU_PHI,HOU,00-0022787,38,7.991320839450435,M.Schaub
2010,2010_13_HOU_PHI,PHI,00-0020245,34,19.043049058117663,M.Vick
2010,2010_13_JAX_TEN,JAX,00-0021231,20,2.1086109656745284,D.Garrard
2010,2010_13_JAX_TEN,TEN,00-0003292,33,-7.7570329784878425,K.Collins
2010,2010_13_NO_CIN,CIN,00-0021429,37,8.293569363379206,C.Palmer
2010,2010_13_NO_CIN,NO,00-0020531,31,12.52632680989947,D.Brees
2010,2010_13_NYJ_NE,NE,00-0019596,32,20.76639306390546,T.Brady
2010,2010_13_NYJ_NE,NYJ,00-0026898,34,-13.719839517448259,M.Sanchez
2010,2010_13_OAK_SD,LAC,00-0022942,43,-1.2537892284314633,P.Rivers
2010,2010_13_OAK_SD,LV,00-0023460,17,1.2513839299208485,J.Campbell
2010,2010_13_PIT_BAL,BAL,00-0026158,37,-3.3167427591834486,J.Flacco
2010,2010_13_PIT_BAL,PIT,00-0022924,41,7.830090810605965,B.Roethlisberger
2010,2010_13_SF_GB,GB,00-0023459,34,10.322297596170317,A.Rodgers
2010,2010_13_SF_GB,SF,00-0025561,29,-0.27043401551047497,T.Smith
2010,2010_13_STL_ARI,ARI,00-0023645,21,-10.13024376319014,D.Anderson
2010,2010_13_STL_ARI,ARI,00-0027347,5,-4.994227054528892,M.Hall
2010,2010_13_STL_ARI,ARI,00-0027754,7,-1.8903705556876957,J.Skelton
2010,2010_13_STL_ARI,LA,00-0027854,30,-0.4016711785619229,S.Bradford
2010,2010_13_WAS_NYG,NYG,00-0022803,25,-4.897325403082339,E.Manning
2010,2010_13_WAS_NYG,WAS,00-0011022,48,-0.32204934124722406,D.McNabb
2010,2010_14_ATL_CAR,ATL,00-0026143,37,3.302730086473465,M.Ryan
2010,2010_14_ATL_CAR,CAR,00-0027659,29,-16.273378500811905,J.Clausen
2010,2010_14_ATL_CAR,CAR,00-0027692,1,-1.4413492348976433,A.Edwards
2010,2010_14_BAL_HOU,BAL,00-0026158,38,4.13997303659562,J.Flacco
2010,2010_14_BAL_HOU,HOU,00-0022787,64,4.321291521419215,M.Schaub
2010,2010_14_CIN_PIT,CIN,00-0021429,35,-15.788045261404477,C.Palmer
2010,2010_14_CIN_PIT,PIT,00-0022924,36,3.4869432581245547,B.Roethlisberger
2010,2010_14_CLE_BUF,BUF,00-0023682,25,-5.050643508547483,R.Fitzpatrick
2010,2010_14_CLE_BUF,CLE,00-0004161,21,-11.996224998821745,J.Delhomme
2010,2010_14_DEN_ARI,ARI,00-0025529,1,-0.4929795986972749,S.Breaston
2010,2010_14_DEN_ARI,ARI,00-0027754,37,-12.571430622685654,J.Skelton
2010,2010_14_DEN_ARI,DEN,00-0023541,42,-25.562627076049758,K.Orton
2010,2010_14_GB_DET,DET,00-0025430,24,-10.33998104871456,D.Stanton
2010,2010_14_GB_DET,GB,00-0023459,13,-8.931286562001333,A.Rodgers
2010,2010_14_GB_DET,GB,00-0026349,28,-3.933885649909353,M.Flynn
2010,2010_14_IND_TEN,IND,00-0010346,36,17.428253427534173,P.Manning
2010,2010_14_IND_TEN,TEN,00-0003292,38,14.967735291604185,K.Collins
2010,2010_14_KC_SD,KC,00-0024300,21,-14.31929085572483,B.Croyle
2010,2010_14_KC_SD,KC,00-0024812,3,0.984822373080533,T.Palko
2010,2010_14_KC_SD,LAC,00-0022942,26,11.878063493603966,P.Rivers
2010,2010_14_MIA_NYJ,MIA,00-0023437,1,-0.7173167397268116,R.Brown
2010,2010_14_MIA_NYJ,MIA,00-0026197,23,-15.103418924089056,C.Henne
2010,2010_14_MIA_NYJ,NYJ,00-0026898,49,-19.181706586864223,M.Sanchez
2010,2010_14_NE_CHI,CHI,00-0024226,28,-11.863367626676336,J.Cutler
2010,2010_14_NE_CHI,NE,00-0019596,43,17.011755064574526,T.Brady
2010,2010_14_NYG_MIN,MIN,00-0024279,34,-10.539910591824874,T.Jackson
2010,2010_14_NYG_MIN,MIN,00-0027796,5,-4.689022137201391,J.Webb
2010,2010_14_NYG_MIN,NYG,00-0022803,37,-4.024186804832425,E.Manning
2010,2010_14_OAK_JAX,JAX,00-0021231,24,1.691748832759913,D.Garrard
2010,2010_14_OAK_JAX,LV,00-0022164,3,-3.1275861646281555,K.Boller
2010,2010_14_OAK_JAX,LV,00-0023460,33,12.643150310090277,J.Campbell
2010,2010_14_PHI_DAL,DAL,00-0009311,36,-2.3271378094525623,J.Kitna
2010,2010_14_PHI_DAL,PHI,00-0020245,28,3.884284742647008,M.Vick
2010,2010_14_SEA_SF,SEA,00-0007091,43,-14.270067992676786,M.Hasselbeck
2010,2010_14_SEA_SF,SF,00-0023436,29,8.95168484436883,A.Smith
2010,2010_14_STL_NO,LA,00-0027854,35,-15.123467148065567,S.Bradford
2010,2010_14_STL_NO,NO,00-0020531,41,5.497999384741114,D.Brees
2010,2010_14_TB_WAS,TB,00-0026993,26,12.551753775045,J.Freeman
2010,2010_14_TB_WAS,WAS,00-0011022,37,8.02876636555211,D.McNabb
2010,2010_15_ARI_CAR,ARI,00-0027754,36,-10.386829369984424,J.Skelton
2010,2010_15_ARI_CAR,CAR,00-0027659,21,-0.3620794942648655,J.Clausen
2010,2010_15_ATL_SEA,ATL,00-0026143,36,10.393016242299861,M.Ryan
2010,2010_15_ATL_SEA,SEA,00-0007091,18,-15.089826615069732,M.Hasselbeck
2010,2010_15_ATL_SEA,SEA,00-0024296,18,-4.1963731461581775,C.Whitehurst
2010,2010_15_BUF_MIA,BUF,00-0023682,28,9.016545170909792,R.Fitzpatrick
2010,2010_15_BUF_MIA,MIA,00-0026197,47,3.5292292833003485,C.Henne
2010,2010_15_CHI_MIN,CHI,00-0024226,25,6.2005235718487635,J.Cutler
2010,2010_15_CHI_MIN,MIN,00-0005106,8,-2.45985637861304,B.Favre
2010,2010_15_CHI_MIN,MIN,00-0027796,29,-15.037678061053157,J.Webb
2010,2010_15_CLE_CIN,CIN,00-0021429,23,4.910083482542284,C.Palmer
2010,2010_15_CLE_CIN,CLE,00-0027688,29,9.050382208428346,C.McCoy
2010,2010_15_DEN_OAK,DEN,00-0027876,18,1.9398894935147837,T.Tebow
2010,2010_15_DEN_OAK,LV,00-0023460,26,1.8792216203388836,J.Campbell
2010,2010_15_DET_TB,DET,00-0025430,36,13.156516127659877,D.Stanton
2010,2010_15_DET_TB,DET,00-0026491,1,-0.4139237580820918,S.Logan
2010,2010_15_DET_TB,TB,00-0026300,1,-0.734159427229315,J.Johnson
2010,2010_15_DET_TB,TB,00-0026993,35,10.47782821321702,J.Freeman
2010,2010_15_GB_NE,GB,00-0026349,42,0.9504689893126645,M.Flynn
2010,2010_15_GB_NE,NE,00-0019596,27,1.4164694495072752,T.Brady
2010,2010_15_HOU_TEN,HOU,00-0022787,58,4.2955071297806136,M.Schaub
2010,2010_15_HOU_TEN,TEN,00-0003292,27,11.256248534486994,K.Collins
2010,2010_15_JAX_IND,IND,00-0010346,40,5.965226536239184,P.Manning
2010,2010_15_JAX_IND,JAX,00-0021231,38,3.4523924684814347,D.Garrard
2010,2010_15_KC_STL,KC,00-0023662,32,-2.0354296831782985,M.Cassel
2010,2010_15_KC_STL,LA,00-0027854,46,-11.319210914236006,S.Bradford
2010,2010_15_NO_BAL,BAL,00-0026158,23,4.38253184748804,J.Flacco
2010,2010_15_NO_BAL,NO,00-0020531,49,1.3224316931331193,D.Brees
2010,2010_15_NYJ_PIT,NYJ,00-0026898,30,3.5648008260398947,M.Sanchez
2010,2010_15_NYJ_PIT,PIT,00-0022924,44,1.9286683658167232,B.Roethlisberger
2010,2010_15_PHI_NYG,NYG,00-0022803,41,14.483009900433801,E.Manning
2010,2010_15_PHI_NYG,PHI,00-0020245,38,-1.9410891075469117,M.Vick
2010,2010_15_SF_SD,LAC,00-0022942,26,20.294135813011266,P.Rivers
2010,2010_15_SF_SD,SF,00-0023436,35,-12.255565202678554,A.Smith
2010,2010_15_WAS_DAL,DAL,00-0009311,39,12.1661360267156,J.Kitna
2010,2010_15_WAS_DAL,WAS,00-0022121,49,6.684552063991083,R.Grossman
2010,2010_16_BAL_CLE,BAL,00-0026158,20,2.135714224501087,J.Flacco
2010,2010_16_BAL_CLE,CLE,00-0027026,1,2.909509580116719,M.Massaquoi
2010,2010_16_BAL_CLE,CLE,00-0027688,29,-6.796296370739563,C.McCoy
2010,2010_16_CAR_PIT,CAR,00-0027659,27,-14.484211837407202,J.Clausen
2010,2010_16_CAR_PIT,PIT,00-0022924,34,8.976127257831262,B.Roethlisberger
2010,2010_16_DAL_ARI,ARI,00-0027754,25,-1.919995381922842,J.Skelton
2010,2010_16_DAL_ARI,DAL,00-0009311,24,-11.682774015225556,J.Kitna
2010,2010_16_DAL_ARI,DAL,00-0027071,18,0.8623511125479126,S.McGee
2010,2010_16_DET_MIA,DET,00-0020679,28,7.873747108710426,Sh.Hill
2010,2010_16_DET_MIA,MIA,00-0026197,46,-0.6714271663149844,C.Henne
2010,2010_16_HOU_DEN,DEN,00-0027876,30,11.070446545068675,T.Tebow
2010,2010_16_HOU_DEN,HOU,00-0022787,33,10.468524820425722,M.Schaub
2010,2010_16_IND_OAK,IND,00-0010346,30,1.7859660017130334,P.Manning
2010,2010_16_IND_OAK,LV,00-0023460,44,-8.505611172312193,J.Campbell
2010,2010_16_MIN_PHI,MIN,00-0027796,28,3.4217427427272313,J.Webb
2010,2010_16_MIN_PHI,PHI,00-0020245,48,-10.272715003265207,M.Vick
2010,2010_16_NE_BUF,BUF,00-0023682,40,-21.01655126936425,R.Fitzpatrick
2010,2010_16_NE_BUF,NE,00-0019596,28,-1.3636371038758885,T.Brady
2010,2010_16_NO_ATL,ATL,00-0026143,30,-3.5999310282059014,M.Ryan
2010,2010_16_NO_ATL,NO,00-0020531,50,-3.4245075074494764,D.Brees
2010,2010_16_NYG_GB,GB,00-0023459,39,25.36752742729209,A.Rodgers
2010,2010_16_NYG_GB,NYG,00-0022803,34,0.8086662350378919,E.Manning
2010,2010_16_NYJ_CHI,CHI,00-0024226,27,2.555133928488993,J.Cutler
2010,2010_16_NYJ_CHI,NYJ,00-0024318,1,-0.47062100330367684,B.Smith
2010,2010_16_NYJ_CHI,NYJ,00-0026898,37,9.650216873849182,M.Sanchez
2010,2010_16_SD_CIN,CIN,00-0021429,21,24.708391269901767,C.Palmer
2010,2010_16_SD_CIN,LAC,00-0022942,41,1.2020523987374392,P.Rivers
2010,2010_16_SEA_TB,SEA,00-0007091,4,1.4294695906573907,M.Hasselbeck
2010,2010_16_SEA_TB,SEA,00-0024296,22,-2.499726274181623,C.Whitehurst
2010,2010_16_SEA_TB,TB,00-0026300,2,0.2818975829286501,J.Johnson
2010,2010_16_SEA_TB,TB,00-0026993,28,15.646668574335738,J.Freeman
2010,2010_16_SF_STL,LA,00-0027854,38,0.9585545647147242,S.Bradford
2010,2010_16_SF_STL,SF,00-0023436,15,-1.6066135700320237,A.Smith
2010,2010_16_SF_STL,SF,00-0025561,21,-3.9729182161577747,T.Smith
2010,2010_16_TEN_KC,KC,00-0023662,35,17.870719613888784,M.Cassel
2010,2010_16_TEN_KC,KC,00-0024300,2,-4.6064911945723,B.Croyle
2010,2010_16_TEN_KC,TEN,00-0003292,40,-10.934071934665553,K.Collins
2010,2010_16_WAS_JAX,JAX,00-0021231,42,-5.407854323804468,D.Garrard
2010,2010_16_WAS_JAX,WAS,00-0022121,40,-8.862018228600267,R.Grossman
2010,2010_17_ARI_SF,ARI,00-0025749,30,-15.771758897433756,R.Bartel
2010,2010_17_ARI_SF,ARI,00-0027754,29,-13.204638032068033,J.Skelton
2010,2010_17_ARI_SF,SF,00-0023436,31,6.399024827140054,A.Smith
2010,2010_17_BUF_NYJ,BUF,00-0026196,26,-21.01931273774244,B.Brohm
2010,2010_17_BUF_NYJ,BUF,00-0027804,3,-1.9870630371151492,L.Brown
2010,2010_17_BUF_NYJ,NYJ,00-0002110,13,-1.8502120870980434,M.Brunell
2010,2010_17_BUF_NYJ,NYJ,00-0024264,2,0.3708089466090314,K.Clemens
2010,2010_17_BUF_NYJ,NYJ,00-0024318,1,-0.2741985447355546,B.Smith
2010,2010_17_CAR_ATL,ATL,00-0019709,6,-3.054808806977235,C.Redman
2010,2010_17_CAR_ATL,ATL,00-0026143,33,9.961753606297368,M.Ryan
2010,2010_17_CAR_ATL,CAR,00-0027659,36,-8.96424372978101,J.Clausen
2010,2010_17_CAR_ATL,CAR,00-0027681,1,-2.1532553212018684,B.LaFell
2010,2010_17_CHI_GB,CHI,00-0024226,45,-20.714817459823742,J.Cutler
2010,2010_17_CHI_GB,GB,00-0023459,30,-0.7188062125522712,A.Rodgers
2010,2010_17_CIN_BAL,BAL,00-0026158,23,-12.162696031311949,J.Flacco
2010,2010_17_CIN_BAL,CIN,00-0021429,44,8.062055326770793,C.Palmer
2010,2010_17_DAL_PHI,DAL,00-0027071,28,-8.842414569154297,S.McGee
2010,2010_17_DAL_PHI,PHI,00-0025423,41,-16.890904704807326,K.Kolb
2010,2010_17_JAX_HOU,HOU,00-0022787,22,15.554794419908788,M.Schaub
2010,2010_17_JAX_HOU,JAX,00-0025479,27,-8.88231206028645,T.Edwards
2010,2010_17_MIA_NE,MIA,00-0025604,23,1.2313408473855816,T.Thigpen
2010,2010_17_MIA_NE,MIA,00-0026197,19,-6.171972620848851,C.Henne
2010,2010_17_MIA_NE,NE,00-0019596,16,13.646749339432859,T.Brady
2010,2010_17_MIA_NE,NE,00-0026625,13,7.99892849184107,B.Hoyer
2010,2010_17_MIN_DET,DET,00-0020679,40,2.0649390495959654,Sh.Hill
2010,2010_17_MIN_DET,MIN,00-0027796,35,-4.683849771128275,J.Webb
2010,2010_17_NYG_WAS,NYG,00-0022803,29,5.768241443325203,E.Manning
2010,2010_17_NYG_WAS,WAS,00-0022121,46,-1.9559994235169142,R.Grossman
2010,2010_17_OAK_KC,KC,00-0023662,38,-22.821477033077826,M.Cassel
2010,2010_17_OAK_KC,KC,00-0024812,5,-0.08842047496000305,T.Palko
2010,2010_17_OAK_KC,LV,00-0022164,2,-1.438192442059517,K.Boller
2010,2010_17_OAK_KC,LV,00-0023460,27,5.217541750811506,J.Campbell
2010,2010_17_PIT_CLE,CLE,00-0022055,2,-1.3393618660774083,S.Wallace
2010,2010_17_PIT_CLE,CLE,00-0023176,1,-0.3864364307373762,J.Cribbs
2010,2010_17_PIT_CLE,CLE,00-0027688,45,-7.263214910937735,C.McCoy
2010,2010_17_PIT_CLE,PIT,00-0021190,1,2.5239026927156374,A.Randle El
2010,2010_17_PIT_CLE,PIT,00-0022177,9,1.3749821236496191,B.Leftwich
2010,2010_17_PIT_CLE,PIT,00-0022924,22,21.24640064696987,B.Roethlisberger
2010,2010_17_SD_DEN,DEN,00-0027876,38,-3.509242334373994,T.Tebow
2010,2010_17_SD_DEN,LAC,00-0022942,42,3.837495678283127,P.Rivers
2010,2010_17_STL_SEA,LA,00-0027854,39,-11.70964689050872,S.Bradford
2010,2010_17_STL_SEA,SEA,00-0024296,36,-0.5183807139982775,C.Whitehurst
2010,2010_17_TB_NO,NO,00-0020531,41,2.3008258940490918,D.Brees
2010,2010_17_TB_NO,NO,00-0026544,3,-0.46209596539847553,C.Daniel
2010,2010_17_TB_NO,TB,00-0023968,1,-0.5398355391807854,M.Spurlock
2010,2010_17_TB_NO,TB,00-0026993,29,12.225111362543245,J.Freeman
2010,2010_17_TEN_IND,IND,00-0010346,42,4.984389692984602,P.Manning
2010,2010_17_TEN_IND,TEN,00-0003292,40,15.560278086782464,K.Collins
2010,2010_18_BAL_KC,BAL,00-0026158,38,11.844888142731966,J.Flacco
2010,2010_18_BAL_KC,KC,00-0023662,21,-8.75401519460138,M.Cassel
2010,2010_18_GB_PHI,GB,00-0023459,29,8.912534254515776,A.Rodgers
2010,2010_18_GB_PHI,PHI,00-0020245,40,2.510564494044485,M.Vick
2010,2010_18_NO_SEA,NO,00-0020531,59,15.630535442727048,D.Brees
2010,2010_18_NO_SEA,SEA,00-0007091,36,8.482950489128529,M.Hasselbeck
2010,2010_18_NO_SEA,SEA,00-0024332,1,-1.01368444703985,L.Washington
2010,2010_18_NYJ_IND,IND,00-0010346,27,8.984180401712065,P.Manning
2010,2010_18_NYJ_IND,NYJ,00-0026898,32,-0.4259967605918398,M.Sanchez
2010,2010_19_BAL_PIT,BAL,00-0026158,35,-9.655481966472635,J.Flacco
2010,2010_19_BAL_PIT,PIT,00-0022924,38,-0.655340678304217,B.Roethlisberger
2010,2010_19_GB_ATL,ATL,00-0026143,34,-7.774397010332905,M.Ryan
2010,2010_19_GB_ATL,GB,00-0023459,38,30.598367575059893,A.Rodgers
2010,2010_19_NYJ_NE,NE,00-0019596,50,-6.419969888935507,T.Brady
2010,2010_19_NYJ_NE,NYJ,00-0026898,25,11.606607379217166,M.Sanchez
2010,2010_19_SEA_CHI,CHI,00-0024226,31,6.69183528306894,J.Cutler
2010,2010_19_SEA_CHI,CHI,00-0026184,1,-5.518858388764784,M.Forte
2010,2010_19_SEA_CHI,SEA,00-0007091,48,3.4357781267558583,M.Hasselbeck
2010,2010_20_GB_CHI,CHI,00-0003315,4,-4.115377422422171,T.Collins
2010,2010_20_GB_CHI,CHI,00-0024226,16,-5.856404753983952,J.Cutler
2010,2010_20_GB_CHI,CHI,00-0025970,20,-0.9741150049958378,C.Hanie
2010,2010_20_GB_CHI,GB,00-0023459,31,-2.869916752562858,A.Rodgers
2010,2010_20_NYJ_PIT,NYJ,00-0026898,35,4.40317266008179,M.Sanchez
2010,2010_20_NYJ_PIT,PIT,00-0022924,21,0.30998334332039557,B.Roethlisberger
2010,2010_21_PIT_GB,GB,00-0023459,42,9.734127121500851,A.Rodgers
2010,2010_21_PIT_GB,PIT,00-0022924,41,-3.4915489428096445,B.Roethlisberger
2011,2011_01_ATL_CHI,ATL,00-0026143,51,-14.834554268335085,M.Ryan
2011,2011_01_ATL_CHI,CHI,00-0024226,37,0.5381637723547605,J.Cutler
2011,2011_01_BUF_KC,BUF,00-0023682,26,13.152364779309714,R.Fitzpatrick
2011,2011_01_BUF_KC,BUF,00-0024318,1,-1.1680183284915984,B.Smith
2011,2011_01_BUF_KC,KC,00-0023662,38,-16.899262910367824,M.Cassel
2011,2011_01_CAR_ARI,ARI,00-0025423,29,11.467538413333926,K.Kolb
2011,2011_01_CAR_ARI,CAR,00-0027939,41,14.290661372593604,C.Newton
2011,2011_01_CIN_CLE,CIN,00-0024408,13,0.18243992561474442,B.Gradkowski
2011,2011_01_CIN_CLE,CIN,00-0027973,18,-0.7500678946702095,A.Dalton
2011,2011_01_CIN_CLE,CLE,00-0027688,42,-9.015549451407582,C.McCoy
2011,2011_01_DAL_NYJ,DAL,00-0021678,40,8.014235330547923,T.Romo
2011,2011_01_DAL_NYJ,NYJ,00-0026898,48,-1.3211577786495226,M.Sanchez
2011,2011_01_DET_TB,DET,00-0026498,33,13.718999510257849,M.Stafford
2011,2011_01_DET_TB,TB,00-0026300,3,-1.838643022812903,J.Johnson
2011,2011_01_DET_TB,TB,00-0026993,43,4.6891069122225275,J.Freeman
2011,2011_01_IND_HOU,HOU,00-0022787,25,3.570298451255603,M.Schaub
2011,2011_01_IND_HOU,IND,00-0003292,34,-11.087886288659684,K.Collins
2011,2011_01_MIN_SD,LAC,00-0022942,50,6.353303316982791,P.Rivers
2011,2011_01_MIN_SD,MIN,00-0011022,17,-11.828299156519297,D.McNabb
2011,2011_01_NE_MIA,MIA,00-0026197,53,7.547473270055482,C.Henne
2011,2011_01_NE_MIA,NE,00-0019596,49,24.310707790237117,T.Brady
2011,2011_01_NO_GB,GB,00-0023459,37,20.504875391663518,A.Rodgers
2011,2011_01_NO_GB,NO,00-0020531,51,18.83487986283191,D.Brees
2011,2011_01_NYG_WAS,NYG,00-0022803,36,-3.0585503657348454,E.Manning
2011,2011_01_NYG_WAS,WAS,00-0022121,38,11.006344107229479,R.Grossman
2011,2011_01_OAK_DEN,DEN,00-0023541,50,-1.975472001114503,K.Orton
2011,2011_01_OAK_DEN,LV,00-0023460,23,-2.75087775434942,J.Campbell
2011,2011_01_PHI_STL,LA,00-0020305,6,-5.432211099716369,A.Feeley
2011,2011_01_PHI_STL,LA,00-0027854,34,-4.326603920078872,S.Bradford
2011,2011_01_PHI_STL,PHI,00-0020245,34,-0.4593076292942846,M.Vick
2011,2011_01_PIT_BAL,BAL,00-0026158,30,10.375752931130268,J.Flacco
2011,2011_01_PIT_BAL,PIT,00-0022924,45,-12.305066513887141,B.Roethlisberger
2011,2011_01_SEA_SF,SEA,00-0024279,42,-6.632650702435058,T.Jackson
2011,2011_01_SEA_SF,SF,00-0023436,20,-0.32862824947359703,A.Smith
2011,2011_01_TEN_JAX,JAX,00-0022864,26,3.6399134760573633,L.McCown
2011,2011_01_TEN_JAX,TEN,00-0007091,35,4.63917645664726,M.Hasselbeck
2011,2011_02_ARI_WAS,ARI,00-0025423,33,3.2752595230122097,K.Kolb
2011,2011_02_ARI_WAS,WAS,00-0022121,45,0.3028749189578135,R.Grossman
2011,2011_02_BAL_TEN,BAL,00-0026158,35,-4.091250322601901,J.Flacco
2011,2011_02_BAL_TEN,TEN,00-0007091,42,13.61892310934806,M.Hasselbeck
2011,2011_02_CHI_NO,CHI,00-0024226,51,-14.562921227413868,J.Cutler
2011,2011_02_CHI_NO,NO,00-0020531,38,9.320479879857217,D.Brees
2011,2011_02_CIN_DEN,CIN,00-0027973,44,5.1757477294566705,A.Dalton
2011,2011_02_CIN_DEN,DEN,00-0023541,27,5.165354695885382,K.Orton
2011,2011_02_CLE_IND,CLE,00-0027688,33,5.843089643103163,C.McCoy
2011,2011_02_CLE_IND,IND,00-0003292,38,-7.348689012870775,K.Collins
2011,2011_02_DAL_SF,DAL,00-0009311,10,-0.0806328957551159,J.Kitna
2011,2011_02_DAL_SF,DAL,00-0021678,34,16.84857020001287,T.Romo
2011,2011_02_DAL_SF,SF,00-0023436,30,-2.4911804834846407,A.Smith
2011,2011_02_GB_CAR,CAR,00-0027939,50,5.627340356158015,C.Newton
2011,2011_02_GB_CAR,GB,00-0023459,31,13.462536022877213,A.Rodgers
2011,2011_02_HOU_MIA,HOU,00-0022787,32,5.461980807255687,M.Schaub
2011,2011_02_HOU_MIA,MIA,00-0026197,32,-5.333823481577415,C.Henne
2011,2011_02_JAX_NYJ,JAX,00-0022864,20,-26.991183816864574,L.McCown
2011,2011_02_JAX_NYJ,JAX,00-0027948,7,2.3616441590711474,B.Gabbert
2011,2011_02_JAX_NYJ,NYJ,00-0026898,25,4.007070085772367,M.Sanchez
2011,2011_02_KC_DET,DET,00-0020679,1,2.997541358578019,Sh.Hill
2011,2011_02_KC_DET,DET,00-0026498,39,14.910629391020624,M.Stafford
2011,2011_02_KC_DET,KC,00-0023662,24,-15.72464593161742,M.Cassel
2011,2011_02_KC_DET,KC,00-0024812,1,-0.591286729555577,T.Palko
2011,2011_02_OAK_BUF,BUF,00-0023682,45,11.38926839722015,R.Fitzpatrick
2011,2011_02_OAK_BUF,BUF,00-0024318,1,-1.1291710305958986,B.Smith
2011,2011_02_OAK_BUF,LV,00-0023460,33,21.00103935287916,J.Campbell
2011,2011_02_PHI_ATL,ATL,00-0026143,32,4.12949813134037,M.Ryan
2011,2011_02_PHI_ATL,PHI,00-0020245,28,7.331643973296718,M.Vick
2011,2011_02_PHI_ATL,PHI,00-0027722,9,-0.7376398007618263,M.Kafka
2011,2011_02_SD_NE,LAC,00-0022942,42,15.89521132351365,P.Rivers
2011,2011_02_SD_NE,NE,00-0019596,42,23.837195031784645,T.Brady
2011,2011_02_SEA_PIT,PIT,00-0022924,32,13.277882452924727,B.Roethlisberger
2011,2011_02_SEA_PIT,PIT,00-0027685,1,0.9598225430236198,E.Sanders
2011,2011_02_SEA_PIT,SEA,00-0024279,34,-8.010455097595695,T.Jackson
2011,2011_02_STL_NYG,LA,00-0027854,48,8.439410154449199,S.Bradford
2011,2011_02_STL_NYG,NYG,00-0022803,33,2.8554355220403522,E.Manning
2011,2011_02_TB_MIN,MIN,00-0011022,32,1.8609853166573678,D.McNabb
2011,2011_02_TB_MIN,TB,00-0026993,33,2.41726278375461,J.Freeman
2011,2011_03_ARI_SEA,ARI,00-0025423,41,-1.899336633088126,K.Kolb
2011,2011_03_ARI_SEA,SEA,00-0024279,35,-1.9987462574110104,T.Jackson
2011,2011_03_ATL_TB,ATL,00-0026143,50,-5.164275171683926,M.Ryan
2011,2011_03_ATL_TB,TB,00-0026993,32,-5.942148224247928,J.Freeman
2011,2011_03_BAL_STL,BAL,00-0026158,50,10.671302347862927,J.Flacco
2011,2011_03_BAL_STL,LA,00-0027854,37,-18.896446320053656,S.Bradford
2011,2011_03_DEN_TEN,DEN,00-0023541,40,2.378343739779666,K.Orton
2011,2011_03_DEN_TEN,TEN,00-0007091,38,14.798877052671742,M.Hasselbeck
2011,2011_03_DET_MIN,DET,00-0026498,51,10.936800233756603,M.Stafford
2011,2011_03_DET_MIN,MIN,00-0011022,40,-5.906159871957011,D.McNabb
2011,2011_03_GB_CHI,CHI,00-0024226,40,-2.0363271877028426,J.Cutler
2011,2011_03_GB_CHI,GB,00-0023459,40,12.047038395071255,A.Rodgers
2011,2011_03_HOU_NO,HOU,00-0022787,41,13.318578999319694,M.Schaub
2011,2011_03_HOU_NO,NO,00-0020531,48,12.113597483989507,D.Brees
2011,2011_03_JAX_CAR,CAR,00-0027939,35,1.189815694917459,C.Newton
2011,2011_03_JAX_CAR,JAX,00-0027948,23,0.4845954004853015,B.Gabbert
2011,2011_03_KC_SD,KC,00-0023662,25,10.029050123528577,M.Cassel
2011,2011_03_KC_SD,LAC,00-0022942,40,-0.02527571672657558,P.Rivers
2011,2011_03_MIA_CLE,CLE,00-0027688,39,1.3307650435425074,C.McCoy
2011,2011_03_MIA_CLE,MIA,00-0026197,34,5.154329824014658,C.Henne
2011,2011_03_NE_BUF,BUF,00-0023682,40,9.36638996310747,R.Fitzpatrick
2011,2011_03_NE_BUF,NE,00-0019596,45,11.58988127599635,T.Brady
2011,2011_03_NYG_PHI,NYG,00-0022803,26,10.404037856846116,E.Manning
2011,2011_03_NYG_PHI,PHI,00-0020245,24,0.31229181653420657,M.Vick
2011,2011_03_NYG_PHI,PHI,00-0027722,8,-3.5022152261808515,M.Kafka
2011,2011_03_NYJ_OAK,LV,00-0023460,27,-1.2882490329157754,J.Campbell
2011,2011_03_NYJ_OAK,NYJ,00-0026898,48,4.986473257320309,M.Sanchez
2011,2011_03_PIT_IND,IND,00-0003292,29,-6.028395387667185,K.Collins
2011,2011_03_PIT_IND,IND,00-0027134,12,-7.853567611804465,C.Painter
2011,2011_03_PIT_IND,PIT,00-0022924,40,0.010738925930558363,B.Roethlisberger
2011,2011_03_SF_CIN,CIN,00-0027973,33,-14.643071079581802,A.Dalton
2011,2011_03_SF_CIN,SF,00-0023436,35,0.6754801688947194,Ale.Smith
2011,2011_03_WAS_DAL,DAL,00-0021678,37,1.371579644504541,T.Romo
2011,2011_03_WAS_DAL,WAS,00-0022121,39,-3.34308377162757,R.Grossman
2011,2011_04_ATL_SEA,ATL,00-0026143,42,14.759791605767457,M.Ryan
2011,2011_04_ATL_SEA,SEA,00-0024279,37,10.878594647773815,T.Jackson
2011,2011_04_BUF_CIN,BUF,00-0023682,35,-0.7912992862906139,R.Fitzpatrick
2011,2011_04_BUF_CIN,CIN,00-0027973,38,-6.969269416514942,A.Dalton
2011,2011_04_CAR_CHI,CAR,00-0027939,46,8.057470954977033,C.Newton
2011,2011_04_CAR_CHI,CHI,00-0024226,18,-7.189103519849946,J.Cutler
2011,2011_04_DEN_GB,DEN,00-0023541,33,4.966575720384002,K.Orton
2011,2011_04_DEN_GB,GB,00-0023459,40,25.41200867720181,A.Rodgers
2011,2011_04_DEN_GB,GB,00-0026349,1,-3.2349017534870654,M.Flynn
2011,2011_04_DET_DAL,DAL,00-0021678,47,-8.807467895262185,T.Romo
2011,2011_04_DET_DAL,DET,00-0026498,43,-1.5176592808849665,M.Stafford
2011,2011_04_IND_TB,IND,00-0027134,34,2.6563052650854506,C.Painter
2011,2011_04_IND_TB,TB,00-0026993,40,10.141251074301929,J.Freeman
2011,2011_04_MIA_SD,LAC,00-0022942,33,11.714163360818702,P.Rivers
2011,2011_04_MIA_SD,MIA,00-0025708,29,-3.46729267574256,M.Moore
2011,2011_04_MIA_SD,MIA,00-0026197,4,-1.7051151257473975,C.Henne
2011,2011_04_MIN_KC,KC,00-0023662,32,8.88529820992971,M.Cassel
2011,2011_04_MIN_KC,MIN,00-0011022,32,2.3902349648337635,D.McNabb
2011,2011_04_NE_OAK,LV,00-0023460,40,3.546532950213016,J.Campbell
2011,2011_04_NE_OAK,NE,00-0019596,31,12.482814419136261,T.Brady
2011,2011_04_NO_JAX,JAX,00-0027948,45,-15.693976732755294,B.Gabbert
2011,2011_04_NO_JAX,NO,00-0020531,47,1.8948211835271846,D.Brees
2011,2011_04_NYG_ARI,ARI,00-0025423,38,-1.9930029824052777,K.Kolb
2011,2011_04_NYG_ARI,NYG,00-0022803,41,10.555584631870715,E.Manning
2011,2011_04_NYJ_BAL,BAL,00-0026158,33,-11.548467650597239,J.Flacco
2011,2011_04_NYJ_BAL,NYJ,00-0026898,37,-37.13715757837746,M.Sanchez
2011,2011_04_PIT_HOU,HOU,00-0022787,21,4.9874422196796,M.Schaub
2011,2011_04_PIT_HOU,PIT,00-0022924,34,-4.960023936523056,B.Roethlisberger
2011,2011_04_SF_PHI,PHI,00-0020245,48,14.830800508011706,M.Vick
2011,2011_04_SF_PHI,SF,00-0023436,36,8.909306378044105,Alex Smith
2011,2011_04_TEN_CLE,CLE,00-0023176,1,-2.3516099190004693,J.Cribbs
2011,2011_04_TEN_CLE,CLE,00-0027688,63,-10.174715596139915,C.McCoy
2011,2011_04_TEN_CLE,TEN,00-0007091,20,9.444415617997807,M.Hasselbeck
2011,2011_04_TEN_CLE,TEN,00-0027946,1,-0.6312764283502474,J.Locker
2011,2011_04_WAS_STL,LA,00-0027854,50,-14.436513651753298,S.Bradford
2011,2011_04_WAS_STL,WAS,00-0022121,29,-8.368584184186247,R.Grossman
2011,2011_05_ARI_MIN,ARI,00-0025423,46,-14.792597727882622,K.Kolb
2011,2011_05_ARI_MIN,ARI,00-0025749,6,-4.940124060143717,R.Bartel
2011,2011_05_ARI_MIN,MIN,00-0011022,22,-1.0528724468657127,D.McNabb
2011,2011_05_CHI_DET,CHI,00-0024226,41,3.5883880598205593,J.Cutler
2011,2011_05_CHI_DET,DET,00-0026498,27,4.852396890404634,M.Stafford
2011,2011_05_CIN_JAX,CIN,00-0027973,35,2.328545122296832,A.Dalton
2011,2011_05_CIN_JAX,JAX,00-0027948,31,0.2915275251549234,B.Gabbert
2011,2011_05_GB_ATL,ATL,00-0026143,33,-2.0832567418110557,M.Ryan
2011,2011_05_GB_ATL,GB,00-0023459,44,19.268508027616072,A.Rodgers
2011,2011_05_KC_IND,IND,00-0027134,27,11.374041837730916,C.Painter
2011,2011_05_KC_IND,KC,00-0023662,31,12.778039473458193,M.Cassel
2011,2011_05_NO_CAR,CAR,00-0027939,32,1.711619694775436,C.Newton
2011,2011_05_NO_CAR,NO,00-0020531,46,20.14469630287008,D.Brees
2011,2011_05_NYJ_NE,NE,00-0019596,37,6.153396055601053,T.Brady
2011,2011_05_NYJ_NE,NYJ,00-0026898,27,2.9606926017440856,M.Sanchez
2011,2011_05_OAK_HOU,HOU,00-0022787,53,1.7143380543715168,M.Schaub
2011,2011_05_OAK_HOU,LV,00-0023460,39,-5.386226415506977,J.Campbell
2011,2011_05_PHI_BUF,BUF,00-0023682,28,5.0925698800128885,R.Fitzpatrick
2011,2011_05_PHI_BUF,PHI,00-0020245,39,-1.2465689781574585,M.Vick
2011,2011_05_SD_DEN,DEN,00-0023541,13,-8.020239318006897,K.Orton
2011,2011_05_SD_DEN,DEN,00-0027876,10,-2.734769799149828,T.Tebow
2011,2011_05_SD_DEN,LAC,00-0022942,33,-4.555178116070696,P.Rivers
2011,2011_05_SEA_NYG,NYG,00-0022803,42,-2.8112070154041273,E.Manning
2011,2011_05_SEA_NYG,SEA,00-0024279,26,-0.24678709241561592,T.Jackson
2011,2011_05_SEA_NYG,SEA,00-0024296,21,2.0420812258299743,C.Whitehurst
2011,2011_05_TB_SF,SF,00-0023436,19,11.71789512315768,Alex Smith
2011,2011_05_TB_SF,SF,00-0027974,3,4.2083747918659355,C.Kaepernick
2011,2011_05_TB_SF,TB,00-0026300,3,-0.503540781326592,J.Johnson
2011,2011_05_TB_SF,TB,00-0026993,35,-9.974679625713296,J.Freeman
2011,2011_05_TEN_PIT,PIT,00-0022924,35,12.330556382196002,B.Roethlisberger
2011,2011_05_TEN_PIT,PIT,00-0025499,1,4.4192065426614136,D.Sepulveda
2011,2011_05_TEN_PIT,TEN,00-0007091,52,-5.470921392642217,M.Hasselbeck
2011,2011_06_BUF_NYG,BUF,00-0023682,33,2.053836302831769,R.Fitzpatrick
2011,2011_06_BUF_NYG,NYG,00-0022803,32,13.988875688136396,E.Manning
2011,2011_06_CAR_ATL,ATL,00-0026143,23,9.07187333262012,M.Ryan
2011,2011_06_CAR_ATL,CAR,00-0027939,35,-1.3369925688602962,C.Newton
2011,2011_06_CLE_OAK,CLE,00-0027688,47,3.315797850850033,C.McCoy
2011,2011_06_CLE_OAK,LV,00-0019714,1,5.7431635041721165,S.Lechler
2011,2011_06_CLE_OAK,LV,00-0022164,16,0.473852880531922,K.Boller
2011,2011_06_CLE_OAK,LV,00-0023460,9,3.206117342808284,J.Campbell
2011,2011_06_DAL_NE,DAL,00-0021678,43,5.451743477216855,T.Romo
2011,2011_06_DAL_NE,NE,00-0019596,44,3.4454495715542075,T.Brady
2011,2011_06_HOU_BAL,BAL,00-0026158,35,6.148213831213727,J.Flacco
2011,2011_06_HOU_BAL,HOU,00-0022787,41,-1.51901329040993,M.Schaub
2011,2011_06_IND_CIN,CIN,00-0027973,32,11.129445288833834,A.Dalton
2011,2011_06_IND_CIN,IND,00-0027134,35,-0.5506552541472685,C.Painter
2011,2011_06_JAX_PIT,JAX,00-0027948,30,-9.12165443060333,B.Gabbert
2011,2011_06_JAX_PIT,PIT,00-0022924,26,4.032238028577071,B.Roethlisberger
2011,2011_06_MIA_NYJ,MIA,00-0025708,38,-15.368598697304583,M.Moore
2011,2011_06_MIA_NYJ,NYJ,00-0020536,1,-1.7135287667624652,L.Tomlinson
2011,2011_06_MIA_NYJ,NYJ,00-0026898,26,2.212780270105645,M.Sanchez
2011,2011_06_MIN_CHI,CHI,00-0024226,32,8.032526701362656,J.Cutler
2011,2011_06_MIN_CHI,MIN,00-0011022,29,-2.919060287640744,D.McNabb
2011,2011_06_MIN_CHI,MIN,00-0027796,1,-0.7904845452867448,J.Webb
2011,2011_06_MIN_CHI,MIN,00-0027950,17,-2.261618023738265,C.Ponder
2011,2011_06_NO_TB,NO,00-0020531,45,4.31152562797571,D.Brees
2011,2011_06_NO_TB,TB,00-0026993,41,7.900988378251045,J.Freeman
2011,2011_06_PHI_WAS,PHI,00-0020245,33,4.3782984502255164,M.Vick
2011,2011_06_PHI_WAS,PHI,00-0024218,1,-2.707930263131857,V.Young
2011,2011_06_PHI_WAS,WAS,00-0022121,23,-12.243326177853376,R.Grossman
2011,2011_06_PHI_WAS,WAS,00-0025427,16,5.439691731531639,J.Beck
2011,2011_06_SF_DET,DET,00-0026498,56,-14.025522213059983,M.Stafford
2011,2011_06_SF_DET,SF,00-0023436,34,-16.70914130298619,Alex Smith
2011,2011_06_STL_GB,GB,00-0023459,30,13.659837463047799,A.Rodgers
2011,2011_06_STL_GB,LA,00-0027854,48,-9.647994044554732,S.Bradford
2011,2011_07_ATL_DET,ATL,00-0019709,1,-0.6880090646445751,C.Redman
2011,2011_07_ATL_DET,ATL,00-0026143,37,-3.045926999458181,M.Ryan
2011,2011_07_ATL_DET,DET,00-0026498,35,-7.303654273157834,M.Stafford
2011,2011_07_BAL_JAX,BAL,00-0026158,41,-11.493134162543663,J.Flacco
2011,2011_07_BAL_JAX,JAX,00-0027948,24,-12.819535907057517,B.Gabbert
2011,2011_07_CHI_TB,CHI,00-0024226,34,-2.9378247178891765,J.Cutler
2011,2011_07_CHI_TB,TB,00-0023968,1,-0.46706426865421236,M.Spurlock
2011,2011_07_CHI_TB,TB,00-0026993,53,-10.897739531862898,J.Freeman
2011,2011_07_DEN_MIA,DEN,00-0027876,33,-1.7399080304624719,T.Tebow
2011,2011_07_DEN_MIA,MIA,00-0025708,38,-7.8154199158137985,M.Moore
2011,2011_07_GB_MIN,GB,00-0023459,33,15.833471149018264,A.Rodgers
2011,2011_07_GB_MIN,MIN,00-0027950,34,-1.4082687875426156,C.Ponder
2011,2011_07_HOU_TEN,HOU,00-0022787,23,23.995971255823868,M.Schaub
2011,2011_07_HOU_TEN,TEN,00-0007091,31,-15.119021369726397,M.Hasselbeck
2011,2011_07_HOU_TEN,TEN,00-0027946,2,-1.350367511389777,J.Locker
2011,2011_07_IND_NO,IND,00-0023578,5,2.542975364718586,D.Orlovsky
2011,2011_07_IND_NO,IND,00-0027134,18,-13.47679085721029,C.Painter
2011,2011_07_IND_NO,NO,00-0020531,37,21.107276659575305,D.Brees
2011,2011_07_KC_OAK,KC,00-0023662,30,0.4159414679452311,M.Cassel
2011,2011_07_KC_OAK,LV,00-0021429,21,-15.253248272347264,C.Palmer
2011,2011_07_KC_OAK,LV,00-0022164,15,-14.176989903993672,K.Boller
2011,2011_07_PIT_ARI,ARI,00-0025423,37,1.8941321937746833,K.Kolb
2011,2011_07_PIT_ARI,PIT,00-0022924,40,20.16866559324709,B.Roethlisberger
2011,2011_07_SD_NYJ,LAC,00-0022942,33,-6.482920397422276,P.Rivers
2011,2011_07_SD_NYJ,NYJ,00-0026898,34,2.5836369697916974,M.Sanchez
2011,2011_07_SEA_CLE,CLE,00-0027688,39,-2.9211539310479893,C.McCoy
2011,2011_07_SEA_CLE,SEA,00-0024296,34,-20.747455234037723,C.Whitehurst
2011,2011_07_STL_DAL,DAL,00-0021678,26,5.187521376131758,T.Romo
2011,2011_07_STL_DAL,LA,00-0020305,34,-6.606451968953479,A.Feeley
2011,2011_07_WAS_CAR,CAR,00-0027939,27,13.32803164903639,C.Newton
2011,2011_07_WAS_CAR,WAS,00-0025427,40,-2.765697075319979,J.Beck
2011,2011_08_ARI_BAL,ARI,00-0025423,27,-7.817004851018407,K.Kolb
2011,2011_08_ARI_BAL,BAL,00-0026158,54,-5.718839190391885,J.Flacco
2011,2011_08_CIN_SEA,CIN,00-0027973,30,3.007902189630079,A.Dalton
2011,2011_08_CIN_SEA,SEA,00-0024279,43,-0.5852010106706729,T.Jackson
2011,2011_08_CIN_SEA,SEA,00-0024296,9,-3.684673920016078,C.Whitehurst
2011,2011_08_CLE_SF,CLE,00-0027688,38,-5.845357937833349,C.McCoy
2011,2011_08_CLE_SF,SF,00-0023436,25,5.0854938333213795,Alex Smith
2011,2011_08_DAL_PHI,DAL,00-0021678,39,-6.962797076441348,T.Romo
2011,2011_08_DAL_PHI,PHI,00-0020245,32,15.792494399354059,M.Vick
2011,2011_08_DET_DEN,DEN,00-0027876,46,-31.48442098603796,T.Tebow
2011,2011_08_DET_DEN,DET,00-0020679,2,-1.5170927792787552,Sh.Hill
2011,2011_08_DET_DEN,DET,00-0026498,32,11.037999020974645,M.Stafford
2011,2011_08_IND_TEN,IND,00-0027134,51,-14.321380583835257,C.Painter
2011,2011_08_IND_TEN,TEN,00-0007091,34,7.078164184395039,M.Hasselbeck
2011,2011_08_JAX_HOU,HOU,00-0022787,31,1.9035794578958303,M.Schaub
2011,2011_08_JAX_HOU,JAX,00-0022864,2,-2.0214624539949,L.McCown
2011,2011_08_JAX_HOU,JAX,00-0027948,31,-14.248689375584945,B.Gabbert
2011,2011_08_MIA_NYG,MIA,00-0025708,27,-5.063702349884336,M.Moore
2011,2011_08_MIA_NYG,NYG,00-0022803,46,15.02004169258048,E.Manning
2011,2011_08_MIN_CAR,CAR,00-0027939,38,4.6619752717894105,C.Newton
2011,2011_08_MIN_CAR,MIN,00-0027950,32,12.581385804614001,C.Ponder
2011,2011_08_NE_PIT,NE,00-0019596,38,1.1006315305401477,T.Brady
2011,2011_08_NE_PIT,PIT,00-0022924,55,13.103236731402264,B.Roethlisberger
2011,2011_08_NO_STL,LA,00-0020305,41,-6.69212923670426,A.Feeley
2011,2011_08_NO_STL,NO,00-0020531,50,-4.379745846556306,D.Brees
2011,2011_08_SD_KC,KC,00-0023662,34,2.670893331648894,M.Cassel
2011,2011_08_SD_KC,LAC,00-0022942,45,7.838888184715657,P.Rivers
2011,2011_08_WAS_BUF,BUF,00-0023682,29,7.266049616655621,R.Fitzpatrick
2011,2011_08_WAS_BUF,WAS,00-0025427,43,-21.176550788013145,J.Beck
2011,2011_09_ATL_IND,ATL,00-0026143,25,9.689721355463412,M.Ryan
2011,2011_09_ATL_IND,IND,00-0023578,6,-2.914866853156127,D.Orlovsky
2011,2011_09_ATL_IND,IND,00-0027134,29,-9.578564274706878,C.Painter
2011,2011_09_BAL_PIT,BAL,00-0026158,50,17.285266637085794,J.Flacco
2011,2011_09_BAL_PIT,PIT,00-0022924,38,8.125508921061517,B.Roethlisberger
2011,2011_09_CHI_PHI,CHI,00-0024226,32,12.694622765345168,J.Cutler
2011,2011_09_CHI_PHI,PHI,00-0020245,39,-3.966830646314513,M.Vick
2011,2011_09_CHI_PHI,PHI,00-0028427,1,-1.9100089890416712,C.Henry
2011,2011_09_CIN_TEN,CIN,00-0027973,40,8.303563694644254,A.Dalton
2011,2011_09_CIN_TEN,TEN,00-0007091,43,5.069299105750649,M.Hasselbeck
2011,2011_09_CLE_HOU,CLE,00-0027688,27,-3.4179574361964162,C.McCoy
2011,2011_09_CLE_HOU,HOU,00-0022787,23,-5.371464387278125,M.Schaub
2011,2011_09_DEN_OAK,DEN,00-0026516,1,-2.458291975723114,B.Colquitt
2011,2011_09_DEN_OAK,DEN,00-0027876,22,4.020463768567424,T.Tebow
2011,2011_09_DEN_OAK,LV,00-0021429,37,9.853159545654728,C.Palmer
2011,2011_09_GB_SD,GB,00-0023459,30,13.788484510287143,A.Rodgers
2011,2011_09_GB_SD,LAC,00-0022942,48,-2.1264922791550473,P.Rivers
2011,2011_09_MIA_KC,KC,00-0023662,44,-7.931054011658831,M.Cassel
2011,2011_09_MIA_KC,MIA,00-0025708,23,16.028719343296892,M.Moore
2011,2011_09_NYG_NE,NE,00-0019596,51,-0.37712761986087084,T.Brady
2011,2011_09_NYG_NE,NYG,00-0022803,39,-0.00868905968628475,E.Manning
2011,2011_09_NYJ_BUF,BUF,00-0023682,31,-1.6350021490550812,R.Fitzpatrick
2011,2011_09_NYJ_BUF,NYJ,00-0026898,29,9.56542352916568,M.Sanchez
2011,2011_09_SEA_DAL,DAL,00-0021678,31,12.570516808858741,T.Romo
2011,2011_09_SEA_DAL,SEA,00-0024279,31,-4.117116257423955,T.Jackson
2011,2011_09_SF_WAS,SF,00-0023436,26,5.923627136581478,Alex Smith
2011,2011_09_SF_WAS,WAS,00-0025427,50,-3.052316834830192,J.Beck
2011,2011_09_STL_ARI,ARI,00-0027754,38,-2.730318812200143,J.Skelton
2011,2011_09_STL_ARI,LA,00-0027854,40,-3.282407335814991,S.Bradford
2011,2011_09_TB_NO,NO,00-0020531,35,8.227618615143001,D.Brees
2011,2011_09_TB_NO,TB,00-0026993,38,6.473319232930098,J.Freeman
2011,2011_10_ARI_PHI,ARI,00-0027754,44,2.641904344431813,J.Skelton
2011,2011_10_ARI_PHI,PHI,00-0020245,36,-17.784063645784045,M.Vick
2011,2011_10_BAL_SEA,BAL,00-0026158,53,-4.870445794958377,J.Flacco
2011,2011_10_BAL_SEA,BAL,00-0026195,1,1.0937826750450768,R.Rice
2011,2011_10_BAL_SEA,SEA,00-0024279,28,5.357508800884938,T.Jackson
2011,2011_10_BUF_DAL,BUF,00-0023682,32,-20.37397067345924,R.Fitzpatrick
2011,2011_10_BUF_DAL,DAL,00-0021678,26,19.38650399670432,T.Romo
2011,2011_10_DEN_KC,DEN,00-0027876,8,2.507002949307207,T.Tebow
2011,2011_10_DEN_KC,KC,00-0023662,32,-14.977294308017008,M.Cassel
2011,2011_10_DEN_KC,KC,00-0024812,5,1.5513191842474043,T.Palko
2011,2011_10_DET_CHI,CHI,00-0024226,21,-3.052277045956425,J.Cutler
2011,2011_10_DET_CHI,CHI,00-0026184,1,-0.45728855300694704,M.Forte
2011,2011_10_DET_CHI,DET,00-0026498,69,-18.630562957121327,M.Stafford
2011,2011_10_HOU_TB,HOU,00-0022787,16,15.55789104414491,M.Schaub
2011,2011_10_HOU_TB,TB,00-0026300,2,-1.256001202389598,J.Johnson
2011,2011_10_HOU_TB,TB,00-0026993,37,-21.51946438207221,J.Freeman
2011,2011_10_JAX_IND,IND,00-0023578,12,-5.227518652216531,D.Orlovsky
2011,2011_10_JAX_IND,IND,00-0027134,22,-9.532733718120433,C.Painter
2011,2011_10_JAX_IND,JAX,00-0027948,23,-1.172682711112674,B.Gabbert
2011,2011_10_MIN_GB,GB,00-0023459,33,18.04188458164227,A.Rodgers
2011,2011_10_MIN_GB,GB,00-0026349,2,3.1403063270263374,M.Flynn
2011,2011_10_MIN_GB,MIN,00-0027950,37,-8.669951119751204,C.Ponder
2011,2011_10_NE_NYJ,NE,00-0019596,39,19.3698547093309,T.Brady
2011,2011_10_NE_NYJ,NYJ,00-0026898,44,-15.371441680124612,M.Sanchez
2011,2011_10_NO_ATL,ATL,00-0026143,51,2.0737647999096285,M.Ryan
2011,2011_10_NO_ATL,NO,00-0020531,43,12.072614262656538,D.Brees
2011,2011_10_NYG_SF,NYG,00-0022803,41,13.551517108327644,E.Manning
2011,2011_10_NYG_SF,SF,00-0023436,33,3.3589759288702488,Alex Smith
2011,2011_10_OAK_SD,LAC,00-0022942,52,-4.410282474048987,P.Rivers
2011,2011_10_OAK_SD,LV,00-0019714,1,-3.396439320873469,S.Lechler
2011,2011_10_OAK_SD,LV,00-0021429,21,14.083045961451717,C.Palmer
2011,2011_10_PIT_CIN,CIN,00-0027973,30,-4.317731759089123,A.Dalton
2011,2011_10_PIT_CIN,PIT,00-0022924,38,7.742788561990893,B.Roethlisberger
2011,2011_10_STL_CLE,CLE,00-0027688,29,3.8584662464434927,C.McCoy
2011,2011_10_STL_CLE,LA,00-0027854,26,-1.5936613524502365,S.Bradford
2011,2011_10_TEN_CAR,CAR,00-0027939,45,-10.62706740522422,C.Newton
2011,2011_10_TEN_CAR,TEN,00-0007091,28,3.4336850664591667,M.Hasselbeck
2011,2011_10_WAS_MIA,MIA,00-0025708,31,0.07738714877967379,M.Moore
2011,2011_10_WAS_MIA,WAS,00-0022121,35,-7.103877185680238,R.Grossman
2011,2011_11_ARI_SF,ARI,00-0025749,17,-4.359881909156684,R.Bartel
2011,2011_11_ARI_SF,ARI,00-0027754,20,-18.070343243249226,J.Skelton
2011,2011_11_ARI_SF,SF,00-0023436,38,5.002373217533139,Alex Smith
2011,2011_11_BUF_MIA,BUF,00-0023682,39,-12.632803060295316,R.Fitzpatrick
2011,2011_11_BUF_MIA,BUF,00-0025604,5,-2.9857424946967512,T.Thigpen
2011,2011_11_BUF_MIA,MIA,00-0025708,21,6.703182636556448,M.Moore
2011,2011_11_CAR_DET,CAR,00-0027939,39,-4.591942215892489,C.Newton
2011,2011_11_CAR_DET,DET,00-0026498,38,17.556109643250238,M.Stafford
2011,2011_11_CIN_BAL,BAL,00-0026158,28,6.4844620902230385,J.Flacco
2011,2011_11_CIN_BAL,CIN,00-0026941,1,-0.7151050474494696,B.Scott
2011,2011_11_CIN_BAL,CIN,00-0027973,47,-2.5094778520194314,A.Dalton
2011,2011_11_DAL_WAS,DAL,00-0021678,41,12.441131917328946,T.Romo
2011,2011_11_DAL_WAS,WAS,00-0022121,41,8.327547023663593,R.Grossman
2011,2011_11_JAX_CLE,CLE,00-0027688,26,1.920461032539606,C.McCoy
2011,2011_11_JAX_CLE,JAX,00-0027948,42,-1.007267642069377,B.Gabbert
2011,2011_11_KC_NE,KC,00-0024812,40,-12.148146443731052,T.Palko
2011,2011_11_KC_NE,NE,00-0019596,30,3.871320598035393,T.Brady
2011,2011_11_NYJ_DEN,DEN,00-0027690,1,-0.6106363335857168,E.Decker
2011,2011_11_NYJ_DEN,DEN,00-0027876,21,-5.357911582046654,T.Tebow
2011,2011_11_NYJ_DEN,NYJ,00-0026898,42,-4.704666814210604,M.Sanchez
2011,2011_11_OAK_MIN,LV,00-0021429,27,5.175259372136739,C.Palmer
2011,2011_11_OAK_MIN,MIN,00-0027950,38,-14.58642066133325,C.Ponder
2011,2011_11_PHI_NYG,NYG,00-0022803,38,-7.169199186967726,E.Manning
2011,2011_11_PHI_NYG,PHI,00-0024218,37,6.180881250625758,V.Young
2011,2011_11_SD_CHI,CHI,00-0024226,31,9.46863371956858,J.Cutler
2011,2011_11_SD_CHI,CHI,00-0025488,1,-1.4504092251881957,A.Podlesh
2011,2011_11_SD_CHI,LAC,00-0022942,31,12.831284029049577,P.Rivers
2011,2011_11_SEA_STL,LA,00-0027854,45,-21.440362130175345,S.Bradford
2011,2011_11_SEA_STL,SEA,00-0024279,28,-9.027215669397265,T.Jackson
2011,2011_11_SEA_STL,SEA,00-0025431,1,4.039452996104956,S.Rice
2011,2011_11_TB_GB,GB,00-0023459,36,9.802931564141854,A.Rodgers
2011,2011_11_TB_GB,TB,00-0026993,40,9.272636396299582,J.Freeman
2011,2011_11_TEN_ATL,ATL,00-0026143,32,18.378030608091386,M.Ryan
2011,2011_11_TEN_ATL,TEN,00-0007091,25,-4.664845417484255,M.Hasselbeck
2011,2011_11_TEN_ATL,TEN,00-0027946,20,9.031020011752844,J.Locker
2011,2011_12_ARI_STL,ARI,00-0027754,26,-16.191101933829106,J.Skelton
2011,2011_12_ARI_STL,LA,00-0022097,1,-0.39640825567767024,B.Lloyd
2011,2011_12_ARI_STL,LA,00-0027854,33,-7.547477027927793,S.Bradford
2011,2011_12_BUF_NYJ,BUF,00-0023682,42,10.782260145418043,R.Fitzpatrick
2011,2011_12_BUF_NYJ,NYJ,00-0026898,35,4.110106915526558,M.Sanchez
2011,2011_12_CAR_IND,CAR,00-0027939,30,4.716692216611799,C.Newton
2011,2011_12_CAR_IND,IND,00-0027134,32,-5.000025374945719,C.Painter
2011,2011_12_CHI_OAK,CHI,00-0025970,38,-13.125387791642858,C.Hanie
2011,2011_12_CHI_OAK,LV,00-0021429,41,-2.3416550623085044,C.Palmer
2011,2011_12_CLE_CIN,CIN,00-0027973,33,9.307575885233712,A.Dalton
2011,2011_12_CLE_CIN,CLE,00-0027688,36,-3.9324546116034425,C.McCoy
2011,2011_12_DEN_SD,DEN,00-0027876,19,4.123894123011269,T.Tebow
2011,2011_12_DEN_SD,LAC,00-0022942,39,-5.510067347554566,P.Rivers
2011,2011_12_GB_DET,DET,00-0026498,47,-6.438081190164491,M.Stafford
2011,2011_12_GB_DET,GB,00-0023459,35,14.958960191881772,A.Rodgers
2011,2011_12_HOU_JAX,HOU,00-0024225,13,-2.610743609433694,M.Leinart
2011,2011_12_HOU_JAX,HOU,00-0028090,14,-4.084756572556216,T.Yates
2011,2011_12_HOU_JAX,JAX,00-0022864,12,-2.7112013662284875,L.McCown
2011,2011_12_HOU_JAX,JAX,00-0027948,35,-15.080222422668239,B.Gabbert
2011,2011_12_MIA_DAL,DAL,00-0021678,35,-2.2807863374024566,T.Romo
2011,2011_12_MIA_DAL,MIA,00-0025708,36,7.658260632585542,M.Moore
2011,2011_12_MIN_ATL,ATL,00-0026143,36,13.271004382926531,M.Ryan
2011,2011_12_MIN_ATL,MIN,00-0027950,29,1.601681584957987,C.Ponder
2011,2011_12_NE_PHI,NE,00-0019596,35,28.576450345093942,T.Brady
2011,2011_12_NE_PHI,PHI,00-0024218,50,9.131786376508293,V.Young
2011,2011_12_NYG_NO,NO,00-0020531,38,21.939758404158056,D.Brees
2011,2011_12_NYG_NO,NO,00-0026544,1,-2.314846524153836,C.Daniel
2011,2011_12_NYG_NO,NYG,00-0022803,48,12.527255509696806,E.Manning
2011,2011_12_PIT_KC,KC,00-0024812,29,-5.407061806056172,T.Palko
2011,2011_12_PIT_KC,PIT,00-0022924,32,3.1668433650358914,B.Roethlisberger
2011,2011_12_SF_BAL,BAL,00-0026158,23,10.02415587815484,J.Flacco
2011,2011_12_SF_BAL,SF,00-0023436,33,-8.758540529041237,Alex Smith
2011,2011_12_TB_TEN,TB,00-0026993,34,-0.591211611225078,J.Freeman
2011,2011_12_TB_TEN,TEN,00-0007091,36,-11.666961595694675,M.Hasselbeck
2011,2011_12_WAS_SEA,SEA,00-0024279,32,-6.874085147916579,T.Jackson
2011,2011_12_WAS_SEA,WAS,00-0022121,36,9.246215808222146,R.Grossman
2011,2011_13_ATL_HOU,ATL,00-0026143,45,-8.107776013769978,M.Ryan
2011,2011_13_ATL_HOU,HOU,00-0028090,28,1.0144817580961345,T.Yates
2011,2011_13_BAL_CLE,BAL,00-0026158,24,-1.8443179178912912,J.Flacco
2011,2011_13_BAL_CLE,CLE,00-0022055,1,-0.8019742160104215,S.Wallace
2011,2011_13_BAL_CLE,CLE,00-0027688,38,-9.79612460242824,C.McCoy
2011,2011_13_CAR_TB,CAR,00-0025559,1,2.3191721339244395,L.Naanee
2011,2011_13_CAR_TB,CAR,00-0027939,23,10.819674556195569,C.Newton
2011,2011_13_CAR_TB,TB,00-0026300,29,2.0317048555781625,J.Johnson
2011,2011_13_CIN_PIT,CIN,00-0024408,6,-4.852628111839294,B.Gradkowski
2011,2011_13_CIN_PIT,CIN,00-0027973,27,-0.8812676488887519,A.Dalton
2011,2011_13_CIN_PIT,PIT,00-0000865,1,-1.7160557385068387,C.Batch
2011,2011_13_CIN_PIT,PIT,00-0022924,25,7.415103501621209,B.Roethlisberger
2011,2011_13_DAL_ARI,ARI,00-0025423,30,3.597200674311049,K.Kolb
2011,2011_13_DAL_ARI,DAL,00-0021678,46,2.3549811582241107,T.Romo
2011,2011_13_DEN_MIN,DEN,00-0027876,17,6.3510820817178875,T.Tebow
2011,2011_13_DEN_MIN,MIN,00-0027796,1,2.108399267308414,J.Webb
2011,2011_13_DEN_MIN,MIN,00-0027950,50,-6.517132576579314,C.Ponder
2011,2011_13_DET_NO,DET,00-0026498,55,6.252882285104808,M.Stafford
2011,2011_13_DET_NO,NO,00-0020531,41,16.012883879496833,D.Brees
2011,2011_13_GB_NYG,GB,00-0023459,48,18.265305804427168,A.Rodgers
2011,2011_13_GB_NYG,GB,00-0028002,1,-0.4412487749941647,R.Cobb
2011,2011_13_GB_NYG,NYG,00-0022803,41,5.248187479812557,E.Manning
2011,2011_13_IND_NE,IND,00-0023578,39,20.364398016151128,D.Orlovsky
2011,2011_13_IND_NE,NE,00-0019596,39,15.537220664151208,T.Brady
2011,2011_13_KC_CHI,CHI,00-0025970,31,-21.505686437400566,C.Hanie
2011,2011_13_KC_CHI,KC,00-0023541,1,-0.9447399463970214,K.Orton
2011,2011_13_KC_CHI,KC,00-0024812,31,-0.18187609931919724,T.Palko
2011,2011_13_NYJ_WAS,NYJ,00-0026898,32,2.2033830270117374,M.Sanchez
2011,2011_13_NYJ_WAS,WAS,00-0022121,48,-13.660258419300202,R.Grossman
2011,2011_13_OAK_MIA,LV,00-0021429,43,-1.2268342787283473,C.Palmer
2011,2011_13_OAK_MIA,MIA,00-0025708,26,2.1831018432192195,M.Moore
2011,2011_13_PHI_SEA,PHI,00-0024218,31,-14.896319685445633,V.Young
2011,2011_13_PHI_SEA,SEA,00-0024279,19,9.102585649998266,T.Jackson
2011,2011_13_SD_JAX,JAX,00-0027948,35,0.855978485167725,B.Gabbert
2011,2011_13_SD_JAX,LAC,00-0022942,28,21.221485680798317,P.Rivers
2011,2011_13_STL_SF,LA,00-0020305,26,-6.228384153742809,A.Feeley
2011,2011_13_STL_SF,SF,00-0023436,27,11.347303814946807,Alex Smith
2011,2011_13_STL_SF,SF,00-0027974,2,-2.099489208776504,C.Kaepernick
2011,2011_13_TEN_BUF,BUF,00-0023682,46,6.062737026218359,R.Fitzpatrick
2011,2011_13_TEN_BUF,TEN,00-0007091,26,-2.147747607011507,M.Hasselbeck
2011,2011_14_ATL_CAR,ATL,00-0026143,41,17.671490163707077,M.Ryan
2011,2011_14_ATL_CAR,CAR,00-0027939,41,-6.042371301640472,C.Newton
2011,2011_14_BUF_SD,BUF,00-0023682,35,-12.701112979494903,R.Fitzpatrick
2011,2011_14_BUF_SD,BUF,00-0025604,3,-2.5591533589176834,T.Thigpen
2011,2011_14_BUF_SD,LAC,00-0022942,34,8.703978314125823,P.Rivers
2011,2011_14_CHI_DEN,CHI,00-0025970,23,-7.179167332818784,C.Hanie
2011,2011_14_CHI_DEN,DEN,00-0027876,43,-4.541951537128088,T.Tebow
2011,2011_14_CLE_PIT,CLE,00-0022055,1,1.5532254760328215,S.Wallace
2011,2011_14_CLE_PIT,CLE,00-0027688,38,-6.513457465771353,C.McCoy
2011,2011_14_CLE_PIT,PIT,00-0000865,3,-2.189360158983618,C.Batch
2011,2011_14_CLE_PIT,PIT,00-0022924,22,17.008344948582817,B.Roethlisberger
2011,2011_14_HOU_CIN,CIN,00-0027973,29,-4.054164405182107,A.Dalton
2011,2011_14_HOU_CIN,HOU,00-0028090,47,8.009987748586095,T.Yates
2011,2011_14_IND_BAL,BAL,00-0026158,33,9.060255462324939,J.Flacco
2011,2011_14_IND_BAL,IND,00-0023578,39,-8.403085518738436,D.Orlovsky
2011,2011_14_KC_NYJ,KC,00-0024812,37,-9.361361161416372,T.Palko
2011,2011_14_KC_NYJ,NYJ,00-0026898,24,4.213750950671965,M.Sanchez
2011,2011_14_MIN_DET,DET,00-0026498,34,5.8519807911196855,M.Stafford
2011,2011_14_MIN_DET,MIN,00-0027796,24,-5.850560934632085,J.Webb
2011,2011_14_MIN_DET,MIN,00-0027950,24,-20.03314577153651,C.Ponder
2011,2011_14_NE_WAS,NE,00-0019596,38,14.742932623135962,T.Brady
2011,2011_14_NE_WAS,WAS,00-0022121,34,5.684478044520418,R.Grossman
2011,2011_14_NE_WAS,WAS,00-0027618,1,4.282296833698638,B.Banks
2011,2011_14_NO_TEN,NO,00-0020531,49,15.641184798217923,D.Brees
2011,2011_14_NO_TEN,TEN,00-0007091,7,0.4540133631671779,M.Hasselbeck
2011,2011_14_NO_TEN,TEN,00-0027946,30,1.4724419599909409,J.Locker
2011,2011_14_NYG_DAL,DAL,00-0021678,32,13.329208253523815,T.Romo
2011,2011_14_NYG_DAL,NYG,00-0022803,47,15.761823957188081,E.Manning
2011,2011_14_OAK_GB,GB,00-0023459,32,6.7122340445698825,A.Rodgers
2011,2011_14_OAK_GB,GB,00-0026349,3,-1.9297672067768872,M.Flynn
2011,2011_14_OAK_GB,LV,00-0019714,1,-2.8649579283664934,S.Lechler
2011,2011_14_OAK_GB,LV,00-0021429,43,-7.020027832768392,C.Palmer
2011,2011_14_PHI_MIA,MIA,00-0022912,15,-4.5144861709850375,J.Losman
2011,2011_14_PHI_MIA,MIA,00-0025708,23,-12.741542164060615,M.Moore
2011,2011_14_PHI_MIA,PHI,00-0020245,34,-2.1836948705786003,M.Vick
2011,2011_14_SF_ARI,ARI,00-0025423,2,-2.5622510202229023,K.Kolb
2011,2011_14_SF_ARI,ARI,00-0027754,29,4.0811249584075995,J.Skelton
2011,2011_14_SF_ARI,SF,00-0023436,42,-9.250072401497535,Alex Smith
2011,2011_14_STL_SEA,LA,00-0027854,32,-6.8213554968934735,S.Bradford
2011,2011_14_STL_SEA,SEA,00-0024279,34,8.227641091018443,T.Jackson
2011,2011_14_STL_SEA,SEA,00-0025399,2,-0.7496615910204127,M.Lynch
2011,2011_14_TB_JAX,JAX,00-0027948,34,-3.237326385831693,B.Gabbert
2011,2011_14_TB_JAX,TB,00-0026300,2,-4.064512040873524,J.Johnson
2011,2011_14_TB_JAX,TB,00-0026993,33,-17.240239360020496,J.Freeman
2011,2011_15_BAL_SD,BAL,00-0026158,39,-0.8963874855328307,J.Flacco
2011,2011_15_BAL_SD,BAL,00-0028118,3,-0.4012482221587561,T.Taylor
2011,2011_15_BAL_SD,LAC,00-0022942,23,22.515061537687657,P.Rivers
2011,2011_15_CAR_HOU,CAR,00-0027692,1,0.6902054530801252,A.Edwards
2011,2011_15_CAR_HOU,CAR,00-0027939,25,2.8580029031145386,C.Newton
2011,2011_15_CAR_HOU,HOU,00-0028090,32,-6.374681074835677,T.Yates
2011,2011_15_CIN_STL,CIN,00-0027973,27,0.05511019640028536,A.Dalton
2011,2011_15_CIN_STL,LA,00-0024264,39,-2.3672023958979818,K.Clemens
2011,2011_15_CLE_ARI,ARI,00-0027754,50,-0.6391111701875904,J.Skelton
2011,2011_15_CLE_ARI,CLE,00-0022055,33,-0.48623655671872346,S.Wallace
2011,2011_15_DAL_TB,DAL,00-0021678,32,16.842046360847142,T.Romo
2011,2011_15_DAL_TB,TB,00-0026993,31,-3.9713219886906446,J.Freeman
2011,2011_15_DET_OAK,DET,00-0026498,54,10.80329721281305,M.Stafford
2011,2011_15_DET_OAK,LV,00-0021429,41,10.502517577239919,C.Palmer
2011,2011_15_GB_KC,GB,00-0023459,38,0.14585444325348362,A.Rodgers
2011,2011_15_GB_KC,KC,00-0023541,31,14.399214716041367,K.Orton
2011,2011_15_JAX_ATL,ATL,00-0019709,6,3.1662921610404737,C.Redman
2011,2011_15_JAX_ATL,ATL,00-0026143,27,14.65149599956012,M.Ryan
2011,2011_15_JAX_ATL,JAX,00-0027948,27,-21.444478348945267,B.Gabbert
2011,2011_15_MIA_BUF,BUF,00-0023682,51,-8.924571267453903,R.Fitzpatrick
2011,2011_15_MIA_BUF,MIA,00-0025708,22,5.684985984640896,M.Moore
2011,2011_15_NE_DEN,DEN,00-0027874,1,-0.4463074472732842,D.Thomas
2011,2011_15_NE_DEN,DEN,00-0027876,26,-0.41865501418942586,T.Tebow
2011,2011_15_NE_DEN,NE,00-0019596,35,17.861804379097222,T.Brady
2011,2011_15_NO_MIN,MIN,00-0027796,1,-0.4172168546356261,J.Webb
2011,2011_15_NO_MIN,MIN,00-0027950,35,-7.153557390684913,C.Ponder
2011,2011_15_NO_MIN,NO,00-0020531,40,34.48444910321268,D.Brees
2011,2011_15_NO_MIN,NO,00-0026544,1,-1.1700774719938134,C.Daniel
2011,2011_15_NYJ_PHI,NYJ,00-0002110,3,-0.3560372703941539,M.Brunell
2011,2011_15_NYJ_PHI,NYJ,00-0026898,31,-11.769382740134317,M.Sanchez
2011,2011_15_NYJ_PHI,PHI,00-0020245,20,11.400054208227289,M.Vick
2011,2011_15_NYJ_PHI,PHI,00-0024218,3,-3.459038346540183,V.Young
2011,2011_15_PIT_SF,PIT,00-0022924,47,-8.439677590357284,B.Roethlisberger
2011,2011_15_PIT_SF,SF,00-0023436,31,4.604559769249638,Alex Smith
2011,2011_15_SEA_CHI,CHI,00-0021206,2,-3.000977810996119,J.McCown
2011,2011_15_SEA_CHI,CHI,00-0025970,26,-19.292301107227104,C.Hanie
2011,2011_15_SEA_CHI,SEA,00-0024279,32,3.988221155083529,T.Jackson
2011,2011_15_TEN_IND,IND,00-0023578,17,-2.0236071710217387,D.Orlovsky
2011,2011_15_TEN_IND,TEN,00-0007091,40,-11.99825346567141,M.Hasselbeck
2011,2011_15_TEN_IND,TEN,00-0027946,17,0.7078733765520155,J.Locker
2011,2011_15_WAS_NYG,NYG,00-0022803,43,-17.08104265070141,E.Manning
2011,2011_15_WAS_NYG,WAS,00-0022121,25,8.45476238675863,R.Grossman
2011,2011_16_ARI_CIN,ARI,00-0027754,48,-12.604749003661954,J.Skelton
2011,2011_16_ARI_CIN,CIN,00-0027973,33,-2.4483792411889764,A.Dalton
2011,2011_16_ATL_NO,ATL,00-0019709,9,-0.70819799345918,C.Redman
2011,2011_16_ATL_NO,ATL,00-0026143,52,7.736206908592303,M.Ryan
2011,2011_16_ATL_NO,NO,00-0020531,39,14.289781279610812,D.Brees
2011,2011_16_CHI_GB,CHI,00-0021206,28,9.17886767199641,J.McCown
2011,2011_16_CHI_GB,GB,00-0023459,29,21.532591201539617,A.Rodgers
2011,2011_16_CHI_GB,GB,00-0026349,1,-1.7775475609814748,M.Flynn
2011,2011_16_CLE_BAL,BAL,00-0026158,25,-2.6703995926441406,J.Flacco
2011,2011_16_CLE_BAL,CLE,00-0022055,35,-7.205260594520951,S.Wallace
2011,2011_16_DEN_BUF,BUF,00-0023682,28,-3.4914594774064898,R.Fitzpatrick
2011,2011_16_DEN_BUF,DEN,00-0027876,33,-24.425631742516998,T.Tebow
2011,2011_16_HOU_IND,HOU,00-0028090,20,-6.886203597911365,T.Yates
2011,2011_16_HOU_IND,IND,00-0023578,43,-0.9337107007187679,D.Orlovsky
2011,2011_16_JAX_TEN,JAX,00-0027948,43,-4.328699807456945,B.Gabbert
2011,2011_16_JAX_TEN,TEN,00-0007091,41,-4.248603509977485,M.Hasselbeck
2011,2011_16_MIA_NE,MIA,00-0025708,37,9.705341071900019,M.Moore
2011,2011_16_MIA_NE,NE,00-0019596,50,1.9945329835846333,T.Brady
2011,2011_16_MIN_WAS,MIN,00-0027796,6,9.064905000501312,J.Webb
2011,2011_16_MIN_WAS,MIN,00-0027950,14,0.9886645967960819,C.Ponder
2011,2011_16_MIN_WAS,WAS,00-0022121,43,-2.1345695822663737,R.Grossman
2011,2011_16_NYG_NYJ,NYG,00-0022803,29,-2.4758265779073945,E.Manning
2011,2011_16_NYG_NYJ,NYJ,00-0026898,64,-16.144511188810434,M.Sanchez
2011,2011_16_OAK_KC,KC,00-0023541,36,0.3151465522609165,K.Orton
2011,2011_16_OAK_KC,LV,00-0021429,26,5.460204336222912,C.Palmer
2011,2011_16_PHI_DAL,DAL,00-0021678,2,-2.14429654343985,T.Romo
2011,2011_16_PHI_DAL,DAL,00-0027071,41,-4.940971351112239,S.McGee
2011,2011_16_PHI_DAL,PHI,00-0020245,33,14.506659967983435,M.Vick
2011,2011_16_SD_DET,DET,00-0026498,39,24.13076439821807,M.Stafford
2011,2011_16_SD_DET,LAC,00-0022942,53,-6.507477423109149,P.Rivers
2011,2011_16_SF_SEA,SEA,00-0024279,31,-4.823774264601525,T.Jackson
2011,2011_16_SF_SEA,SF,00-0023436,28,0.557633302881432,Alex Smith
2011,2011_16_STL_PIT,LA,00-0024264,27,-11.319778391043656,K.Clemens
2011,2011_16_STL_PIT,PIT,00-0000865,22,3.8085492835252257,C.Batch
2011,2011_16_TB_CAR,CAR,00-0027939,18,10.830989029065144,C.Newton
2011,2011_16_TB_CAR,TB,00-0026993,42,-0.8932945131594967,J.Freeman
2011,2011_17_BAL_CIN,BAL,00-0026158,20,3.6251165654725326,J.Flacco
2011,2011_17_BAL_CIN,CIN,00-0027973,45,-1.0268371289757945,A.Dalton
2011,2011_17_BUF_NE,BUF,00-0023682,48,-10.197012609498296,R.Fitzpatrick
2011,2011_17_BUF_NE,NE,00-0019596,39,13.631079436989994,T.Brady
2011,2011_17_BUF_NE,NE,00-0026625,1,-0.5777570100035518,B.Hoyer
2011,2011_17_CAR_NO,CAR,00-0027939,27,-4.814619783938174,C.Newton
2011,2011_17_CAR_NO,NO,00-0020531,35,21.879270517512005,D.Brees
2011,2011_17_CAR_NO,NO,00-0026544,3,0.482824943610467,C.Daniel
2011,2011_17_CHI_MIN,CHI,00-0021206,32,-8.2674191043115,J.McCown
2011,2011_17_CHI_MIN,MIN,00-0027796,33,-3.2856830137316138,J.Webb
2011,2011_17_CHI_MIN,MIN,00-0027950,11,-10.988563364977733,C.Ponder
2011,2011_17_DAL_NYG,DAL,00-0021678,43,0.6711465064322066,T.Romo
2011,2011_17_DAL_NYG,NYG,00-0022803,35,22.126999458298087,E.Manning
2011,2011_17_DET_GB,DET,00-0026498,62,21.229177386513058,M.Stafford
2011,2011_17_DET_GB,GB,00-0026349,47,18.760863203400685,M.Flynn
2011,2011_17_IND_JAX,IND,00-0023578,43,2.2174833318077463,D.Orlovsky
2011,2011_17_IND_JAX,JAX,00-0027948,22,-7.6437566353969375,B.Gabbert
2011,2011_17_KC_DEN,DEN,00-0027876,24,-8.707703895343002,T.Tebow
2011,2011_17_KC_DEN,KC,00-0023541,30,1.5672980631330584,K.Orton
2011,2011_17_NYJ_MIA,MIA,00-0025708,33,-0.7801945613595391,M.Moore
2011,2011_17_NYJ_MIA,NYJ,00-0026898,34,-8.41661228999965,M.Sanchez
2011,2011_17_NYJ_MIA,NYJ,00-0028091,1,2.93751163338311,J.Kerley
2011,2011_17_PIT_CLE,CLE,00-0022055,41,-12.728064440868025,S.Wallace
2011,2011_17_PIT_CLE,PIT,00-0022924,42,1.1063660652284883,B.Roethlisberger
2011,2011_17_SD_OAK,LAC,00-0022942,26,25.91172002548639,P.Rivers
2011,2011_17_SD_OAK,LV,00-0021429,43,15.3002492362251,C.Palmer
2011,2011_17_SEA_ARI,ARI,00-0027754,42,-6.0471956551293005,J.Skelton
2011,2011_17_SEA_ARI,SEA,00-0024279,39,-9.834969686360179,T.Jackson
2011,2011_17_SF_STL,LA,00-0024264,34,-1.6424418899877553,K.Clemens
2011,2011_17_SF_STL,LA,00-0024294,1,-4.660491733346134,J.Norwood
2011,2011_17_SF_STL,LA,00-0027121,2,-2.7655587768531404,T.Brandstater
2011,2011_17_SF_STL,SF,00-0000108,1,4.22313360706903,D.Akers
2011,2011_17_SF_STL,SF,00-0023436,33,2.739097935429581,Alex Smith
2011,2011_17_TB_ATL,ATL,00-0019709,12,-10.342266884457786,C.Redman
2011,2011_17_TB_ATL,ATL,00-0026143,9,11.225422120769508,M.Ryan
2011,2011_17_TB_ATL,TB,00-0026993,48,-9.150694260999327,J.Freeman
2011,2011_17_TEN_HOU,HOU,00-0004161,29,-0.9118058553866639,J.Delhomme
2011,2011_17_TEN_HOU,HOU,00-0028090,5,3.679653784725815,T.Yates
2011,2011_17_TEN_HOU,TEN,00-0007091,38,4.738416586043467,M.Hasselbeck
2011,2011_17_WAS_PHI,PHI,00-0020245,41,7.888540619872543,M.Vick
2011,2011_17_WAS_PHI,WAS,00-0022121,46,-10.753722650528077,R.Grossman
2011,2011_18_ATL_NYG,ATL,00-0026143,43,-3.743086137343198,M.Ryan
2011,2011_18_ATL_NYG,NYG,00-0022803,33,13.927763286876111,E.Manning
2011,2011_18_CIN_HOU,CIN,00-0027973,46,-11.327141494908268,A.Dalton
2011,2011_18_CIN_HOU,HOU,00-0028090,22,5.270441800508054,T.Yates
2011,2011_18_DET_NO,DET,00-0026498,43,15.778244283632375,M.Stafford
2011,2011_18_DET_NO,NO,00-0020531,45,25.613918578368505,D.Brees
2011,2011_18_PIT_DEN,DEN,00-0027876,21,18.227957804262893,T.Tebow
2011,2011_18_PIT_DEN,PIT,00-0022924,45,0.155190482864501,B.Roethlisberger
2011,2011_19_DEN_NE,DEN,00-0027876,31,-6.741738038903659,T.Tebow
2011,2011_19_DEN_NE,NE,00-0019596,34,27.044681966130156,T.Brady
2011,2011_19_HOU_BAL,BAL,00-0026158,32,-5.630518511267066,J.Flacco
2011,2011_19_HOU_BAL,HOU,00-0028090,35,-6.72220728240146,T.Yates
2011,2011_19_NO_SF,NO,00-0020531,67,14.844916763858937,D.Brees
2011,2011_19_NO_SF,SF,00-0023436,45,-0.6098919403863068,Alex Smith
2011,2011_19_NYG_GB,GB,00-0023459,50,-1.560037981909458,A.Rodgers
2011,2011_19_NYG_GB,NYG,00-0022803,34,23.151365474347575,E.Manning
2011,2011_20_BAL_NE,BAL,00-0026158,39,7.373066297602135,J.Flacco
2011,2011_20_BAL_NE,NE,00-0019596,37,0.895959729538431,T.Brady
2011,2011_20_NYG_SF,NYG,00-0022803,62,-2.2232174553209916,E.Manning
2011,2011_20_NYG_SF,SF,00-0023436,29,-2.4124964429302427,Alex Smith
2011,2011_21_NYG_NE,NE,00-0019596,42,12.311040223465602,T.Brady
2011,2011_21_NYG_NE,NYG,00-0022803,43,11.593636095769806,E.Manning
2012,2012_01_ATL_KC,ATL,00-0026143,32,21.996049230729675,M.Ryan
2012,2012_01_ATL_KC,KC,00-0023662,36,1.6632514692921783,M.Cassel
2012,2012_01_BUF_NYJ,BUF,00-0023682,32,1.8805896646808833,R.Fitzpatrick
2012,2012_01_BUF_NYJ,NYJ,00-0026898,26,19.932411863147948,M.Sanchez
2012,2012_01_CAR_TB,CAR,00-0027939,36,3.5050122771353927,C.Newton
2012,2012_01_CAR_TB,TB,00-0026993,26,-3.5432230138175083,J.Freeman
2012,2012_01_CIN_BAL,BAL,00-0026158,32,12.251615456045911,J.Flacco
2012,2012_01_CIN_BAL,BAL,00-0028118,3,1.1051893744166028,T.Taylor
2012,2012_01_CIN_BAL,CIN,00-0027973,41,-16.84178767919169,A.Dalton
2012,2012_01_DAL_NYG,DAL,00-0021678,31,12.913395692772063,T.Romo
2012,2012_01_DAL_NYG,NYG,00-0022803,35,3.1228235827299557,E.Manning
2012,2012_01_IND_CHI,CHI,00-0024226,37,8.433602901159471,J.Cutler
2012,2012_01_IND_CHI,IND,00-0029668,48,-7.393337939997114,A.Luck
2012,2012_01_JAX_MIN,JAX,00-0027948,42,14.632094019810406,B.Gabbert
2012,2012_01_JAX_MIN,MIN,00-0027950,29,3.342077331494131,C.Ponder
2012,2012_01_MIA_HOU,HOU,00-0022787,33,11.766993675082153,M.Schaub
2012,2012_01_MIA_HOU,MIA,00-0029701,38,-17.482130043790676,R.Tannehill
2012,2012_01_NE_TEN,NE,00-0019596,32,9.768619451435343,T.Brady
2012,2012_01_NE_TEN,TEN,00-0007091,11,-2.8036942584301943,M.Hasselbeck
2012,2012_01_NE_TEN,TEN,00-0027946,34,0.11084173391179908,J.Locker
2012,2012_01_PHI_CLE,CLE,00-0029677,37,-18.756715288068204,B.Weeden
2012,2012_01_PHI_CLE,PHI,00-0020245,58,-12.860741577757882,M.Vick
2012,2012_01_PIT_DEN,DEN,00-0010346,29,14.15148868048513,P.Manning
2012,2012_01_PIT_DEN,PIT,00-0022924,45,2.490503550571832,B.Roethlisberger
2012,2012_01_SD_OAK,LAC,00-0022942,34,8.247540219021676,P.Rivers
2012,2012_01_SD_OAK,LV,00-0021429,50,5.720962922851506,C.Palmer
2012,2012_01_SEA_ARI,ARI,00-0025423,8,5.46987107465975,K.Kolb
2012,2012_01_SEA_ARI,ARI,00-0027754,29,-7.042312426551852,J.Skelton
2012,2012_01_SEA_ARI,SEA,00-0029263,37,-5.393080517424056,R.Wilson
2012,2012_01_SF_GB,GB,00-0023459,48,7.470342207540059,A.Rodgers
2012,2012_01_SF_GB,SF,00-0023436,30,8.250525209529492,A.Smith
2012,2012_01_STL_DET,DET,00-0026498,48,-7.237461900903524,M.Stafford
2012,2012_01_STL_DET,LA,00-0027854,29,3.395733130231253,S.Bradford
2012,2012_01_WAS_NO,NO,00-0020531,53,2.038375528277439,D.Brees
2012,2012_01_WAS_NO,WAS,00-0029665,28,17.17882619278373,R.Griffin
2012,2012_02_ARI_NE,ARI,00-0025423,29,-1.6686593024571885,K.Kolb
2012,2012_02_ARI_NE,NE,00-0019596,50,-0.41158836295807255,T.Brady
2012,2012_02_BAL_PHI,BAL,00-0026158,44,-10.85493632173965,J.Flacco
2012,2012_02_BAL_PHI,PHI,00-0020245,34,11.44047668314306,M.Vick
2012,2012_02_CHI_GB,CHI,00-0024226,34,-15.192177257620852,J.Cutler
2012,2012_02_CHI_GB,GB,00-0023459,37,-6.903714741956738,A.Rodgers
2012,2012_02_CHI_GB,GB,00-0026664,1,5.158707559574395,T.Masthay
2012,2012_02_CLE_CIN,CIN,00-0027973,37,17.36543615734063,A.Dalton
2012,2012_02_CLE_CIN,CLE,00-0029677,39,16.39233519805824,B.Weeden
2012,2012_02_DAL_SEA,DAL,00-0021678,41,-1.7286414435948245,T.Romo
2012,2012_02_DAL_SEA,SEA,00-0029263,22,5.798346283044674,R.Wilson
2012,2012_02_DEN_ATL,ATL,00-0026143,37,7.176097264886787,M.Ryan
2012,2012_02_DEN_ATL,DEN,00-0010346,40,-8.76414440915687,P.Manning
2012,2012_02_DET_SF,DET,00-0026498,34,5.394130571970033,M.Stafford
2012,2012_02_DET_SF,SF,00-0023436,34,8.335667789893593,A.Smith
2012,2012_02_HOU_JAX,HOU,00-0022787,35,5.392683164875757,M.Schaub
2012,2012_02_HOU_JAX,JAX,00-0026197,2,1.2637826250866055,C.Henne
2012,2012_02_HOU_JAX,JAX,00-0027948,22,-12.85827531805262,B.Gabbert
2012,2012_02_KC_BUF,BUF,00-0023682,19,7.419960704166442,R.Fitzpatrick
2012,2012_02_KC_BUF,KC,00-0023662,46,-2.2739918986309613,M.Cassel
2012,2012_02_MIN_IND,IND,00-0029668,31,5.7628795602147225,A.Luck
2012,2012_02_MIN_IND,MIN,00-0027950,39,8.43190985418685,C.Ponder
2012,2012_02_NO_CAR,CAR,00-0027939,21,13.982469528884394,C.Newton
2012,2012_02_NO_CAR,NO,00-0020531,50,1.9897381137528996,D.Brees
2012,2012_02_NYJ_PIT,NYJ,00-0026898,29,-4.970816091412171,M.Sanchez
2012,2012_02_NYJ_PIT,PIT,00-0022924,34,14.86784345188317,B.Roethlisberger
2012,2012_02_OAK_MIA,LV,00-0021429,48,4.739532571167089,C.Palmer
2012,2012_02_OAK_MIA,MIA,00-0029701,31,3.5591366646112874,R.Tannehill
2012,2012_02_TB_NYG,NYG,00-0022803,51,7.181539578168347,E.Manning
2012,2012_02_TB_NYG,TB,00-0026993,30,5.650261935100195,J.Freeman
2012,2012_02_TEN_SD,LAC,00-0022942,36,16.08981523668951,P.Rivers
2012,2012_02_TEN_SD,TEN,00-0027946,30,-9.383097304263686,J.Locker
2012,2012_02_WAS_STL,LA,00-0027854,37,12.780684079305505,S.Bradford
2012,2012_02_WAS_STL,WAS,00-0029665,30,0.8357985767959852,R.Griffin
2012,2012_03_ATL_SD,ATL,00-0026143,42,15.997116564132739,M.Ryan
2012,2012_03_ATL_SD,LAC,00-0022942,39,-8.337395517416939,P.Rivers
2012,2012_03_BUF_CLE,BUF,00-0023682,36,8.063460829160682,R.Fitzpatrick
2012,2012_03_BUF_CLE,CLE,00-0029677,47,-10.386778594984207,B.Weeden
2012,2012_03_CIN_WAS,CIN,00-0027973,29,14.389643521150767,A.Dalton
2012,2012_03_CIN_WAS,CIN,00-0029632,1,6.470740758813918,M.Sanu
2012,2012_03_CIN_WAS,WAS,00-0029665,38,-2.048220218362985,R.Griffin
2012,2012_03_DET_TEN,DET,00-0020679,12,14.241682927240618,Sh.Hill
2012,2012_03_DET_TEN,DET,00-0026498,44,12.477081885781363,M.Stafford
2012,2012_03_DET_TEN,TEN,00-0027946,42,19.02357308549258,J.Locker
2012,2012_03_GB_SEA,GB,00-0023459,48,-1.1036229772300707,A.Rodgers
2012,2012_03_GB_SEA,SEA,00-0029263,22,-1.9202942820847966,R.Wilson
2012,2012_03_HOU_DEN,DEN,00-0010346,54,-1.027692819899479,P.Manning
2012,2012_03_HOU_DEN,HOU,00-0022787,31,17.59560353281986,M.Schaub
2012,2012_03_JAX_IND,IND,00-0029668,44,1.9234179628256243,A.Luck
2012,2012_03_JAX_IND,JAX,00-0027948,22,-1.6299527313663997,B.Gabbert
2012,2012_03_KC_NO,KC,00-0023662,46,-4.203735157098789,M.Cassel
2012,2012_03_KC_NO,NO,00-0020531,40,-3.468327309284409,D.Brees
2012,2012_03_NE_BAL,BAL,00-0026158,39,15.250377713615308,J.Flacco
2012,2012_03_NE_BAL,NE,00-0019596,43,18.547951343926936,T.Brady
2012,2012_03_NYG_CAR,CAR,00-0023645,3,-0.43145321449264884,D.Anderson
2012,2012_03_NYG_CAR,CAR,00-0027939,32,-6.049983332690317,C.Newton
2012,2012_03_NYG_CAR,NYG,00-0020608,3,-2.539526805281639,D.Carr
2012,2012_03_NYG_CAR,NYG,00-0022803,36,16.36078246831732,E.Manning
2012,2012_03_NYJ_MIA,MIA,00-0029701,36,-1.900668226252539,R.Tannehill
2012,2012_03_NYJ_MIA,NYJ,00-0026898,46,-1.3048033267988322,M.Sanchez
2012,2012_03_NYJ_MIA,NYJ,00-0027876,1,-1.705417712975759,T.Tebow
2012,2012_03_PHI_ARI,ARI,00-0025423,27,7.5513532540218575,K.Kolb
2012,2012_03_PHI_ARI,PHI,00-0020245,42,-18.653495700734705,M.Vick
2012,2012_03_PIT_OAK,LV,00-0021429,35,6.729280281891276,C.Palmer
2012,2012_03_PIT_OAK,PIT,00-0022924,48,27.21268555917777,B.Roethlisberger
2012,2012_03_SF_MIN,MIN,00-0027950,35,12.478396071642246,C.Ponder
2012,2012_03_SF_MIN,SF,00-0023436,38,0.00311311529375935,A.Smith
2012,2012_03_STL_CHI,CHI,00-0024226,33,-6.16347878037876,J.Cutler
2012,2012_03_STL_CHI,LA,00-0027854,40,-20.537366942495808,S.Bradford
2012,2012_03_TB_DAL,DAL,00-0021678,43,-7.031801031583164,T.Romo
2012,2012_03_TB_DAL,TB,00-0026993,30,-14.803876268054493,J.Freeman
2012,2012_04_CAR_ATL,ATL,00-0026143,47,1.7791578341348644,M.Ryan
2012,2012_04_CAR_ATL,CAR,00-0027692,1,-0.5445620033424348,A.Edwards
2012,2012_04_CAR_ATL,CAR,00-0027939,27,10.095592224039137,C.Newton
2012,2012_04_CHI_DAL,CHI,00-0024226,26,15.75858525381797,J.Cutler
2012,2012_04_CHI_DAL,DAL,00-0021678,44,-15.221427542011995,T.Romo
2012,2012_04_CHI_DAL,DAL,00-0023541,11,7.451407682776451,K.Orton
2012,2012_04_CIN_JAX,CIN,00-0027973,31,14.933845894413366,A.Dalton
2012,2012_04_CIN_JAX,JAX,00-0027948,40,-11.070026376238088,B.Gabbert
2012,2012_04_CLE_BAL,BAL,00-0026158,50,5.313441536059642,J.Flacco
2012,2012_04_CLE_BAL,CLE,00-0029677,52,-6.612816740141009,B.Weeden
2012,2012_04_MIA_ARI,ARI,00-0025423,56,-8.369861820829101,K.Kolb
2012,2012_04_MIA_ARI,MIA,00-0029701,46,9.563605257319846,R.Tannehill
2012,2012_04_MIN_DET,DET,00-0026498,55,2.789263886042525,M.Stafford
2012,2012_04_MIN_DET,MIN,00-0027950,28,-8.625471585416372,C.Ponder
2012,2012_04_NE_BUF,BUF,00-0023682,42,7.094870898697991,R.Fitzpatrick
2012,2012_04_NE_BUF,NE,00-0019596,37,21.023455525686103,T.Brady
2012,2012_04_NO_GB,GB,00-0023459,41,17.93796609196579,A.Rodgers
2012,2012_04_NO_GB,NO,00-0020531,56,24.124619015031225,D.Brees
2012,2012_04_NYG_PHI,NYG,00-0022803,42,7.753498130457398,E.Manning
2012,2012_04_NYG_PHI,PHI,00-0020245,32,7.778065620119396,M.Vick
2012,2012_04_OAK_DEN,DEN,00-0010346,38,24.247323108427928,P.Manning
2012,2012_04_OAK_DEN,DEN,00-0023853,1,-2.642674138653092,M.Prater
2012,2012_04_OAK_DEN,LV,00-0021429,37,-3.0672114841535336,C.Palmer
2012,2012_04_SD_KC,KC,00-0023534,1,-0.947,D.Colquitt
2012,2012_04_SD_KC,KC,00-0023662,42,-12.077222184685525,M.Cassel
2012,2012_04_SD_KC,LAC,00-0022942,26,3.7779421371013724,P.Rivers
2012,2012_04_SEA_STL,LA,00-0027854,31,-0.42107523252356893,S.Bradford
2012,2012_04_SEA_STL,LA,00-0028872,1,3.8293251412687823,J.Hekker
2012,2012_04_SEA_STL,SEA,00-0029263,27,-9.689779516498117,R.Wilson
2012,2012_04_SF_NYJ,NYJ,00-0026898,32,-16.8816966402228,M.Sanchez
2012,2012_04_SF_NYJ,NYJ,00-0027876,1,0.8676373430062085,T.Tebow
2012,2012_04_SF_NYJ,SF,00-0023436,23,-4.834294274899484,A.Smith
2012,2012_04_SF_NYJ,SF,00-0027974,1,-0.4737456536386162,C.Kaepernick
2012,2012_04_TEN_HOU,HOU,00-0022787,28,9.999624556454364,M.Schaub
2012,2012_04_TEN_HOU,TEN,00-0007091,28,-14.899993397470098,M.Hasselbeck
2012,2012_04_TEN_HOU,TEN,00-0027946,3,-3.8339699336793274,J.Locker
2012,2012_04_WAS_TB,TB,00-0026993,41,0.5182873156236771,J.Freeman
2012,2012_04_WAS_TB,WAS,00-0029665,35,10.797057267633345,R.Griffin
2012,2012_05_ARI_STL,ARI,00-0025423,59,-12.409256903364373,K.Kolb
2012,2012_05_ARI_STL,LA,00-0027854,22,-3.5899374792543686,S.Bradford
2012,2012_05_ATL_WAS,ATL,00-0026143,53,9.60367821977584,M.Ryan
2012,2012_05_ATL_WAS,WAS,00-0029604,10,-2.461779933364596,K.Cousins
2012,2012_05_ATL_WAS,WAS,00-0029665,17,-3.5341001631145357,R.Griffin
2012,2012_05_BAL_KC,BAL,00-0026158,31,-7.804082518930261,J.Flacco
2012,2012_05_BAL_KC,KC,00-0023662,14,-1.7283615846245084,M.Cassel
2012,2012_05_BAL_KC,KC,00-0025409,2,2.545601594785271,B.Quinn
2012,2012_05_BUF_SF,BUF,00-0023682,27,-8.111924233206082,R.Fitzpatrick
2012,2012_05_BUF_SF,SF,00-0023436,24,18.624317291134503,A.Smith
2012,2012_05_BUF_SF,SF,00-0027974,1,1.0242892650421709,C.Kaepernick
2012,2012_05_CHI_JAX,CHI,00-0024226,40,13.685761370620275,J.Cutler
2012,2012_05_CHI_JAX,JAX,00-0027948,36,-23.036991931074144,B.Gabbert
2012,2012_05_CLE_NYG,CLE,00-0029677,35,5.952974148358636,B.Weeden
2012,2012_05_CLE_NYG,NYG,00-0022803,37,9.381287676180303,E.Manning
2012,2012_05_DEN_NE,DEN,00-0010346,46,13.285158061888069,P.Manning
2012,2012_05_DEN_NE,NE,00-0019596,35,7.320035238459241,T.Brady
2012,2012_05_GB_IND,GB,00-0023459,37,1.1371903596822777,A.Rodgers
2012,2012_05_GB_IND,IND,00-0029668,60,3.548197172842857,A.Luck
2012,2012_05_HOU_NYJ,HOU,00-0022787,28,7.440689698068656,M.Schaub
2012,2012_05_HOU_NYJ,NYJ,00-0026898,34,-9.013265706200658,M.Sanchez
2012,2012_05_HOU_NYJ,NYJ,00-0027876,1,-0.7082236837595701,T.Tebow
2012,2012_05_MIA_CIN,CIN,00-0027973,46,-9.531048784514999,A.Dalton
2012,2012_05_MIA_CIN,MIA,00-0029701,28,7.305652788745663,R.Tannehill
2012,2012_05_PHI_PIT,PHI,00-0020245,33,8.371759208966978,M.Vick
2012,2012_05_PHI_PIT,PIT,00-0022924,37,3.346607258713474,B.Roethlisberger
2012,2012_05_SD_NO,LAC,00-0022942,47,3.350820431641724,P.Rivers
2012,2012_05_SD_NO,NO,00-0020531,48,14.286648388796749,D.Brees
2012,2012_05_SEA_CAR,CAR,00-0027939,33,-14.030993557992632,C.Newton
2012,2012_05_SEA_CAR,SEA,00-0029263,27,1.8265262694777644,R.Wilson
2012,2012_05_TEN_MIN,MIN,00-0027950,36,6.3950982703539,C.Ponder
2012,2012_05_TEN_MIN,TEN,00-0007091,45,0.34258448297623545,M.Hasselbeck
2012,2012_05_TEN_MIN,TEN,00-0027775,5,-0.4115796000114642,R.Smith
2012,2012_06_BUF_ARI,ARI,00-0025423,31,-11.639029220525867,K.Kolb
2012,2012_06_BUF_ARI,ARI,00-0027754,9,-6.530628445764734,J.Skelton
2012,2012_06_BUF_ARI,BUF,00-0023682,33,-5.032409885287052,R.Fitzpatrick
2012,2012_06_BUF_ARI,BUF,00-0024318,1,-3.2487173049594276,B.Smith
2012,2012_06_CIN_CLE,CIN,00-0027973,46,-5.8978902075988975,A.Dalton
2012,2012_06_CIN_CLE,CLE,00-0029677,31,2.017051425913695,B.Weeden
2012,2012_06_DAL_BAL,BAL,00-0026158,27,12.180591016600374,J.Flacco
2012,2012_06_DAL_BAL,DAL,00-0021678,38,14.696764099122435,T.Romo
2012,2012_06_DEN_SD,DEN,00-0010346,30,12.337375900475308,P.Manning
2012,2012_06_DEN_SD,LAC,00-0022942,45,-18.41659839023623,P.Rivers
2012,2012_06_DET_PHI,DET,00-0026498,45,5.148216652847289,M.Stafford
2012,2012_06_DET_PHI,PHI,00-0020245,48,6.661875580932513,M.Vick
2012,2012_06_GB_HOU,GB,00-0023459,39,24.148072998039424,A.Rodgers
2012,2012_06_GB_HOU,HOU,00-0022787,36,-1.1818374074437905,M.Schaub
2012,2012_06_GB_HOU,HOU,00-0028090,5,-1.85361073538661,T.Yates
2012,2012_06_IND_NYJ,IND,00-0029668,48,-9.155187660126433,A.Luck
2012,2012_06_IND_NYJ,NYJ,00-0026898,19,2.553747420955915,M.Sanchez
2012,2012_06_IND_NYJ,NYJ,00-0027876,1,4.000697734882124,T.Tebow
2012,2012_06_KC_TB,KC,00-0025409,38,-16.551068397692145,B.Quinn
2012,2012_06_KC_TB,TB,00-0026993,27,9.757568514006838,J.Freeman
2012,2012_06_MIN_WAS,MIN,00-0027950,58,3.1189102064320284,C.Ponder
2012,2012_06_MIN_WAS,WAS,00-0029665,23,5.3460164614618915,R.Griffin
2012,2012_06_NE_SEA,NE,00-0019596,59,6.57672835461505,T.Brady
2012,2012_06_NE_SEA,SEA,00-0029263,29,13.247479298966937,R.Wilson
2012,2012_06_NYG_SF,NYG,00-0022803,28,4.3575818800115815,E.Manning
2012,2012_06_NYG_SF,SF,00-0023436,34,-14.500251661827267,A.Smith
2012,2012_06_NYG_SF,SF,00-0027974,9,-0.6283225744378331,C.Kaepernick
2012,2012_06_OAK_ATL,ATL,00-0026143,38,-7.050560449383234,M.Ryan
2012,2012_06_OAK_ATL,LV,00-0021429,36,0.5186324051378861,C.Palmer
2012,2012_06_PIT_TEN,PIT,00-0022924,41,12.426703985209855,B.Roethlisberger
2012,2012_06_PIT_TEN,TEN,00-0007091,47,-1.1218295311176334,M.Hasselbeck
2012,2012_06_STL_MIA,LA,00-0027854,43,9.229436169010679,S.Bradford
2012,2012_06_STL_MIA,MIA,00-0029701,32,0.9523187246717608,R.Tannehill
2012,2012_07_ARI_MIN,ARI,00-0027754,43,-14.160805590217933,J.Skelton
2012,2012_07_ARI_MIN,MIN,00-0027950,20,-14.061341236270135,C.Ponder
2012,2012_07_BAL_HOU,BAL,00-0026158,47,-26.705977951388675,J.Flacco
2012,2012_07_BAL_HOU,HOU,00-0022787,39,8.605788638876218,M.Schaub
2012,2012_07_CLE_IND,CLE,00-0029677,41,9.835740642127348,B.Weeden
2012,2012_07_CLE_IND,IND,00-0029668,32,-2.3253327079257593,A.Luck
2012,2012_07_DAL_CAR,CAR,00-0027939,38,-4.78310211354983,C.Newton
2012,2012_07_DAL_CAR,DAL,00-0021678,34,10.430365099203929,T.Romo
2012,2012_07_DET_CHI,CHI,00-0023460,1,-0.19043235725257546,J.Campbell
2012,2012_07_DET_CHI,CHI,00-0024226,36,-6.933601213206133,J.Cutler
2012,2012_07_DET_CHI,DET,00-0026498,49,-2.6302472730749287,M.Stafford
2012,2012_07_GB_STL,GB,00-0023459,39,22.502172281764814,A.Rodgers
2012,2012_07_GB_STL,LA,00-0027854,36,-2.396357567870655,S.Bradford
2012,2012_07_JAX_OAK,JAX,00-0026197,23,-15.904594133967073,C.Henne
2012,2012_07_JAX_OAK,JAX,00-0027948,12,5.749804950901307,B.Gabbert
2012,2012_07_JAX_OAK,LV,00-0021429,47,-4.333652801327484,C.Palmer
2012,2012_07_NO_TB,NO,00-0020531,36,23.345708731969353,D.Brees
2012,2012_07_NO_TB,TB,00-0026993,43,22.209245202005405,J.Freeman
2012,2012_07_NYJ_NE,NE,00-0019596,43,7.534944062749153,T.Brady
2012,2012_07_NYJ_NE,NYJ,00-0026898,45,11.276937989140036,M.Sanchez
2012,2012_07_PIT_CIN,CIN,00-0027973,28,-11.005939802310166,A.Dalton
2012,2012_07_PIT_CIN,PIT,00-0022924,41,3.3175982211585016,B.Roethlisberger
2012,2012_07_PIT_CIN,PIT,00-0027793,1,-0.5983177991583943,A.Brown
2012,2012_07_SEA_SF,SEA,00-0029263,25,-7.113785669462077,R.Wilson
2012,2012_07_SEA_SF,SF,00-0023436,25,1.2291730525936098,A.Smith
2012,2012_07_TEN_BUF,BUF,00-0023682,36,6.036292229908025,R.Fitzpatrick
2012,2012_07_TEN_BUF,TEN,00-0007091,35,8.803398563119117,M.Hasselbeck
2012,2012_07_WAS_NYG,NYG,00-0022803,41,7.438765659369594,E.Manning
2012,2012_07_WAS_NYG,WAS,00-0029665,31,8.188255191385874,R.Griffin
2012,2012_08_ATL_PHI,ATL,00-0026143,31,18.74800768213533,M.Ryan
2012,2012_08_ATL_PHI,PHI,00-0020245,38,-0.22212379124092552,M.Vick
2012,2012_08_CAR_CHI,CAR,00-0027939,41,1.8359706789282297,C.Newton
2012,2012_08_CAR_CHI,CHI,00-0024226,35,-8.11475082442825,J.Cutler
2012,2012_08_IND_TEN,IND,00-0029668,40,11.62249318167316,A.Luck
2012,2012_08_IND_TEN,TEN,00-0007091,31,9.72543873507772,M.Hasselbeck
2012,2012_08_JAX_GB,GB,00-0023459,37,-3.2671132058155763,A.Rodgers
2012,2012_08_JAX_GB,GB,00-0026664,1,-2.1535861897282302,T.Masthay
2012,2012_08_JAX_GB,JAX,00-0027948,52,0.39900206645541303,B.Gabbert
2012,2012_08_MIA_NYJ,MIA,00-0025708,20,3.4577419709737374,Matt.Moore
2012,2012_08_MIA_NYJ,MIA,00-0029701,6,-3.758454517672014,R.Tannehill
2012,2012_08_MIA_NYJ,NYJ,00-0026898,59,-16.249719678692788,M.Sanchez
2012,2012_08_NE_STL,LA,00-0024264,2,-3.4614195162430406,K.Clemens
2012,2012_08_NE_STL,LA,00-0027854,32,-3.735319555096794,S.Bradford
2012,2012_08_NE_STL,NE,00-0019596,35,23.350431313499968,T.Brady
2012,2012_08_NE_STL,NE,00-0028012,3,0.6668200942222029,R.Mallett
2012,2012_08_NO_DEN,DEN,00-0010346,30,18.109660137197388,P.Manning
2012,2012_08_NO_DEN,NO,00-0020531,43,-1.4462127716979012,D.Brees
2012,2012_08_NYG_DAL,DAL,00-0021678,65,-11.012391325139554,T.Romo
2012,2012_08_NYG_DAL,NYG,00-0022803,30,-2.8379899642833846,E.Manning
2012,2012_08_OAK_KC,KC,00-0023662,32,-0.6293698111509753,M.Cassel
2012,2012_08_OAK_KC,KC,00-0025409,5,-8.905829821713269,B.Quinn
2012,2012_08_OAK_KC,LV,00-0021429,28,4.225689408629192,C.Palmer
2012,2012_08_SD_CLE,CLE,00-0029677,29,-5.9858163104509,B.Weeden
2012,2012_08_SD_CLE,LAC,00-0022942,34,-5.004644109667447,P.Rivers
2012,2012_08_SEA_DET,DET,00-0026498,51,17.6539051803411,M.Stafford
2012,2012_08_SEA_DET,SEA,00-0029263,35,5.274499316662535,R.Wilson
2012,2012_08_SF_ARI,ARI,00-0027754,56,-5.564905927706026,J.Skelton
2012,2012_08_SF_ARI,SF,00-0023436,23,13.463588316100813,A.Smith
2012,2012_08_TB_MIN,MIN,00-0027950,38,-4.52270916277201,C.Ponder
2012,2012_08_TB_MIN,TB,00-0026993,38,14.019220437180026,J.Freeman
2012,2012_08_WAS_PIT,PIT,00-0022924,33,10.628630243531175,B.Roethlisberger
2012,2012_08_WAS_PIT,PIT,00-0027685,1,-1.3603621064685285,E.Sanders
2012,2012_08_WAS_PIT,WAS,00-0026314,1,-1.417102167615667,J.Morgan
2012,2012_08_WAS_PIT,WAS,00-0029665,35,3.922667391325537,R.Griffin
2012,2012_09_ARI_GB,ARI,00-0027754,48,-1.1670426292694174,J.Skelton
2012,2012_09_ARI_GB,GB,00-0023459,31,5.6529920079548965,A.Rodgers
2012,2012_09_BAL_CLE,BAL,00-0026158,26,3.568741138893645,J.Flacco
2012,2012_09_BAL_CLE,CLE,00-0029677,38,-13.45592523531619,B.Weeden
2012,2012_09_BUF_HOU,BUF,00-0023682,42,-4.006746336676043,R.Fitzpatrick
2012,2012_09_BUF_HOU,HOU,00-0022787,29,12.28679402161399,M.Schaub
2012,2012_09_CAR_WAS,CAR,00-0027939,23,7.3366013107346,C.Newton
2012,2012_09_CAR_WAS,WAS,00-0029665,43,-0.7679696198834458,R.Griffin
2012,2012_09_CHI_TEN,CHI,00-0024226,29,2.1351016013570847,J.Cutler
2012,2012_09_CHI_TEN,TEN,00-0007091,38,-12.646121598509856,M.Hasselbeck
2012,2012_09_DAL_ATL,ATL,00-0026143,37,12.20656178786857,M.Ryan
2012,2012_09_DAL_ATL,DAL,00-0021678,36,8.980377941277483,T.Romo
2012,2012_09_DEN_CIN,CIN,00-0027973,46,2.2322450729995573,A.Dalton
2012,2012_09_DEN_CIN,DEN,00-0010346,35,14.720146644918714,P.Manning
2012,2012_09_DET_JAX,DET,00-0026498,34,17.57319615456268,M.Stafford
2012,2012_09_DET_JAX,JAX,00-0027948,41,0.6332207747329958,B.Gabbert
2012,2012_09_KC_SD,KC,00-0023662,30,-3.8867760780288467,M.Cassel
2012,2012_09_KC_SD,LAC,00-0022942,21,9.144964634219754,P.Rivers
2012,2012_09_MIA_IND,IND,00-0029668,49,24.400811181758463,A.Luck
2012,2012_09_MIA_IND,MIA,00-0029701,40,7.1961438522569035,R.Tannehill
2012,2012_09_MIN_SEA,MIN,00-0027950,26,-10.346112169486933,C.Ponder
2012,2012_09_MIN_SEA,SEA,00-0025431,1,1.8674207678996027,S.Rice
2012,2012_09_MIN_SEA,SEA,00-0029263,25,9.833117258443963,R.Wilson
2012,2012_09_PHI_NO,NO,00-0020531,29,9.334405321785761,D.Brees
2012,2012_09_PHI_NO,PHI,00-0020245,47,-10.228025554368234,M.Vick
2012,2012_09_PIT_NYG,NYG,00-0022803,26,-7.11445117801468,E.Manning
2012,2012_09_PIT_NYG,PIT,00-0022924,33,-9.439942207507556,B.Roethlisberger
2012,2012_09_TB_OAK,LV,00-0019714,1,-1.8331251109484583,S.Lechler
2012,2012_09_TB_OAK,LV,00-0021429,64,1.7261354701117817,C.Palmer
2012,2012_09_TB_OAK,TB,00-0026993,31,12.824595376813646,J.Freeman
2012,2012_10_ATL_NO,ATL,00-0026143,53,20.45745276816129,M.Ryan
2012,2012_10_ATL_NO,NO,00-0020531,33,11.904978751997525,D.Brees
2012,2012_10_BUF_NE,BUF,00-0023682,43,14.538789405827348,R.Fitzpatrick
2012,2012_10_BUF_NE,NE,00-0019596,39,8.782109180798301,T.Brady
2012,2012_10_DAL_PHI,DAL,00-0021678,29,7.476434254138189,T.Romo
2012,2012_10_DAL_PHI,PHI,00-0020245,9,4.233384630118962,M.Vick
2012,2012_10_DAL_PHI,PHI,00-0029567,33,-11.638733104802668,N.Foles
2012,2012_10_DEN_CAR,CAR,00-0027939,43,-13.779309624922462,C.Newton
2012,2012_10_DEN_CAR,DEN,00-0010346,39,5.721647362250265,P.Manning
2012,2012_10_DET_MIN,DET,00-0026498,44,12.635404992756207,M.Stafford
2012,2012_10_DET_MIN,MIN,00-0027950,34,4.4661051075917655,C.Ponder
2012,2012_10_HOU_CHI,CHI,00-0023460,19,-6.497917298433276,J.Campbell
2012,2012_10_HOU_CHI,CHI,00-0024226,14,-9.900966928212714,J.Cutler
2012,2012_10_HOU_CHI,HOU,00-0022787,27,-10.070919489775749,M.Schaub
2012,2012_10_IND_JAX,IND,00-0029668,28,-1.9178198778950954,A.Luck
2012,2012_10_IND_JAX,JAX,00-0026197,17,-0.9718487765057944,C.Henne
2012,2012_10_IND_JAX,JAX,00-0027948,34,-7.710119465653315,B.Gabbert
2012,2012_10_KC_PIT,KC,00-0023662,27,-8.902420429910823,M.Cassel
2012,2012_10_KC_PIT,PIT,00-0022177,14,2.0230582562095845,B.Leftwich
2012,2012_10_KC_PIT,PIT,00-0022924,19,-0.8969353398223081,B.Roethlisberger
2012,2012_10_NYG_CIN,CIN,00-0027973,30,10.537575667614558,A.Dalton
2012,2012_10_NYG_CIN,NYG,00-0022803,50,-17.118061419381313,E.Manning
2012,2012_10_NYJ_SEA,NYJ,00-0026898,25,-14.756494273489807,M.Sanchez
2012,2012_10_NYJ_SEA,NYJ,00-0027876,3,-0.5361681897193193,T.Tebow
2012,2012_10_NYJ_SEA,SEA,00-0027891,1,3.1938500072574243,G.Tate
2012,2012_10_NYJ_SEA,SEA,00-0029263,23,4.522397155233193,R.Wilson
2012,2012_10_OAK_BAL,BAL,00-0026158,33,17.181905295776648,J.Flacco
2012,2012_10_OAK_BAL,BAL,00-0028118,1,-0.641763836145401,T.Taylor
2012,2012_10_OAK_BAL,LV,00-0021429,48,6.631841921118696,C.Palmer
2012,2012_10_OAK_BAL,LV,00-0024225,1,-0.8028433218132704,M.Leinart
2012,2012_10_SD_TB,LAC,00-0022942,39,9.470923512330046,P.Rivers
2012,2012_10_SD_TB,TB,00-0026993,21,11.650535127788316,J.Freeman
2012,2012_10_STL_SF,LA,00-0027854,39,16.51110448017042,S.Bradford
2012,2012_10_STL_SF,LA,00-0028872,2,4.371174106898252,J.Hekker
2012,2012_10_STL_SF,SF,00-0023436,10,3.5557923241867684,A.Smith
2012,2012_10_STL_SF,SF,00-0027974,20,-2.4100214339190256,C.Kaepernick
2012,2012_10_TEN_MIA,MIA,00-0025708,1,-1.1203277420718223,Matt.Moore
2012,2012_10_TEN_MIA,MIA,00-0029701,40,-16.61949141668155,R.Tannehill
2012,2012_10_TEN_MIA,TEN,00-0007091,1,-1.2030928686430427,M.Hasselbeck
2012,2012_10_TEN_MIA,TEN,00-0027946,22,6.042868032226747,J.Locker
2012,2012_11_ARI_ATL,ARI,00-0027754,7,-5.908161928855218,J.Skelton
2012,2012_11_ARI_ATL,ARI,00-0029531,23,-19.06098624060578,R.Lindley
2012,2012_11_ARI_ATL,ATL,00-0026143,47,-17.363237247445415,M.Ryan
2012,2012_11_BAL_PIT,BAL,00-0026158,34,-3.3874323687490326,J.Flacco
2012,2012_11_BAL_PIT,PIT,00-0022177,42,-6.43320073064549,B.Leftwich
2012,2012_11_CHI_SF,CHI,00-0023460,28,-11.703057300997898,J.Campbell
2012,2012_11_CHI_SF,SF,00-0027974,24,13.043713765969033,C.Kaepernick
2012,2012_11_CHI_SF,SF,00-0028053,1,-1.2787439337698743,K.Hunter
2012,2012_11_CIN_KC,CIN,00-0027973,31,10.37876931597816,A.Dalton
2012,2012_11_CIN_KC,KC,00-0023662,16,-6.102772601026369,M.Cassel
2012,2012_11_CIN_KC,KC,00-0025409,17,-3.157465916359797,B.Quinn
2012,2012_11_CLE_DAL,CLE,00-0029677,37,2.463364557568811,B.Weeden
2012,2012_11_CLE_DAL,DAL,00-0021678,57,-0.34643402420397384,T.Romo
2012,2012_11_GB_DET,DET,00-0026498,44,-16.61010309675868,M.Stafford
2012,2012_11_GB_DET,GB,00-0023459,30,2.195068938606889,A.Rodgers
2012,2012_11_IND_NE,IND,00-0029668,51,-8.876335352427105,A.Luck
2012,2012_11_IND_NE,NE,00-0019596,35,25.414890717085388,T.Brady
2012,2012_11_JAX_HOU,HOU,00-0022787,57,19.02099215481504,M.Schaub
2012,2012_11_JAX_HOU,JAX,00-0026197,34,22.75912610649861,C.Henne
2012,2012_11_JAX_HOU,JAX,00-0027948,3,-2.563504256075248,B.Gabbert
2012,2012_11_MIA_BUF,BUF,00-0023682,30,-5.543656335571995,R.Fitzpatrick
2012,2012_11_MIA_BUF,MIA,00-0029701,31,-4.04906540247151,R.Tannehill
2012,2012_11_NO_OAK,LV,00-0021429,43,-5.2254232541156025,C.Palmer
2012,2012_11_NO_OAK,NO,00-0020531,27,14.834575711664721,D.Brees
2012,2012_11_NO_OAK,NO,00-0026544,1,1.4674322715727612,C.Daniel
2012,2012_11_NYJ_STL,LA,00-0027854,45,-13.912464254084508,S.Bradford
2012,2012_11_NYJ_STL,NYJ,00-0026898,23,7.1490502060734755,M.Sanchez
2012,2012_11_NYJ_STL,NYJ,00-0027876,1,-2.588242910336703,T.Tebow
2012,2012_11_PHI_WAS,PHI,00-0029567,50,-8.166390796110548,N.Foles
2012,2012_11_PHI_WAS,WAS,00-0029665,17,15.974439446930774,R.Griffin
2012,2012_11_SD_DEN,DEN,00-0010346,44,-5.413377714764751,P.Manning
2012,2012_11_SD_DEN,LAC,00-0022942,44,-7.857632699597161,P.Rivers
2012,2012_11_TB_CAR,CAR,00-0027939,30,6.894303842580182,C.Newton
2012,2012_11_TB_CAR,TB,00-0026993,47,-4.346682492938794,J.Freeman
2012,2012_12_ATL_TB,ATL,00-0026143,33,12.99858889874322,M.Ryan
2012,2012_12_ATL_TB,TB,00-0026993,32,9.805790307533616,J.Freeman
2012,2012_12_ATL_TB,TB,00-0027702,1,2.276137005945202,M.Williams
2012,2012_12_BAL_SD,BAL,00-0026158,56,10.436769828573617,J.Flacco
2012,2012_12_BAL_SD,LAC,00-0022942,42,-5.824225963597443,P.Rivers
2012,2012_12_BUF_IND,BUF,00-0023682,35,-2.4417368660495677,R.Fitzpatrick
2012,2012_12_BUF_IND,IND,00-0029668,40,-0.7020701067432937,A.Luck
2012,2012_12_CAR_PHI,CAR,00-0027939,30,15.062820885889476,C.Newton
2012,2012_12_CAR_PHI,PHI,00-0029567,23,-2.1249561059495625,N.Foles
2012,2012_12_DEN_KC,DEN,00-0010346,39,12.458637699154345,P.Manning
2012,2012_12_DEN_KC,KC,00-0025409,27,-8.335391116745448,B.Quinn
2012,2012_12_DEN_KC,KC,00-0026367,1,-1.5722928661651876,P.Hillis
2012,2012_12_GB_NYG,GB,00-0023459,30,-6.804979573653206,A.Rodgers
2012,2012_12_GB_NYG,GB,00-0027602,2,-0.28783029079204425,G.Harrell
2012,2012_12_GB_NYG,NYG,00-0022803,31,14.770025970356073,E.Manning
2012,2012_12_HOU_DET,DET,00-0026498,64,9.47085311339844,M.Stafford
2012,2012_12_HOU_DET,HOU,00-0022787,50,3.0493323258371854,M.Schaub
2012,2012_12_MIN_CHI,CHI,00-0024226,32,-0.15466800517955015,J.Cutler
2012,2012_12_MIN_CHI,MIN,00-0027950,45,-10.092067644090394,C.Ponder
2012,2012_12_NE_NYJ,NE,00-0019596,27,24.084952797758557,T.Brady
2012,2012_12_NE_NYJ,NYJ,00-0026898,37,7.522938955284189,M.Sanchez
2012,2012_12_OAK_CIN,CIN,00-0027973,32,4.82326869521096,A.Dalton
2012,2012_12_OAK_CIN,LV,00-0021429,38,-16.668342029978376,C.Palmer
2012,2012_12_PIT_CLE,CLE,00-0029677,30,-12.580113146516561,B.Weeden
2012,2012_12_PIT_CLE,PIT,00-0000865,35,-8.355753328709397,C.Batch
2012,2012_12_SEA_MIA,MIA,00-0029701,26,5.154021181544522,R.Tannehill
2012,2012_12_SEA_MIA,SEA,00-0029263,29,13.86700373282656,R.Wilson
2012,2012_12_SF_NO,NO,00-0020531,46,-21.75809491390828,D.Brees
2012,2012_12_SF_NO,SF,00-0027974,25,10.723162692044998,C.Kaepernick
2012,2012_12_STL_ARI,ARI,00-0029531,54,-19.251733390892365,R.Lindley
2012,2012_12_STL_ARI,LA,00-0024264,1,-0.5621223021298647,K.Clemens
2012,2012_12_STL_ARI,LA,00-0027854,19,2.8894579718471505,S.Bradford
2012,2012_12_TEN_JAX,JAX,00-0026197,33,-1.3595821987255476,C.Henne
2012,2012_12_TEN_JAX,TEN,00-0027946,41,4.936603201145435,J.Locker
2012,2012_12_WAS_DAL,DAL,00-0021678,63,10.84048047600499,T.Romo
2012,2012_12_WAS_DAL,WAS,00-0029665,30,12.920631926863415,R.Griffin
2012,2012_13_ARI_NYJ,ARI,00-0029531,33,-21.769919992325402,R.Lindley
2012,2012_13_ARI_NYJ,NYJ,00-0026898,24,-18.274094332996178,M.Sanchez
2012,2012_13_ARI_NYJ,NYJ,00-0028146,7,2.0791415502899326,G.McElroy
2012,2012_13_CAR_KC,CAR,00-0027939,29,6.9230990431969985,C.Newton
2012,2012_13_CAR_KC,KC,00-0025409,24,11.282735958490365,B.Quinn
2012,2012_13_CIN_SD,CIN,00-0027973,39,-5.8498658691893475,A.Dalton
2012,2012_13_CIN_SD,LAC,00-0022942,51,-10.610569338256942,P.Rivers
2012,2012_13_CLE_OAK,CLE,00-0029677,37,10.830565829340273,B.Weeden
2012,2012_13_CLE_OAK,LV,00-0021429,52,11.249779784265172,C.Palmer
2012,2012_13_HOU_TEN,HOU,00-0022787,35,0.9346435802067177,M.Schaub
2012,2012_13_HOU_TEN,TEN,00-0027946,51,-13.372432707552095,J.Locker
2012,2012_13_IND_DET,DET,00-0026498,46,-0.4717902897633013,M.Stafford
2012,2012_13_IND_DET,IND,00-0029668,54,-1.1849870519363321,A.Luck
2012,2012_13_JAX_BUF,BUF,00-0023682,17,-0.500491649436805,R.Fitzpatrick
2012,2012_13_JAX_BUF,JAX,00-0026197,45,-16.757923750440654,C.Henne
2012,2012_13_MIN_GB,GB,00-0023459,37,11.749156788493337,A.Rodgers
2012,2012_13_MIN_GB,MIN,00-0027950,25,-8.93190912325977,C.Ponder
2012,2012_13_NE_MIA,MIA,00-0029701,31,-4.499007707554666,R.Tannehill
2012,2012_13_NE_MIA,NE,00-0019596,44,4.134101339910773,T.Brady
2012,2012_13_NO_ATL,ATL,00-0026143,34,-5.160152582180254,M.Ryan
2012,2012_13_NO_ATL,NO,00-0020531,51,-15.998395725327018,D.Brees
2012,2012_13_NYG_WAS,NYG,00-0022803,34,12.503865335032653,E.Manning
2012,2012_13_NYG_WAS,WAS,00-0029665,21,5.082953980770073,R.Griffin
2012,2012_13_PHI_DAL,DAL,00-0021678,29,21.909975986208032,T.Romo
2012,2012_13_PHI_DAL,PHI,00-0029567,36,8.051561560647214,N.Foles
2012,2012_13_PIT_BAL,BAL,00-0026158,37,-9.998811515523002,J.Flacco
2012,2012_13_PIT_BAL,PIT,00-0000865,38,6.709721628173835,C.Batch
2012,2012_13_PIT_BAL,PIT,00-0027793,1,-2.714625772088766,A.Brown
2012,2012_13_SEA_CHI,CHI,00-0024226,26,10.776502411812544,J.Cutler
2012,2012_13_SEA_CHI,SEA,00-0029263,39,13.499839292176654,R.Wilson
2012,2012_13_SF_STL,LA,00-0027854,41,-3.577897065692854,S.Bradford
2012,2012_13_SF_STL,SF,00-0027974,35,5.044318747929395,C.Kaepernick
2012,2012_13_TB_DEN,DEN,00-0010346,38,4.587389406568917,P.Manning
2012,2012_13_TB_DEN,TB,00-0026993,40,-4.435591915852634,J.Freeman
2012,2012_14_ARI_SEA,ARI,00-0027754,23,-27.539725243637804,J.Skelton
2012,2012_14_ARI_SEA,ARI,00-0029531,19,-6.642627278226428,R.Lindley
2012,2012_14_ARI_SEA,SEA,00-0026349,9,3.654005476112261,M.Flynn
2012,2012_14_ARI_SEA,SEA,00-0029263,14,6.207187151065945,R.Wilson
2012,2012_14_ATL_CAR,ATL,00-0026143,52,12.736600863732864,M.Ryan
2012,2012_14_ATL_CAR,CAR,00-0027939,36,11.894835086486886,C.Newton
2012,2012_14_BAL_WAS,BAL,00-0026158,23,1.6817582308722194,J.Flacco
2012,2012_14_BAL_WAS,WAS,00-0029604,2,4.27333254221594,K.Cousins
2012,2012_14_BAL_WAS,WAS,00-0029665,29,8.289412276428555,R.Griffin
2012,2012_14_CHI_MIN,CHI,00-0023460,9,5.439311106747482,J.Campbell
2012,2012_14_CHI_MIN,CHI,00-0024226,46,-16.44728018360911,J.Cutler
2012,2012_14_CHI_MIN,MIN,00-0027950,18,-1.4268067895900458,C.Ponder
2012,2012_14_DAL_CIN,CIN,00-0027973,38,-4.145535392027201,A.Dalton
2012,2012_14_DAL_CIN,DAL,00-0021678,46,6.938728445502466,T.Romo
2012,2012_14_DEN_OAK,DEN,00-0010346,39,8.991514183407912,P.Manning
2012,2012_14_DEN_OAK,LV,00-0021429,32,1.994878707089927,C.Palmer
2012,2012_14_DET_GB,DET,00-0026498,45,-4.146799292155883,M.Stafford
2012,2012_14_DET_GB,GB,00-0023459,27,-6.3002184151227105,A.Rodgers
2012,2012_14_HOU_NE,HOU,00-0022787,34,-5.570628064364428,M.Schaub
2012,2012_14_HOU_NE,HOU,00-0028090,4,0.9477945808903314,T.Yates
2012,2012_14_HOU_NE,NE,00-0019596,36,17.41197209438542,T.Brady
2012,2012_14_HOU_NE,NE,00-0028012,1,-3.280641940305941,R.Mallett
2012,2012_14_KC_CLE,CLE,00-0029677,33,3.983052012324484,B.Weeden
2012,2012_14_KC_CLE,KC,00-0025409,26,-11.436397127108648,B.Quinn
2012,2012_14_MIA_SF,MIA,00-0029701,35,-2.6453719596812686,R.Tannehill
2012,2012_14_MIA_SF,SF,00-0027974,27,0.24875054642031502,C.Kaepernick
2012,2012_14_NO_NYG,NO,00-0020531,44,0.5600543251966021,D.Brees
2012,2012_14_NO_NYG,NYG,00-0022803,35,-0.5523720144490842,E.Manning
2012,2012_14_NYJ_JAX,JAX,00-0026197,45,-12.26645352278786,C.Henne
2012,2012_14_NYJ_JAX,NYJ,00-0026898,20,-5.765012313562301,M.Sanchez
2012,2012_14_PHI_TB,PHI,00-0029567,57,7.220150902990746,N.Foles
2012,2012_14_PHI_TB,TB,00-0026993,36,-0.3113024943158962,J.Freeman
2012,2012_14_SD_PIT,LAC,00-0022942,42,7.727666454235408,P.Rivers
2012,2012_14_SD_PIT,LAC,00-0027912,1,-0.6590914065018296,D.Alexander
2012,2012_14_SD_PIT,PIT,00-0022924,43,4.414374228217639,B.Roethlisberger
2012,2012_14_STL_BUF,BUF,00-0019310,1,-0.947,R.Lindell
2012,2012_14_STL_BUF,BUF,00-0023682,38,0.29769660977199575,R.Fitzpatrick
2012,2012_14_STL_BUF,LA,00-0027854,41,0.9180377766462042,S.Bradford
2012,2012_14_TEN_IND,IND,00-0029668,38,-6.349498195443991,A.Luck
2012,2012_14_TEN_IND,TEN,00-0027946,36,-1.9128802229014337,J.Locker
2012,2012_15_CAR_SD,CAR,00-0027939,35,10.467654403591157,C.Newton
2012,2012_15_CAR_SD,LAC,00-0022942,29,-14.52629991847789,P.Rivers
2012,2012_15_CIN_PHI,CIN,00-0027973,33,-15.963727734211528,A.Dalton
2012,2012_15_CIN_PHI,PHI,00-0029567,34,-8.266289478605442,N.Foles
2012,2012_15_DEN_BAL,BAL,00-0026158,43,-18.080687826367825,J.Flacco
2012,2012_15_DEN_BAL,DEN,00-0010346,30,4.578950457455884,P.Manning
2012,2012_15_DET_ARI,ARI,00-0029531,22,-9.572636149333453,R.Lindley
2012,2012_15_DET_ARI,DET,00-0026498,52,-26.657587846565796,M.Stafford
2012,2012_15_GB_CHI,CHI,00-0024226,25,-10.23882003582982,J.Cutler
2012,2012_15_GB_CHI,GB,00-0023459,39,17.55989176387484,A.Rodgers
2012,2012_15_IND_HOU,HOU,00-0022787,34,8.882293801658532,M.Schaub
2012,2012_15_IND_HOU,IND,00-0029668,31,-5.361171079410093,A.Luck
2012,2012_15_JAX_MIA,JAX,00-0026197,36,-0.5096140099522564,C.Henne
2012,2012_15_JAX_MIA,MIA,00-0025612,1,-2.1032492129597813,B.Fields
2012,2012_15_JAX_MIA,MIA,00-0029701,30,6.749256665463939,R.Tannehill
2012,2012_15_KC_OAK,KC,00-0025409,36,-20.739931787538808,B.Quinn
2012,2012_15_KC_OAK,LV,00-0021429,29,2.8823760881927623,C.Palmer
2012,2012_15_KC_OAK,LV,00-0028825,1,-1.2375423829071224,T.Pryor
2012,2012_15_MIN_STL,LA,00-0027854,60,-2.365580693557492,S.Bradford
2012,2012_15_MIN_STL,MIN,00-0027950,26,-3.4393049080370632,C.Ponder
2012,2012_15_NYG_ATL,ATL,00-0026143,29,21.71914056246169,M.Ryan
2012,2012_15_NYG_ATL,NYG,00-0022803,26,-13.436804669613483,E.Manning
2012,2012_15_NYJ_TEN,NYJ,00-0026898,31,-14.087291475808925,M.Sanchez
2012,2012_15_NYJ_TEN,NYJ,00-0027876,2,-2.013019948732108,T.Tebow
2012,2012_15_NYJ_TEN,TEN,00-0027946,26,-3.3660946041927673,J.Locker
2012,2012_15_PIT_DAL,DAL,00-0021678,43,13.124959893535506,T.Romo
2012,2012_15_PIT_DAL,PIT,00-0022924,44,6.864056409369969,B.Roethlisberger
2012,2012_15_SEA_BUF,BUF,00-0023682,40,-20.915665385889675,R.Fitzpatrick
2012,2012_15_SEA_BUF,BUF,00-0025604,5,-0.1252952115610242,T.Thigpen
2012,2012_15_SEA_BUF,SEA,00-0029263,25,9.064499484779585,R.Wilson
2012,2012_15_SF_NE,NE,00-0019596,66,-0.9382649428456808,T.Brady
2012,2012_15_SF_NE,SF,00-0027974,26,8.25921873562038,C.Kaepernick
2012,2012_15_TB_NO,NO,00-0020531,39,12.735096633383424,D.Brees
2012,2012_15_TB_NO,TB,00-0023578,7,-0.7879688799730502,D.Orlovsky
2012,2012_15_TB_NO,TB,00-0026993,49,-19.982688747462817,J.Freeman
2012,2012_15_WAS_CLE,CLE,00-0029677,37,-12.56141641078284,B.Weeden
2012,2012_15_WAS_CLE,WAS,00-0029604,39,10.245042084603599,K.Cousins
2012,2012_16_ATL_DET,ATL,00-0026143,33,17.765033646846167,M.Ryan
2012,2012_16_ATL_DET,DET,00-0026498,56,9.32195642118055,M.Stafford
2012,2012_16_BUF_MIA,BUF,00-0023682,37,1.454135150037473,R.Fitzpatrick
2012,2012_16_BUF_MIA,MIA,00-0029701,27,-0.5821521376455301,R.Tannehill
2012,2012_16_CHI_ARI,ARI,00-0026625,21,-9.841077807126567,B.Hoyer
2012,2012_16_CHI_ARI,ARI,00-0029531,32,-11.64408033897119,R.Lindley
2012,2012_16_CHI_ARI,CHI,00-0024226,27,-3.3354428376769647,J.Cutler
2012,2012_16_CIN_PIT,CIN,00-0027973,47,-3.702579279825259,A.Dalton
2012,2012_16_CIN_PIT,PIT,00-0022924,32,-11.538840293286182,B.Roethlisberger
2012,2012_16_CLE_DEN,CLE,00-0027688,21,-6.628599628398661,C.McCoy
2012,2012_16_CLE_DEN,CLE,00-0029677,21,-1.509478789915024,B.Weeden
2012,2012_16_CLE_DEN,DEN,00-0010346,43,18.218151234232483,P.Manning
2012,2012_16_IND_KC,IND,00-0029608,1,-0.8833354458329268,T.Hilton
2012,2012_16_IND_KC,IND,00-0029668,38,1.0995374762518537,A.Luck
2012,2012_16_IND_KC,KC,00-0025409,23,-8.771808643973438,B.Quinn
2012,2012_16_MIN_HOU,HOU,00-0022787,35,-5.4436464566106455,M.Schaub
2012,2012_16_MIN_HOU,HOU,00-0028090,2,-4.292596891755238,T.Yates
2012,2012_16_MIN_HOU,MIN,00-0027950,31,1.9770958265858578,C.Ponder
2012,2012_16_NE_JAX,JAX,00-0026197,50,-2.374504551051684,C.Henne
2012,2012_16_NE_JAX,NE,00-0019596,44,5.8732440729838045,T.Brady
2012,2012_16_NO_DAL,DAL,00-0021678,44,17.822601132193803,T.Romo
2012,2012_16_NO_DAL,NO,00-0020531,53,30.409080246848674,D.Brees
2012,2012_16_NYG_BAL,BAL,00-0026158,36,21.40892339924942,J.Flacco
2012,2012_16_NYG_BAL,NYG,00-0022803,31,-0.39585481956601143,E.Manning
2012,2012_16_OAK_CAR,CAR,00-0027939,31,3.284981008048887,C.Newton
2012,2012_16_OAK_CAR,LV,00-0021429,3,2.510204658843577,C.Palmer
2012,2012_16_OAK_CAR,LV,00-0024225,33,-10.021970373780729,M.Leinart
2012,2012_16_OAK_CAR,LV,00-0028825,1,0.3074557025101967,T.Pryor
2012,2012_16_SD_NYJ,LAC,00-0022942,26,1.6248119502561167,P.Rivers
2012,2012_16_SD_NYJ,NYJ,00-0028091,1,2.322969053639099,J.Kerley
2012,2012_16_SD_NYJ,NYJ,00-0028146,35,-17.92864230465746,G.McElroy
2012,2012_16_SF_SEA,SEA,00-0025431,1,-0.4732295605354011,S.Rice
2012,2012_16_SF_SEA,SEA,00-0029263,22,16.545309503853787,R.Wilson
2012,2012_16_SF_SEA,SF,00-0027974,37,1.1928715153538825,C.Kaepernick
2012,2012_16_STL_TB,LA,00-0027854,27,6.912583048921078,S.Bradford
2012,2012_16_STL_TB,TB,00-0026993,59,-17.97577253646772,J.Freeman
2012,2012_16_TEN_GB,GB,00-0023459,39,14.630445042852637,A.Rodgers
2012,2012_16_TEN_GB,GB,00-0027602,2,-0.3678185361204669,G.Harrell
2012,2012_16_TEN_GB,TEN,00-0027946,37,-20.59715494059492,J.Locker
2012,2012_16_WAS_PHI,PHI,00-0029567,53,-3.6000511645620192,N.Foles
2012,2012_16_WAS_PHI,WAS,00-0029665,25,4.035292519046742,R.Griffin
2012,2012_17_ARI_SF,ARI,00-0026625,36,-1.2479218569124146,B.Hoyer
2012,2012_17_ARI_SF,SF,00-0023436,1,-0.5659660244127735,A.Smith
2012,2012_17_ARI_SF,SF,00-0027974,29,16.842075104216423,C.Kaepernick
2012,2012_17_BAL_CIN,BAL,00-0026158,9,-5.568577229510993,J.Flacco
2012,2012_17_BAL_CIN,BAL,00-0028118,28,-7.09330672068285,T.Taylor
2012,2012_17_BAL_CIN,CIN,00-0024408,11,-3.0611009185791986,B.Gradkowski
2012,2012_17_BAL_CIN,CIN,00-0027973,17,-1.1122112447046675,A.Dalton
2012,2012_17_CAR_NO,CAR,00-0023645,1,1.3246748697711155,D.Anderson
2012,2012_17_CAR_NO,CAR,00-0027939,34,2.931026145440772,C.Newton
2012,2012_17_CAR_NO,NO,00-0020531,45,12.523199502016144,D.Brees
2012,2012_17_CHI_DET,CHI,00-0024226,33,2.984516648623173,J.Cutler
2012,2012_17_CHI_DET,DET,00-0026498,42,-0.46910000812700314,M.Stafford
2012,2012_17_CLE_PIT,CLE,00-0026300,1,-2.273151735018473,J.Johnson
2012,2012_17_CLE_PIT,CLE,00-0027253,35,-0.27873211353031824,T.Lewis
2012,2012_17_CLE_PIT,PIT,00-0022924,25,4.460605765867513,B.Roethlisberger
2012,2012_17_DAL_WAS,DAL,00-0021678,40,-5.027507546310372,T.Romo
2012,2012_17_DAL_WAS,WAS,00-0029665,19,-1.0857170491944999,R.Griffin
2012,2012_17_GB_MIN,GB,00-0023459,44,12.730497894390503,A.Rodgers
2012,2012_17_GB_MIN,MIN,00-0027950,29,12.374621962488881,C.Ponder
2012,2012_17_HOU_IND,HOU,00-0022787,40,2.0956787341659666,M.Schaub
2012,2012_17_HOU_IND,IND,00-0029668,29,8.9752037684666,A.Luck
2012,2012_17_JAX_TEN,JAX,00-0026197,49,-18.765209102231776,C.Henne
2012,2012_17_JAX_TEN,TEN,00-0027946,17,-1.5424921275116503,J.Locker
2012,2012_17_KC_DEN,DEN,00-0010346,28,27.390411573986057,P.Manning
2012,2012_17_KC_DEN,DEN,00-0029682,4,-0.2667718182002998,B.Osweiler
2012,2012_17_KC_DEN,KC,00-0025409,20,-12.553993194477657,B.Quinn
2012,2012_17_MIA_NE,MIA,00-0029701,42,-7.967410928769553,R.Tannehill
2012,2012_17_MIA_NE,NE,00-0019596,37,11.29310458357213,T.Brady
2012,2012_17_NYJ_BUF,BUF,00-0023682,26,8.587220872389128,R.Fitzpatrick
2012,2012_17_NYJ_BUF,NYJ,00-0026898,36,-11.898789883875505,M.Sanchez
2012,2012_17_OAK_SD,LAC,00-0022942,19,9.270560672427322,P.Rivers
2012,2012_17_OAK_SD,LV,00-0028825,28,2.2704431073216256,T.Pryor
2012,2012_17_PHI_NYG,NYG,00-0020608,1,1.6607886911951937,D.Carr
2012,2012_17_PHI_NYG,NYG,00-0022803,22,16.06653615151299,E.Manning
2012,2012_17_PHI_NYG,PHI,00-0020245,36,1.760311876134132,M.Vick
2012,2012_17_PHI_NYG,PHI,00-0025479,2,0.014045633841305971,T.Edwards
2012,2012_17_STL_SEA,LA,00-0027854,42,2.9032890227291834,S.Bradford
2012,2012_17_STL_SEA,SEA,00-0029263,25,6.8764880541291,R.Wilson
2012,2012_17_TB_ATL,ATL,00-0026143,46,-2.8015278766979463,M.Ryan
2012,2012_17_TB_ATL,TB,00-0026993,36,3.5999069966626367,J.Freeman
2012,2012_18_CIN_HOU,CIN,00-0027973,32,-16.964802296146548,A.Dalton
2012,2012_18_CIN_HOU,HOU,00-0022787,36,-1.174114594216228,M.Schaub
2012,2012_18_IND_BAL,BAL,00-0026158,24,13.846431464048127,J.Flacco
2012,2012_18_IND_BAL,IND,00-0029668,57,-8.597367442456463,A.Luck
2012,2012_18_MIN_GB,GB,00-0023459,36,8.146143303485587,A.Rodgers
2012,2012_18_MIN_GB,MIN,00-0027796,32,-10.052163879489296,J.Webb
2012,2012_18_SEA_WAS,SEA,00-0029263,32,-0.2727915536443528,R.Wilson
2012,2012_18_SEA_WAS,WAS,00-0029604,10,-4.814086849743035,K.Cousins
2012,2012_18_SEA_WAS,WAS,00-0029665,21,-0.5508216390153393,R.Griffin
2012,2012_19_BAL_DEN,BAL,00-0026158,35,12.768866655882448,J.Flacco
2012,2012_19_BAL_DEN,DEN,00-0010346,46,3.3169934969631374,P.Manning
2012,2012_19_GB_SF,GB,00-0023459,40,5.523975369424287,A.Rodgers
2012,2012_19_GB_SF,SF,00-0027974,32,4.612647385161836,C.Kaepernick
2012,2012_19_HOU_NE,HOU,00-0022787,53,2.4791112670570032,M.Schaub
2012,2012_19_HOU_NE,NE,00-0019596,41,16.00355940037442,T.Brady
2012,2012_19_SEA_ATL,ATL,00-0026143,35,8.017750745377189,M.Ryan
2012,2012_19_SEA_ATL,SEA,00-0029263,38,17.08342104704934,R.Wilson
2012,2012_20_BAL_NE,BAL,00-0026158,38,11.126807097462006,J.Flacco
2012,2012_20_BAL_NE,NE,00-0019596,52,1.4408065217139665,T.Brady
2012,2012_20_SF_ATL,ATL,00-0026143,43,15.963445171426944,M.Ryan
2012,2012_20_SF_ATL,SF,00-0027974,22,12.897397982667007,C.Kaepernick
2012,2012_21_BAL_SF,BAL,00-0026158,35,12.20707750655731,J.Flacco
2012,2012_21_BAL_SF,SF,00-0027974,32,4.4051230727555275,C.Kaepernick
2013,2013_01_ARI_STL,ARI,00-0021429,44,7.2727418171523395,C.Palmer
2013,2013_01_ARI_STL,LA,00-0027854,38,8.9992598599549,S.Bradford
2013,2013_01_ATL_NO,ATL,00-0026143,41,1.478088449588535,M.Ryan
2013,2013_01_ATL_NO,NO,00-0020531,37,12.503313045056835,D.Brees
2013,2013_01_BAL_DEN,BAL,00-0026158,66,3.395782477708119,J.Flacco
2013,2013_01_BAL_DEN,DEN,00-0010346,45,24.740109924518038,P.Manning
2013,2013_01_CIN_CHI,CHI,00-0024226,32,8.270240995145365,J.Cutler
2013,2013_01_CIN_CHI,CIN,00-0027973,34,7.219991616439074,A.Dalton
2013,2013_01_GB_SF,GB,00-0023459,38,12.762292882543989,A.Rodgers
2013,2013_01_GB_SF,SF,00-0027974,41,25.4419834289574,C.Kaepernick
2013,2013_01_HOU_SD,HOU,00-0022787,47,10.3470591900053,M.Schaub
2013,2013_01_HOU_SD,LAC,00-0022942,31,2.157904972846154,P.Rivers
2013,2013_01_KC_JAX,JAX,00-0026197,6,-1.8019938359211665,C.Henne
2013,2013_01_KC_JAX,JAX,00-0027948,41,-26.938756209332496,B.Gabbert
2013,2013_01_KC_JAX,KC,00-0023436,35,-0.8028464349918067,A.Smith
2013,2013_01_MIA_CLE,CLE,00-0029677,59,-11.027722791285875,B.Weeden
2013,2013_01_MIA_CLE,MIA,00-0029701,42,7.6730298844401865,R.Tannehill
2013,2013_01_MIN_DET,DET,00-0026498,43,6.872371245205605,M.Stafford
2013,2013_01_MIN_DET,MIN,00-0027950,31,-0.3398168546605511,C.Ponder
2013,2013_01_NE_BUF,BUF,00-0030526,27,2.7999344850541092,E.Manuel
2013,2013_01_NE_BUF,NE,00-0019596,55,5.792491532312269,T.Brady
2013,2013_01_NYG_DAL,DAL,00-0021678,52,-7.103085514742935,T.Romo
2013,2013_01_NYG_DAL,NYG,00-0022803,45,7.959909055967655,E.Manning
2013,2013_01_OAK_IND,IND,00-0029668,27,6.636166798125487,A.Luck
2013,2013_01_OAK_IND,LV,00-0028825,30,8.442087504527441,T.Pryor
2013,2013_01_PHI_WAS,PHI,00-0020245,28,5.6401686296866895,M.Vick
2013,2013_01_PHI_WAS,WAS,00-0029665,53,3.308336611814267,R.Griffin
2013,2013_01_SEA_CAR,CAR,00-0027939,24,3.8535684120142832,C.Newton
2013,2013_01_SEA_CAR,SEA,00-0029263,36,11.688899634273866,R.Wilson
2013,2013_01_TB_NYJ,NYJ,00-0028091,1,-1.8386744274757802,J.Kerley
2013,2013_01_TB_NYJ,NYJ,00-0030565,42,-5.540287747115,G.Smith
2013,2013_01_TB_NYJ,TB,00-0026993,34,0.41393066715681925,J.Freeman
2013,2013_01_TEN_PIT,PIT,00-0022924,38,-1.1771209771977738,B.Roethlisberger
2013,2013_01_TEN_PIT,TEN,00-0027946,21,2.189714939344183,J.Locker
2013,2013_02_CAR_BUF,BUF,00-0030526,41,0.9098022683635856,E.Manuel
2013,2013_02_CAR_BUF,CAR,00-0027939,44,-3.323958190326284,C.Newton
2013,2013_02_CLE_BAL,BAL,00-0026158,35,4.904711812204797,J.Flacco
2013,2013_02_CLE_BAL,CLE,00-0023460,4,-3.1493620279361494,J.Campbell
2013,2013_02_CLE_BAL,CLE,00-0029677,38,-5.234801339178404,B.Weeden
2013,2013_02_DAL_KC,DAL,00-0021678,45,5.963299880436562,T.Romo
2013,2013_02_DAL_KC,KC,00-0023436,38,0.36392744179958036,A.Smith
2013,2013_02_DEN_NYG,DEN,00-0010346,43,21.433350537616928,P.Manning
2013,2013_02_DEN_NYG,NYG,00-0022803,50,-5.766984196249476,E.Manning
2013,2013_02_DET_ARI,ARI,00-0021429,41,-11.445592532609329,C.Palmer
2013,2013_02_DET_ARI,ARI,00-0027943,1,1.0978419819730334,P.Peterson
2013,2013_02_DET_ARI,DET,00-0026498,37,7.214396868864027,M.Stafford
2013,2013_02_JAX_OAK,JAX,00-0026197,43,-1.6848330913958192,C.Henne
2013,2013_02_JAX_OAK,LV,00-0028825,26,-1.705615224688462,T.Pryor
2013,2013_02_MIA_IND,IND,00-0029668,46,-1.843429321845524,A.Luck
2013,2013_02_MIA_IND,MIA,00-0029701,38,4.712577487633098,R.Tannehill
2013,2013_02_MIN_CHI,CHI,00-0024226,38,-2.3819049847209017,J.Cutler
2013,2013_02_MIN_CHI,MIN,00-0027950,31,0.2928098367979577,C.Ponder
2013,2013_02_NO_TB,NO,00-0020531,49,-1.211491022941578,D.Brees
2013,2013_02_NO_TB,TB,00-0026993,23,-10.031130858755205,J.Freeman
2013,2013_02_NYJ_NE,NE,00-0019596,40,-7.262863154900387,T.Brady
2013,2013_02_NYJ_NE,NYJ,00-0030565,39,-9.22968602803303,G.Smith
2013,2013_02_PIT_CIN,CIN,00-0027973,45,3.927875385495046,A.Dalton
2013,2013_02_PIT_CIN,PIT,00-0022924,38,-1.9767370034824125,B.Roethlisberger
2013,2013_02_SD_PHI,LAC,00-0022942,48,29.697319443173786,P.Rivers
2013,2013_02_SD_PHI,PHI,00-0020245,38,16.22265015674668,M.Vick
2013,2013_02_SD_PHI,PHI,00-0029567,1,-0.6928741743322462,N.Foles
2013,2013_02_SF_SEA,SEA,00-0029263,23,1.0446117709944827,R.Wilson
2013,2013_02_SF_SEA,SF,00-0027974,31,-24.898302966269043,C.Kaepernick
2013,2013_02_STL_ATL,ATL,00-0026143,45,13.353008533013053,M.Ryan
2013,2013_02_STL_ATL,LA,00-0027854,55,3.895980862492372,S.Bradford
2013,2013_02_TEN_HOU,HOU,00-0022787,50,-6.641219505037267,M.Schaub
2013,2013_02_TEN_HOU,TEN,00-0027946,34,0.9120691479143868,J.Locker
2013,2013_02_WAS_GB,GB,00-0023459,46,24.846127530423768,A.Rodgers
2013,2013_02_WAS_GB,WAS,00-0029665,42,10.756844521508874,R.Griffin
2013,2013_03_ARI_NO,ARI,00-0021429,39,-16.95640060468577,C.Palmer
2013,2013_03_ARI_NO,NO,00-0020531,50,10.977007505335857,D.Brees
2013,2013_03_ATL_MIA,ATL,00-0026143,38,10.402140103502193,M.Ryan
2013,2013_03_ATL_MIA,MIA,00-0029701,40,-1.8761182637153246,R.Tannehill
2013,2013_03_BUF_NYJ,BUF,00-0030526,50,-11.17748731832211,E.Manuel
2013,2013_03_BUF_NYJ,NYJ,00-0030565,29,9.404485223065963,G.Smith
2013,2013_03_CHI_PIT,CHI,00-0024226,32,3.690376769384084,J.Cutler
2013,2013_03_CHI_PIT,PIT,00-0022924,44,-12.231249764388545,B.Roethlisberger
2013,2013_03_CLE_MIN,CLE,00-0026625,57,-9.814671069906954,B.Hoyer
2013,2013_03_CLE_MIN,CLE,00-0028347,1,4.245240559626836,S.Lanning
2013,2013_03_CLE_MIN,MIN,00-0027950,48,-14.757832462449906,C.Ponder
2013,2013_03_DET_WAS,DET,00-0026498,43,12.533895794904016,M.Stafford
2013,2013_03_DET_WAS,WAS,00-0029665,52,3.862075810518355,R.Griffin
2013,2013_03_GB_CIN,CIN,00-0027973,32,2.454590718354896,A.Dalton
2013,2013_03_GB_CIN,GB,00-0023459,47,-6.922299266151673,A.Rodgers
2013,2013_03_HOU_BAL,BAL,00-0026158,26,7.538411414715705,J.Flacco
2013,2013_03_HOU_BAL,HOU,00-0022787,38,-11.821718413490029,M.Schaub
2013,2013_03_IND_SF,IND,00-0029668,27,4.802274708309365,A.Luck
2013,2013_03_IND_SF,SF,00-0027974,30,-9.602566465677228,C.Kaepernick
2013,2013_03_JAX_SEA,JAX,00-0026197,41,-8.599879635672599,C.Henne
2013,2013_03_JAX_SEA,SEA,00-0024279,8,9.1852669348591,T.Jackson
2013,2013_03_JAX_SEA,SEA,00-0029263,23,3.309044261055533,R.Wilson
2013,2013_03_KC_PHI,KC,00-0023436,39,9.224866017019542,A.Smith
2013,2013_03_KC_PHI,PHI,00-0020245,36,-18.2876261729074,M.Vick
2013,2013_03_NYG_CAR,CAR,00-0027939,28,7.436522528234228,C.Newton
2013,2013_03_NYG_CAR,NYG,00-0022803,30,-13.834620261666084,E.Manning
2013,2013_03_NYG_CAR,NYG,00-0027134,4,-2.2051834523444995,C.Painter
2013,2013_03_OAK_DEN,DEN,00-0010346,38,18.254920588712828,P.Manning
2013,2013_03_OAK_DEN,LV,00-0026144,1,2.510503833531402,D.McFadden
2013,2013_03_OAK_DEN,LV,00-0026349,2,2.851763659477001,M.Flynn
2013,2013_03_OAK_DEN,LV,00-0028825,31,6.86873742408352,T.Pryor
2013,2013_03_SD_TEN,LAC,00-0022942,26,7.520777982511651,P.Rivers
2013,2013_03_SD_TEN,TEN,00-0027946,38,6.501859856943945,J.Locker
2013,2013_03_STL_DAL,DAL,00-0021678,25,10.995132926237098,T.Romo
2013,2013_03_STL_DAL,LA,00-0027854,54,-16.493988772155717,S.Bradford
2013,2013_03_STL_DAL,LA,00-0028872,1,-1.8240076925139874,J.Hekker
2013,2013_03_TB_NE,NE,00-0019596,39,3.1311645604132563,T.Brady
2013,2013_03_TB_NE,TB,00-0026993,44,-7.716352544152339,J.Freeman
2013,2013_04_ARI_TB,ARI,00-0021429,39,-4.738261362625776,C.Palmer
2013,2013_04_ARI_TB,TB,00-0030520,45,-10.19405542420801,M.Glennon
2013,2013_04_BAL_BUF,BAL,00-0026158,54,-14.081339700076333,J.Flacco
2013,2013_04_BAL_BUF,BUF,00-0030526,24,-7.637055701355305,E.Manuel
2013,2013_04_CHI_DET,CHI,00-0024226,52,-7.938877227242556,J.Cutler
2013,2013_04_CHI_DET,DET,00-0026498,36,-4.002891495805417,M.Stafford
2013,2013_04_CIN_CLE,CIN,00-0027973,44,-10.321788361821401,A.Dalton
2013,2013_04_CIN_CLE,CLE,00-0026625,41,8.65471001848317,B.Hoyer
2013,2013_04_DAL_SD,DAL,00-0021678,40,1.5745950517738043,T.Romo
2013,2013_04_DAL_SD,LAC,00-0022942,43,10.128288069977826,P.Rivers
2013,2013_04_IND_JAX,IND,00-0007091,3,2.451773956070305,M.Hasselbeck
2013,2013_04_IND_JAX,IND,00-0029668,37,8.464674573604906,A.Luck
2013,2013_04_IND_JAX,JAX,00-0027948,36,-23.128249244224868,B.Gabbert
2013,2013_04_MIA_NO,MIA,00-0029701,39,-6.247214599861763,R.Tannehill
2013,2013_04_MIA_NO,NO,00-0020531,41,24.65665832845815,D.Brees
2013,2013_04_NE_ATL,ATL,00-0026143,56,4.44039828555446,M.Ryan
2013,2013_04_NE_ATL,NE,00-0019596,31,19.391968521836656,T.Brady
2013,2013_04_NYG_KC,KC,00-0023436,42,6.170150890126781,A.Smith
2013,2013_04_NYG_KC,NYG,00-0022803,40,-6.899195785299958,E.Manning
2013,2013_04_NYJ_TEN,NYJ,00-0030565,39,-8.087567330175183,G.Smith
2013,2013_04_NYJ_TEN,TEN,00-0023682,8,5.702776435064152,R.Fitzpatrick
2013,2013_04_NYJ_TEN,TEN,00-0027946,26,7.454016504575666,J.Locker
2013,2013_04_PHI_DEN,DEN,00-0010346,35,20.65359622624237,P.Manning
2013,2013_04_PHI_DEN,DEN,00-0029682,3,-0.9162860353615692,B.Osweiler
2013,2013_04_PHI_DEN,PHI,00-0020245,30,5.683543640633958,M.Vick
2013,2013_04_PHI_DEN,PHI,00-0029567,4,5.06398630910553,N.Foles
2013,2013_04_PIT_MIN,MIN,00-0023662,26,14.886225628385082,M.Cassel
2013,2013_04_PIT_MIN,PIT,00-0022924,53,10.550428730069594,B.Roethlisberger
2013,2013_04_SEA_HOU,HOU,00-0022787,53,-5.5293848015789955,M.Schaub
2013,2013_04_SEA_HOU,SEA,00-0029263,28,-7.361764238229785,R.Wilson
2013,2013_04_SF_STL,LA,00-0027854,46,-17.781198673753476,S.Bradford
2013,2013_04_SF_STL,SF,00-0027974,25,4.306350468774326,C.Kaepernick
2013,2013_04_WAS_OAK,LV,00-0026349,39,-15.358043362793978,M.Flynn
2013,2013_04_WAS_OAK,WAS,00-0029665,32,2.8019370542024262,R.Griffin
2013,2013_05_BAL_MIA,BAL,00-0026158,34,4.227088053643332,J.Flacco
2013,2013_05_BAL_MIA,MIA,00-0029701,45,-0.5125852185825425,R.Tannehill
2013,2013_05_BUF_CLE,BUF,00-0030024,22,-13.883379151811823,J.Tuel
2013,2013_05_BUF_CLE,BUF,00-0030526,22,1.5611765157023516,E.Manuel
2013,2013_05_BUF_CLE,CLE,00-0026625,4,-0.18180401669815183,B.Hoyer
2013,2013_05_BUF_CLE,CLE,00-0029677,29,0.9812981340207245,B.Weeden
2013,2013_05_CAR_ARI,ARI,00-0021429,30,-2.7011035849452605,C.Palmer
2013,2013_05_CAR_ARI,CAR,00-0027939,46,-19.969145126679493,C.Newton
2013,2013_05_DEN_DAL,DAL,00-0021678,40,30.73990273329131,T.Romo
2013,2013_05_DEN_DAL,DEN,00-0010346,42,32.785227528939814,P.Manning
2013,2013_05_DET_GB,DET,00-0026498,46,-1.0849131585819967,M.Stafford
2013,2013_05_DET_GB,GB,00-0023459,31,6.398530444315406,A.Rodgers
2013,2013_05_HOU_SF,HOU,00-0022787,36,-14.109557614415401,M.Schaub
2013,2013_05_HOU_SF,HOU,00-0028090,5,-0.3170747037511319,T.Yates
2013,2013_05_HOU_SF,SF,00-0027974,16,3.407135604805974,C.Kaepernick
2013,2013_05_JAX_STL,JAX,00-0026197,13,1.9173568932455964,C.Henne
2013,2013_05_JAX_STL,JAX,00-0027948,21,-10.308314519119449,B.Gabbert
2013,2013_05_JAX_STL,LA,00-0027854,36,4.603757533549688,S.Bradford
2013,2013_05_KC_TEN,KC,00-0023436,41,-6.144482989283476,A.Smith
2013,2013_05_KC_TEN,TEN,00-0023682,44,-8.464468631274075,R.Fitzpatrick
2013,2013_05_NE_CIN,CIN,00-0027973,31,-1.4360155326884767,A.Dalton
2013,2013_05_NE_CIN,NE,00-0019596,41,-8.213107121848548,T.Brady
2013,2013_05_NO_CHI,CHI,00-0024226,36,0.8984875618529173,J.Cutler
2013,2013_05_NO_CHI,NO,00-0020531,36,16.296452493013494,D.Brees
2013,2013_05_NYJ_ATL,ATL,00-0026143,47,13.24725701782154,M.Ryan
2013,2013_05_NYJ_ATL,NYJ,00-0030565,24,9.609734897680616,G.Smith
2013,2013_05_PHI_NYG,NYG,00-0022803,53,-2.55957317200955,E.Manning
2013,2013_05_PHI_NYG,PHI,00-0020245,14,-0.13757246564004966,M.Vick
2013,2013_05_PHI_NYG,PHI,00-0029567,26,9.63856893023353,N.Foles
2013,2013_05_SD_OAK,LAC,00-0022942,50,13.576399004825412,P.Rivers
2013,2013_05_SD_OAK,LV,00-0028825,27,5.803138281656677,T.Pryor
2013,2013_05_SEA_IND,IND,00-0029668,33,2.789988507285072,A.Luck
2013,2013_05_SEA_IND,SEA,00-0029263,33,6.676590235709215,R.Wilson
2013,2013_06_ARI_SF,ARI,00-0021429,42,-3.423631014826242,C.Palmer
2013,2013_06_ARI_SF,ARI,00-0027943,1,-0.947,P.Peterson
2013,2013_06_ARI_SF,SF,00-0027974,31,-1.1658891373103941,C.Kaepernick
2013,2013_06_CAR_MIN,CAR,00-0027939,27,20.924945673556067,C.Newton
2013,2013_06_CAR_MIN,MIN,00-0023662,47,-10.545505129769115,M.Cassel
2013,2013_06_CIN_BUF,BUF,00-0027253,37,2.955098003449592,T.Lewis
2013,2013_06_CIN_BUF,CIN,00-0027973,43,15.807847537819,A.Dalton
2013,2013_06_DET_CLE,CLE,00-0029677,44,-4.49240536914486,B.Weeden
2013,2013_06_DET_CLE,DET,00-0026498,44,10.194580947153668,M.Stafford
2013,2013_06_GB_BAL,BAL,00-0026158,39,3.1935519405741974,J.Flacco
2013,2013_06_GB_BAL,GB,00-0023459,35,3.8458101410852916,A.Rodgers
2013,2013_06_IND_SD,IND,00-0029668,31,-3.51282913044159,A.Luck
2013,2013_06_IND_SD,LAC,00-0022942,35,6.778355051604312,P.Rivers
2013,2013_06_JAX_DEN,DEN,00-0010346,42,10.804998933977913,P.Manning
2013,2013_06_JAX_DEN,JAX,00-0026197,45,1.1434932028533318,C.Henne
2013,2013_06_NO_NE,NE,00-0019596,47,4.272056869313472,T.Brady
2013,2013_06_NO_NE,NO,00-0020531,37,6.586732006644839,D.Brees
2013,2013_06_NYG_CHI,CHI,00-0024226,36,8.51127049401801,J.Cutler
2013,2013_06_NYG_CHI,NYG,00-0022803,27,-0.8631893852143548,E.Manning
2013,2013_06_OAK_KC,KC,00-0023436,34,-10.009910548096883,A.Smith
2013,2013_06_OAK_KC,LV,00-0028825,43,-17.649031751439907,T.Pryor
2013,2013_06_PHI_TB,PHI,00-0029567,32,19.060430068115238,N.Foles
2013,2013_06_PHI_TB,TB,00-0030520,45,1.9933696616950236,M.Glennon
2013,2013_06_PIT_NYJ,NYJ,00-0030565,37,-12.564901191631115,G.Smith
2013,2013_06_PIT_NYJ,PIT,00-0022924,33,8.88877654114744,B.Roethlisberger
2013,2013_06_PIT_NYJ,PIT,00-0027793,2,-0.20008470269860412,A.Brown
2013,2013_06_STL_HOU,HOU,00-0022787,24,4.847885038746593,M.Schaub
2013,2013_06_STL_HOU,HOU,00-0028090,19,-11.183664371434133,T.Yates
2013,2013_06_STL_HOU,LA,00-0027854,16,11.57245770477104,S.Bradford
2013,2013_06_TEN_SEA,SEA,00-0029263,32,5.556465776527084,R.Wilson
2013,2013_06_TEN_SEA,TEN,00-0023682,32,-4.1969448008543395,R.Fitzpatrick
2013,2013_06_WAS_DAL,DAL,00-0021678,31,-1.6744027610215175,T.Romo
2013,2013_06_WAS_DAL,WAS,00-0029665,42,-6.684067727415506,R.Griffin
2013,2013_07_BAL_PIT,BAL,00-0026158,35,10.348825255379182,J.Flacco
2013,2013_07_BAL_PIT,PIT,00-0022924,26,5.68841543099,B.Roethlisberger
2013,2013_07_BUF_MIA,BUF,00-0027253,36,-1.0382675131305459,T.Lewis
2013,2013_07_BUF_MIA,MIA,00-0029701,39,-9.159860909937299,R.Tannehill
2013,2013_07_CHI_WAS,CHI,00-0021206,21,11.175598588399259,J.McCown
2013,2013_07_CHI_WAS,CHI,00-0024226,9,-11.007581876913711,J.Cutler
2013,2013_07_CHI_WAS,WAS,00-0029665,30,12.43282335318423,R.Griffin
2013,2013_07_CIN_DET,CIN,00-0027973,35,24.909169937953575,A.Dalton
2013,2013_07_CIN_DET,DET,00-0026498,51,20.873587161176,M.Stafford
2013,2013_07_CLE_GB,CLE,00-0029677,45,-12.505785172338019,B.Weeden
2013,2013_07_CLE_GB,GB,00-0023459,37,14.253982531167553,A.Rodgers
2013,2013_07_DAL_PHI,DAL,00-0021678,49,2.9197563378606106,T.Romo
2013,2013_07_DAL_PHI,PHI,00-0029567,32,-16.437155503279975,N.Foles
2013,2013_07_DAL_PHI,PHI,00-0030533,20,-5.567889692611061,M.Barkley
2013,2013_07_DEN_IND,DEN,00-0010346,54,12.704365522120877,P.Manning
2013,2013_07_DEN_IND,IND,00-0029668,40,-1.6302685021547383,A.Luck
2013,2013_07_HOU_KC,HOU,00-0028986,30,0.5208344447440503,C.Keenum
2013,2013_07_HOU_KC,KC,00-0023436,36,4.818032316077733,A.Smith
2013,2013_07_MIN_NYG,MIN,00-0026993,54,-19.871343475117605,J.Freeman
2013,2013_07_MIN_NYG,NYG,00-0022803,41,0.4217373675976712,E.Manning
2013,2013_07_NE_NYJ,NE,00-0019596,50,-9.809805452436493,T.Brady
2013,2013_07_NE_NYJ,NYJ,00-0030565,37,-4.015991102475649,G.Smith
2013,2013_07_SD_JAX,JAX,00-0026197,42,-7.890860053277934,C.Henne
2013,2013_07_SD_JAX,LAC,00-0022942,27,18.879566772497476,P.Rivers
2013,2013_07_SEA_ARI,ARI,00-0021429,53,-16.062315722299132,C.Palmer
2013,2013_07_SEA_ARI,SEA,00-0029263,32,3.363696866116918,R.Wilson
2013,2013_07_SF_TEN,SF,00-0027974,23,8.958510195137933,C.Kaepernick
2013,2013_07_SF_TEN,TEN,00-0027946,44,0.9292297330519155,J.Locker
2013,2013_07_STL_CAR,CAR,00-0027939,19,12.078097307508948,C.Newton
2013,2013_07_STL_CAR,LA,00-0024264,6,-4.297827207483351,K.Clemens
2013,2013_07_STL_CAR,LA,00-0027854,32,3.15514301343349,S.Bradford
2013,2013_07_TB_ATL,ATL,00-0026143,26,13.955727020082207,M.Ryan
2013,2013_07_TB_ATL,TB,00-0030520,47,-2.756594416162905,M.Glennon
2013,2013_08_ATL_ARI,ARI,00-0021429,21,1.6323903710700085,C.Palmer
2013,2013_08_ATL_ARI,ATL,00-0026143,64,-9.71780234369241,M.Ryan
2013,2013_08_BUF_NO,BUF,00-0027253,43,-5.674404620131227,T.Lewis
2013,2013_08_BUF_NO,NO,00-0020531,38,12.448105829439491,D.Brees
2013,2013_08_CAR_TB,CAR,00-0027939,35,3.1957405791326186,C.Newton
2013,2013_08_CAR_TB,TB,00-0030520,54,-5.849621793351378,M.Glennon
2013,2013_08_CLE_KC,CLE,00-0023460,37,6.919267632169875,J.Campbell
2013,2013_08_CLE_KC,KC,00-0023436,42,2.19181767597878,A.Smith
2013,2013_08_DAL_DET,DAL,00-0021678,30,-0.0989752940924582,T.Romo
2013,2013_08_DAL_DET,DET,00-0026498,48,6.7259887049047515,M.Stafford
2013,2013_08_GB_MIN,GB,00-0023459,31,22.48906334989621,A.Rodgers
2013,2013_08_GB_MIN,MIN,00-0027950,24,-0.9657568912635437,C.Ponder
2013,2013_08_MIA_NE,MIA,00-0029701,48,-4.782201629657059,R.Tannehill
2013,2013_08_MIA_NE,NE,00-0019596,25,-8.556595153321354,T.Brady
2013,2013_08_NYG_PHI,NYG,00-0022803,40,1.2145130376863227,E.Manning
2013,2013_08_NYG_PHI,PHI,00-0020245,10,-7.282932499423623,M.Vick
2013,2013_08_NYG_PHI,PHI,00-0030533,29,-9.102586040098686,M.Barkley
2013,2013_08_NYJ_CIN,CIN,00-0027973,31,22.015091617242433,A.Dalton
2013,2013_08_NYJ_CIN,NYJ,00-0029151,8,-2.300547497405205,M.Simms
2013,2013_08_NYJ_CIN,NYJ,00-0030565,33,-15.29888596717246,G.Smith
2013,2013_08_PIT_OAK,LV,00-0028825,21,-8.661359258228913,T.Pryor
2013,2013_08_PIT_OAK,PIT,00-0022924,49,-3.6036087104715335,B.Roethlisberger
2013,2013_08_SEA_STL,LA,00-0024264,34,-18.69046182170261,K.Clemens
2013,2013_08_SEA_STL,SEA,00-0029263,25,-6.118910007353406,R.Wilson
2013,2013_08_SF_JAX,JAX,00-0026197,45,4.898079711152887,C.Henne
2013,2013_08_SF_JAX,SF,00-0027688,1,1.662437965394929,C.McCoy
2013,2013_08_SF_JAX,SF,00-0027974,16,10.532947380153928,C.Kaepernick
2013,2013_08_WAS_DEN,DEN,00-0010346,46,0.938221582065311,P.Manning
2013,2013_08_WAS_DEN,WAS,00-0029604,9,-12.40595554804895,K.Cousins
2013,2013_08_WAS_DEN,WAS,00-0029665,33,-13.393758283928037,R.Griffin
2013,2013_09_ATL_CAR,ATL,00-0026143,28,-5.68493399824951,M.Ryan
2013,2013_09_ATL_CAR,CAR,00-0027939,37,5.619814570983747,C.Newton
2013,2013_09_BAL_CLE,BAL,00-0026158,47,-0.4659804077750609,J.Flacco
2013,2013_09_BAL_CLE,CLE,00-0023460,37,13.635912691970589,J.Campbell
2013,2013_09_BAL_CLE,CLE,00-0029677,2,-1.8819071943871677,B.Weeden
2013,2013_09_CHI_GB,CHI,00-0021206,42,10.415323020311202,J.McCown
2013,2013_09_CHI_GB,GB,00-0022055,23,-12.552858519350872,S.Wallace
2013,2013_09_CHI_GB,GB,00-0023459,3,0.1783916302630617,A.Rodgers
2013,2013_09_CIN_MIA,CIN,00-0027973,58,-10.388391970605007,A.Dalton
2013,2013_09_CIN_MIA,MIA,00-0029701,31,0.6046140573187708,R.Tannehill
2013,2013_09_IND_HOU,HOU,00-0028986,34,15.665024269201206,C.Keenum
2013,2013_09_IND_HOU,IND,00-0029668,46,6.867641198737049,A.Luck
2013,2013_09_KC_BUF,BUF,00-0030024,39,-15.493647760753507,J.Tuel
2013,2013_09_KC_BUF,KC,00-0023436,31,-5.777792334881689,A.Smith
2013,2013_09_MIN_DAL,DAL,00-0021678,54,6.3037190265036065,T.Romo
2013,2013_09_MIN_DAL,MIN,00-0027950,39,-0.49812699656467885,C.Ponder
2013,2013_09_NO_NYJ,NO,00-0020531,53,5.324040235219558,D.Brees
2013,2013_09_NO_NYJ,NYJ,00-0023176,1,1.8876387914642692,J.Cribbs
2013,2013_09_NO_NYJ,NYJ,00-0030565,21,-3.3390994092615616,G.Smith
2013,2013_09_PHI_OAK,LV,00-0028825,44,-9.418754281456545,T.Pryor
2013,2013_09_PHI_OAK,LV,00-0030419,15,0.11129098589299247,M.McGloin
2013,2013_09_PHI_OAK,PHI,00-0029567,29,34.95250349660637,N.Foles
2013,2013_09_PHI_OAK,PHI,00-0030533,3,-0.9953851408790797,M.Barkley
2013,2013_09_PIT_NE,NE,00-0019596,36,25.742358025338238,T.Brady
2013,2013_09_PIT_NE,PIT,00-0022924,53,7.680402375906535,B.Roethlisberger
2013,2013_09_SD_WAS,LAC,00-0022942,47,9.18200751595018,P.Rivers
2013,2013_09_SD_WAS,WAS,00-0029665,32,11.94035823136895,R.Griffin
2013,2013_09_TB_SEA,SEA,00-0029263,26,5.644552890245199,R.Wilson
2013,2013_09_TB_SEA,TB,00-0030391,1,1.0166612838511355,M.James
2013,2013_09_TB_SEA,TB,00-0030520,26,6.554856725582804,M.Glennon
2013,2013_09_TEN_STL,LA,00-0024264,36,1.8279102823836695,K.Clemens
2013,2013_09_TEN_STL,TEN,00-0027946,26,-3.0241715151641984,J.Locker
2013,2013_10_BUF_PIT,BUF,00-0030526,42,-14.99234352768274,E.Manuel
2013,2013_10_BUF_PIT,PIT,00-0022924,34,-9.187771860912807,B.Roethlisberger
2013,2013_10_CAR_SF,CAR,00-0027939,35,-6.237849302857924,C.Newton
2013,2013_10_CAR_SF,SF,00-0027974,28,-9.770675560966747,C.Kaepernick
2013,2013_10_CIN_BAL,BAL,00-0026158,41,-16.032908238575157,J.Flacco
2013,2013_10_CIN_BAL,CIN,00-0027973,55,-16.14587616630284,A.Dalton
2013,2013_10_DAL_NO,DAL,00-0021678,27,-7.762419945289008,T.Romo
2013,2013_10_DAL_NO,NO,00-0020531,42,24.254757449819458,D.Brees
2013,2013_10_DEN_SD,DEN,00-0010346,38,14.637428417336196,P.Manning
2013,2013_10_DEN_SD,LAC,00-0022942,33,5.0328343787550045,P.Rivers
2013,2013_10_DET_CHI,CHI,00-0021206,10,5.946532432222739,J.McCown
2013,2013_10_DET_CHI,CHI,00-0024226,41,2.1120238080565965,J.Cutler
2013,2013_10_DET_CHI,DET,00-0026498,35,5.178081635723532,M.Stafford
2013,2013_10_HOU_ARI,ARI,00-0021429,33,2.23830018860502,C.Palmer
2013,2013_10_HOU_ARI,HOU,00-0028986,46,-7.9650780747201875,C.Keenum
2013,2013_10_JAX_TEN,JAX,00-0026197,26,-4.410331936145667,C.Henne
2013,2013_10_JAX_TEN,TEN,00-0023682,34,8.97034355237876,R.Fitzpatrick
2013,2013_10_JAX_TEN,TEN,00-0027946,9,-7.45871192892082,J.Locker
2013,2013_10_MIA_TB,MIA,00-0029701,45,3.330232796230879,R.Tannehill
2013,2013_10_MIA_TB,TB,00-0030520,23,-4.209528967117965,M.Glennon
2013,2013_10_OAK_NYG,LV,00-0028825,30,-20.475944162225765,T.Pryor
2013,2013_10_OAK_NYG,NYG,00-0022803,25,-8.14560593980821,E.Manning
2013,2013_10_PHI_GB,GB,00-0022055,5,0.4616085685920328,S.Wallace
2013,2013_10_PHI_GB,GB,00-0028595,40,-6.602347647816501,S.Tolzien
2013,2013_10_PHI_GB,PHI,00-0029567,21,8.06311007152518,N.Foles
2013,2013_10_SEA_ATL,ATL,00-0026143,38,-1.0637424425258128,M.Ryan
2013,2013_10_SEA_ATL,SEA,00-0029263,27,20.30112892311668,R.Wilson
2013,2013_10_STL_IND,IND,00-0007091,5,-0.7367521623673383,M.Hasselbeck
2013,2013_10_STL_IND,IND,00-0029668,51,-13.882624709381954,A.Luck
2013,2013_10_STL_IND,LA,00-0024264,18,16.420852625538828,K.Clemens
2013,2013_10_WAS_MIN,MIN,00-0023662,6,1.222613244879407,M.Cassel
2013,2013_10_WAS_MIN,MIN,00-0027950,22,8.06297142780386,C.Ponder
2013,2013_10_WAS_MIN,WAS,00-0029665,40,10.653805352920928,R.Griffin
2013,2013_11_ARI_JAX,ARI,00-0021429,45,16.890463318593113,C.Palmer
2013,2013_11_ARI_JAX,JAX,00-0026197,44,-8.102749455021694,C.Henne
2013,2013_11_ATL_TB,ATL,00-0026143,39,-6.886994312327864,M.Ryan
2013,2013_11_ATL_TB,ATL,00-0028863,8,1.218296938503161,Dom.Davis
2013,2013_11_ATL_TB,TB,00-0023234,1,-2.3368106929119676,M.Koenen
2013,2013_11_ATL_TB,TB,00-0029384,1,-0.35246748966164887,B.Rainey
2013,2013_11_ATL_TB,TB,00-0030520,25,9.229883767719524,M.Glennon
2013,2013_11_BAL_CHI,BAL,00-0026158,34,-6.348457949358628,J.Flacco
2013,2013_11_BAL_CHI,CHI,00-0021206,33,6.019000217643063,J.McCown
2013,2013_11_CLE_CIN,CIN,00-0027973,27,-17.23936279849147,A.Dalton
2013,2013_11_CLE_CIN,CIN,00-0029632,1,1.8262901397538371,M.Sanu
2013,2013_11_CLE_CIN,CLE,00-0023460,60,-22.829228976144233,J.Campbell
2013,2013_11_DET_PIT,DET,00-0026498,47,4.553434492541481,M.Stafford
2013,2013_11_DET_PIT,PIT,00-0022924,46,22.108484394091327,B.Roethlisberger
2013,2013_11_GB_NYG,GB,00-0028595,32,-2.0934288196039894,S.Tolzien
2013,2013_11_GB_NYG,NYG,00-0022803,39,-0.33154185514548296,E.Manning
2013,2013_11_IND_TEN,IND,00-0029668,37,4.854227729462115,A.Luck
2013,2013_11_IND_TEN,TEN,00-0023682,30,10.207755704787939,R.Fitzpatrick
2013,2013_11_KC_DEN,DEN,00-0010346,40,13.14866290151178,P.Manning
2013,2013_11_KC_DEN,KC,00-0023436,48,-0.25313093946897425,A.Smith
2013,2013_11_MIN_SEA,MIN,00-0023662,13,-2.299139049195219,M.Cassel
2013,2013_11_MIN_SEA,MIN,00-0027950,24,-12.213771036998196,C.Ponder
2013,2013_11_MIN_SEA,SEA,00-0024279,3,-2.2345451682688413,T.Jackson
2013,2013_11_MIN_SEA,SEA,00-0029263,18,13.312234535929747,R.Wilson
2013,2013_11_NE_CAR,CAR,00-0027939,31,11.424768275467535,C.Newton
2013,2013_11_NE_CAR,NE,00-0019596,42,10.360187223331913,T.Brady
2013,2013_11_NYJ_BUF,BUF,00-0030526,29,9.094847798253825,E.Manuel
2013,2013_11_NYJ_BUF,NYJ,00-0029151,6,2.3185796753386967,M.Simms
2013,2013_11_NYJ_BUF,NYJ,00-0030565,27,-24.90424908607588,G.Smith
2013,2013_11_OAK_HOU,HOU,00-0022787,25,-1.589631135162497,M.Schaub
2013,2013_11_OAK_HOU,HOU,00-0028986,25,-6.107262200766067,C.Keenum
2013,2013_11_OAK_HOU,LV,00-0030419,34,-1.2015047996180668,M.McGloin
2013,2013_11_SD_MIA,LAC,00-0022942,36,0.7314700895304123,P.Rivers
2013,2013_11_SD_MIA,MIA,00-0029701,39,1.4542840909743888,R.Tannehill
2013,2013_11_SF_NO,NO,00-0020531,44,0.03821728235006949,D.Brees
2013,2013_11_SF_NO,SF,00-0027974,34,-0.8547294263089715,C.Kaepernick
2013,2013_11_WAS_PHI,PHI,00-0029567,29,13.71121184452204,N.Foles
2013,2013_11_WAS_PHI,WAS,00-0029665,40,-3.754307483162731,R.Griffin
2013,2013_12_CAR_MIA,CAR,00-0027939,40,-6.02029396187345,C.Newton
2013,2013_12_CAR_MIA,MIA,00-0029701,44,-1.6471847096744143,R.Tannehill
2013,2013_12_CHI_STL,CHI,00-0021206,48,7.56234674557345,J.McCown
2013,2013_12_CHI_STL,LA,00-0024264,25,5.193819604368917,K.Clemens
2013,2013_12_DAL_NYG,DAL,00-0021678,42,-0.6161134561989456,T.Romo
2013,2013_12_DAL_NYG,NYG,00-0022803,32,-3.8136400672658795,E.Manning
2013,2013_12_DEN_NE,DEN,00-0010346,38,-6.3997210943489335,P.Manning
2013,2013_12_DEN_NE,NE,00-0019596,53,6.514860178534159,T.Brady
2013,2013_12_IND_ARI,ARI,00-0021429,40,19.14597333414982,C.Palmer
2013,2013_12_IND_ARI,ARI,00-0022921,1,-0.2655384660465643,L.Fitzgerald
2013,2013_12_IND_ARI,IND,00-0029668,41,-12.808599032157332,A.Luck
2013,2013_12_JAX_HOU,HOU,00-0028986,35,-10.966573280182107,C.Keenum
2013,2013_12_JAX_HOU,JAX,00-0026197,36,1.6696454832312515,C.Henne
2013,2013_12_JAX_HOU,JAX,00-0030547,1,-0.487677488476038,D.Robinson
2013,2013_12_MIN_GB,GB,00-0026349,37,3.0430684798899796,M.Flynn
2013,2013_12_MIN_GB,GB,00-0028595,19,-4.109306485363049,S.Tolzien
2013,2013_12_MIN_GB,MIN,00-0027950,36,5.524119755434369,C.Ponder
2013,2013_12_NO_ATL,ATL,00-0026143,44,6.168162013273515,M.Ryan
2013,2013_12_NO_ATL,NO,00-0020531,34,12.640393719779173,D.Brees
2013,2013_12_NYJ_BAL,BAL,00-0026158,30,0.5315741806284873,J.Flacco
2013,2013_12_NYJ_BAL,BAL,00-0028118,1,-0.43156278948299587,T.Taylor
2013,2013_12_NYJ_BAL,NYJ,00-0023176,2,0.5092978605534881,J.Cribbs
2013,2013_12_NYJ_BAL,NYJ,00-0030565,25,-10.151212832970204,G.Smith
2013,2013_12_PIT_CLE,CLE,00-0023460,24,-10.502789457520958,J.Campbell
2013,2013_12_PIT_CLE,CLE,00-0029677,34,-9.220762758300074,B.Weeden
2013,2013_12_PIT_CLE,PIT,00-0022924,33,9.874304236553607,B.Roethlisberger
2013,2013_12_SD_KC,KC,00-0023436,41,8.7809959404995,A.Smith
2013,2013_12_SD_KC,LAC,00-0022942,40,25.512128076204426,P.Rivers
2013,2013_12_SF_WAS,SF,00-0027974,26,14.2753035837668,C.Kaepernick
2013,2013_12_SF_WAS,WAS,00-0029665,32,-16.585949366975502,R.Griffin
2013,2013_12_TB_DET,DET,00-0026498,48,-5.514651054865681,M.Stafford
2013,2013_12_TB_DET,TB,00-0030520,25,9.6205097901628,M.Glennon
2013,2013_12_TEN_OAK,LV,00-0030419,32,2.079115359139389,M.McGloin
2013,2013_12_TEN_OAK,TEN,00-0023682,44,18.060861118507816,R.Fitzpatrick
2013,2013_13_ARI_PHI,ARI,00-0021429,46,-5.300399999076035,C.Palmer
2013,2013_13_ARI_PHI,PHI,00-0029567,39,3.2494738304354973,N.Foles
2013,2013_13_ATL_BUF,ATL,00-0026143,53,3.953481376619612,M.Ryan
2013,2013_13_ATL_BUF,BUF,00-0030526,32,4.551798996865101,E.Manuel
2013,2013_13_CHI_MIN,CHI,00-0021206,40,10.273306149942629,J.McCown
2013,2013_13_CHI_MIN,MIN,00-0023662,35,1.8093746995293754,M.Cassel
2013,2013_13_CHI_MIN,MIN,00-0027950,11,-8.142068395274691,C.Ponder
2013,2013_13_CIN_SD,CIN,00-0027973,23,3.8024352268886394,A.Dalton
2013,2013_13_CIN_SD,LAC,00-0022942,39,6.376769544540971,P.Rivers
2013,2013_13_DEN_KC,DEN,00-0010346,35,28.237948422669433,P.Manning
2013,2013_13_DEN_KC,KC,00-0023436,42,4.92176574136829,A.Smith
2013,2013_13_GB_DET,DET,00-0026498,35,3.5027183791875487,M.Stafford
2013,2013_13_GB_DET,GB,00-0026349,27,-10.337697036215104,M.Flynn
2013,2013_13_JAX_CLE,CLE,00-0029677,43,2.383408766644031,B.Weeden
2013,2013_13_JAX_CLE,JAX,00-0024275,1,2.3772909659310244,M.Jones-Drew
2013,2013_13_JAX_CLE,JAX,00-0026197,42,-1.4667253173971653,C.Henne
2013,2013_13_MIA_NYJ,MIA,00-0029701,44,12.790094615137347,R.Tannehill
2013,2013_13_MIA_NYJ,NYJ,00-0029151,21,-10.917007354437374,M.Simms
2013,2013_13_MIA_NYJ,NYJ,00-0030565,11,-6.216510649886914,G.Smith
2013,2013_13_NE_HOU,HOU,00-0028986,31,3.7310056756780927,C.Keenum
2013,2013_13_NE_HOU,NE,00-0019596,42,15.734022400026891,T.Brady
2013,2013_13_NO_SEA,NO,00-0020531,39,-15.445671330438927,D.Brees
2013,2013_13_NO_SEA,SEA,00-0029263,31,19.47564773028853,R.Wilson
2013,2013_13_NYG_WAS,NYG,00-0022803,31,3.827739432772629,E.Manning
2013,2013_13_NYG_WAS,WAS,00-0029665,37,-1.6035585468686202,R.Griffin
2013,2013_13_OAK_DAL,DAL,00-0021678,34,5.211926927877357,T.Romo
2013,2013_13_OAK_DAL,LV,00-0030419,30,7.1736777745117655,M.McGloin
2013,2013_13_PIT_BAL,BAL,00-0026158,37,7.332234382457266,J.Flacco
2013,2013_13_PIT_BAL,PIT,00-0022924,45,13.706302462713328,B.Roethlisberger
2013,2013_13_STL_SF,LA,00-0024264,40,-4.412499508186757,K.Clemens
2013,2013_13_STL_SF,LA,00-0030525,1,-0.4113485561683774,T.Austin
2013,2013_13_STL_SF,SF,00-0027974,32,13.070264431297993,C.Kaepernick
2013,2013_13_TB_CAR,CAR,00-0027939,29,7.057618200651859,C.Newton
2013,2013_13_TB_CAR,TB,00-0030520,26,-9.213761876894365,M.Glennon
2013,2013_13_TEN_IND,IND,00-0029668,37,-9.444043106170843,A.Luck
2013,2013_13_TEN_IND,TEN,00-0023682,38,-12.090083714021603,R.Fitzpatrick
2013,2013_14_ATL_GB,ATL,00-0026143,36,0.6735305743387663,M.Ryan
2013,2013_14_ATL_GB,GB,00-0026349,38,-7.354893013254821,M.Flynn
2013,2013_14_BUF_TB,BUF,00-0030526,40,-23.426689444452464,E.Manuel
2013,2013_14_BUF_TB,TB,00-0030520,26,-11.71095182322583,M.Glennon
2013,2013_14_CAR_NO,CAR,00-0027939,39,-7.060511874431616,C.Newton
2013,2013_14_CAR_NO,NO,00-0020531,44,13.455041549251293,D.Brees
2013,2013_14_CLE_NE,CLE,00-0023460,44,19.867311434888954,J.Campbell
2013,2013_14_CLE_NE,NE,00-0019596,56,4.927261168575761,T.Brady
2013,2013_14_DAL_CHI,CHI,00-0021206,38,32.02336889351201,J.McCown
2013,2013_14_DAL_CHI,DAL,00-0021678,22,0.9660079923341982,T.Romo
2013,2013_14_DAL_CHI,DAL,00-0023541,5,1.6087283999077044,K.Orton
2013,2013_14_DET_PHI,DET,00-0026498,27,3.298426845198497,M.Stafford
2013,2013_14_DET_PHI,PHI,00-0029567,25,-1.5105070333662445,N.Foles
2013,2013_14_HOU_JAX,HOU,00-0022787,31,4.6923595254926465,M.Schaub
2013,2013_14_HOU_JAX,HOU,00-0028986,30,-1.290996081326873,C.Keenum
2013,2013_14_HOU_JAX,JAX,00-0026197,28,0.36153008360997774,C.Henne
2013,2013_14_HOU_JAX,JAX,00-0030550,1,2.420987492776476,A.Sanders
2013,2013_14_IND_CIN,CIN,00-0027973,35,16.41119000609615,A.Dalton
2013,2013_14_IND_CIN,IND,00-0029668,46,13.60944993100787,A.Luck
2013,2013_14_KC_WAS,KC,00-0023436,20,7.396077716500105,A.Smith
2013,2013_14_KC_WAS,KC,00-0026544,3,-2.5036586499772966,C.Daniel
2013,2013_14_KC_WAS,WAS,00-0029604,17,-7.613207321555819,K.Cousins
2013,2013_14_KC_WAS,WAS,00-0029665,30,-6.314129047491728,R.Griffin
2013,2013_14_MIA_PIT,MIA,00-0029701,35,3.810387600255192,R.Tannehill
2013,2013_14_MIA_PIT,PIT,00-0022924,42,4.482703766552731,B.Roethlisberger
2013,2013_14_MIN_BAL,BAL,00-0026158,52,-6.191785884744488,J.Flacco
2013,2013_14_MIN_BAL,MIN,00-0023662,39,8.061192076517907,M.Cassel
2013,2013_14_NYG_SD,LAC,00-0022942,30,14.87016358593246,P.Rivers
2013,2013_14_NYG_SD,NYG,00-0022803,34,-6.775371613446623,E.Manning
2013,2013_14_OAK_NYJ,LV,00-0028825,5,1.4152462167083733,T.Pryor
2013,2013_14_OAK_NYJ,LV,00-0030419,34,6.471254020050925,M.McGloin
2013,2013_14_OAK_NYJ,NYJ,00-0030565,26,4.9152543247921106,G.Smith
2013,2013_14_SEA_SF,SEA,00-0029263,27,5.607969338286621,R.Wilson
2013,2013_14_SEA_SF,SF,00-0027974,31,-1.1304129691479226,C.Kaepernick
2013,2013_14_STL_ARI,ARI,00-0021429,33,14.401068605875706,C.Palmer
2013,2013_14_STL_ARI,LA,00-0024264,31,-14.81574419472933,K.Clemens
2013,2013_14_TEN_DEN,DEN,00-0010346,58,21.898670468038492,P.Manning
2013,2013_14_TEN_DEN,TEN,00-0023682,26,0.6157933289650828,R.Fitzpatrick
2013,2013_15_ARI_TEN,ARI,00-0021429,32,12.58893599836019,C.Palmer
2013,2013_15_ARI_TEN,TEN,00-0023682,58,9.369719511464982,R.Fitzpatrick
2013,2013_15_BAL_DET,BAL,00-0026158,39,-1.988138384840184,J.Flacco
2013,2013_15_BAL_DET,DET,00-0026498,36,-4.315253712545265,M.Stafford
2013,2013_15_BUF_JAX,BUF,00-0030526,28,-2.051106356667237,E.Manuel
2013,2013_15_BUF_JAX,JAX,00-0026197,41,-8.402706455998368,C.Henne
2013,2013_15_CHI_CLE,CHI,00-0024226,33,6.9444906906476245,J.Cutler
2013,2013_15_CHI_CLE,CLE,00-0023460,39,-5.044602268580373,J.Campbell
2013,2013_15_CIN_PIT,CIN,00-0027973,46,4.589766208242625,A.Dalton
2013,2013_15_CIN_PIT,PIT,00-0022924,26,11.126559557201867,B.Roethlisberger
2013,2013_15_GB_DAL,DAL,00-0021678,51,1.074566279586298,T.Romo
2013,2013_15_GB_DAL,GB,00-0026349,42,7.405983208481652,M.Flynn
2013,2013_15_HOU_IND,HOU,00-0028986,38,-23.776458364807528,C.Keenum
2013,2013_15_HOU_IND,IND,00-0029668,33,-4.3014135556098445,A.Luck
2013,2013_15_KC_OAK,KC,00-0023436,22,19.50750215636799,A.Smith
2013,2013_15_KC_OAK,KC,00-0026544,5,1.3079768634634092,C.Daniel
2013,2013_15_KC_OAK,LV,00-0026393,1,3.8468238678760827,M.Reece
2013,2013_15_KC_OAK,LV,00-0028825,5,-5.2965093942475505,T.Pryor
2013,2013_15_KC_OAK,LV,00-0030419,35,-5.445675377268396,M.McGloin
2013,2013_15_NE_MIA,MIA,00-0029701,41,13.898973780453087,R.Tannehill
2013,2013_15_NE_MIA,NE,00-0019596,55,12.308138900810906,T.Brady
2013,2013_15_NO_STL,LA,00-0024264,20,8.355175438177435,K.Clemens
2013,2013_15_NO_STL,NO,00-0020531,60,5.28161444366768,D.Brees
2013,2013_15_NYJ_CAR,CAR,00-0027939,26,10.70070022231628,C.Newton
2013,2013_15_NYJ_CAR,NYJ,00-0030565,32,-3.1449930160543964,G.Smith
2013,2013_15_PHI_MIN,MIN,00-0023662,38,13.121799872831048,M.Cassel
2013,2013_15_PHI_MIN,PHI,00-0029567,54,9.477649872994924,N.Foles
2013,2013_15_SD_DEN,DEN,00-0010346,42,8.79860450615026,P.Manning
2013,2013_15_SD_DEN,LAC,00-0022942,22,13.973100171720613,P.Rivers
2013,2013_15_SEA_NYG,NYG,00-0022803,34,-19.589610738679767,E.Manning
2013,2013_15_SEA_NYG,NYG,00-0027134,5,-0.5402718083932996,C.Painter
2013,2013_15_SEA_NYG,SEA,00-0024279,2,0.3622334785759449,T.Jackson
2013,2013_15_SEA_NYG,SEA,00-0029263,31,1.375035665224198,R.Wilson
2013,2013_15_SF_TB,SF,00-0027974,31,7.063846729976548,C.Kaepernick
2013,2013_15_SF_TB,TB,00-0030520,38,-8.1389608544996,M.Glennon
2013,2013_15_WAS_ATL,ATL,00-0026143,41,-8.449579405706196,M.Ryan
2013,2013_15_WAS_ATL,WAS,00-0029604,46,8.523147623401735,K.Cousins
2013,2013_16_ARI_SEA,ARI,00-0021429,27,-9.746547545533193,C.Palmer
2013,2013_16_ARI_SEA,SEA,00-0029263,31,-12.987610227880378,R.Wilson
2013,2013_16_ATL_SF,ATL,00-0026143,49,5.372706601101537,M.Ryan
2013,2013_16_ATL_SF,SF,00-0027974,24,5.7244998247054895,C.Kaepernick
2013,2013_16_CHI_PHI,CHI,00-0021206,4,-0.3485592913348228,J.McCown
2013,2013_16_CHI_PHI,CHI,00-0024226,39,-5.174604552055709,J.Cutler
2013,2013_16_CHI_PHI,PHI,00-0029567,27,14.782167372118968,N.Foles
2013,2013_16_CLE_NYJ,CLE,00-0023460,43,-14.412143470760252,J.Campbell
2013,2013_16_CLE_NYJ,NYJ,00-0029143,1,-2.3146263295784593,J.Bush
2013,2013_16_CLE_NYJ,NYJ,00-0030565,36,13.071520964748846,G.Smith
2013,2013_16_DAL_WAS,DAL,00-0021678,29,12.49430193518468,T.Romo
2013,2013_16_DAL_WAS,WAS,00-0029604,36,1.440210911171718,K.Cousins
2013,2013_16_DEN_HOU,DEN,00-0010346,52,15.020533242662307,P.Manning
2013,2013_16_DEN_HOU,HOU,00-0022787,40,-13.453497341435677,M.Schaub
2013,2013_16_IND_KC,IND,00-0029668,38,11.190151635825856,A.Luck
2013,2013_16_IND_KC,KC,00-0023436,32,-15.703496645670384,A.Smith
2013,2013_16_MIA_BUF,BUF,00-0027253,26,0.11059081705261287,T.Lewis
2013,2013_16_MIA_BUF,MIA,00-0025708,6,-2.107697533792816,Mat.Moore
2013,2013_16_MIA_BUF,MIA,00-0029701,34,-19.79376684606541,R.Tannehill
2013,2013_16_MIN_CIN,CIN,00-0027973,40,23.176394861133303,A.Dalton
2013,2013_16_MIN_CIN,MIN,00-0023662,31,-30.605656894505955,M.Cassel
2013,2013_16_NE_BAL,BAL,00-0026158,42,-9.558240349342222,J.Flacco
2013,2013_16_NE_BAL,BAL,00-0028118,4,-9.810214634053409,T.Taylor
2013,2013_16_NE_BAL,NE,00-0019596,28,1.6702948522497438,T.Brady
2013,2013_16_NO_CAR,CAR,00-0027939,25,-5.774340807119925,C.Newton
2013,2013_16_NO_CAR,NO,00-0020531,50,-5.382897409551332,D.Brees
2013,2013_16_NO_CAR,NO,00-0022864,1,-2.338849510299042,L.McCown
2013,2013_16_NYG_DET,DET,00-0026498,45,-5.4623108888972105,M.Stafford
2013,2013_16_NYG_DET,NYG,00-0022803,44,7.718520494462307,E.Manning
2013,2013_16_OAK_SD,LAC,00-0022942,30,4.2252229962003,P.Rivers
2013,2013_16_OAK_SD,LV,00-0030419,37,-4.937610071723116,M.McGloin
2013,2013_16_PIT_GB,GB,00-0026349,42,-8.746148555442868,M.Flynn
2013,2013_16_PIT_GB,PIT,00-0021488,1,5.5709729379741475,M.McBriar
2013,2013_16_PIT_GB,PIT,00-0022924,29,-2.8652387712202962,B.Roethlisberger
2013,2013_16_TB_STL,LA,00-0024264,21,4.423532625121356,K.Clemens
2013,2013_16_TB_STL,TB,00-0030520,33,-8.01945026367683,M.Glennon
2013,2013_16_TEN_JAX,JAX,00-0026197,36,2.1187446016306355,C.Henne
2013,2013_16_TEN_JAX,TEN,00-0023682,29,-0.4986670959873347,R.Fitzpatrick
2013,2013_17_BAL_CIN,BAL,00-0026158,52,-19.77530370821939,J.Flacco
2013,2013_17_BAL_CIN,CIN,00-0027973,36,-1.7767445034397462,A.Dalton
2013,2013_17_BUF_NE,BUF,00-0027253,33,4.0300914955071185,T.Lewis
2013,2013_17_BUF_NE,NE,00-0019596,26,-3.620964617673579,T.Brady
2013,2013_17_CAR_ATL,ATL,00-0026143,49,-3.802774798655266,M.Ryan
2013,2013_17_CAR_ATL,CAR,00-0027939,28,-0.05629787634825334,C.Newton
2013,2013_17_CLE_PIT,CLE,00-0023460,44,-9.583543446206022,J.Campbell
2013,2013_17_CLE_PIT,PIT,00-0022924,32,-1.422584002553938,B.Roethlisberger
2013,2013_17_DEN_OAK,DEN,00-0010346,29,24.574898775745528,P.Manning
2013,2013_17_DEN_OAK,DEN,00-0029682,15,-3.818846348896396,B.Osweiler
2013,2013_17_DEN_OAK,LV,00-0028825,40,2.121657507319469,T.Pryor
2013,2013_17_DET_MIN,DET,00-0026498,38,-4.929275085324257,M.Stafford
2013,2013_17_DET_MIN,MIN,00-0023662,36,-8.474485953280237,M.Cassel
2013,2013_17_GB_CHI,CHI,00-0024226,25,11.14388942703954,J.Cutler
2013,2013_17_GB_CHI,GB,00-0023459,43,15.361603418223378,A.Rodgers
2013,2013_17_HOU_TEN,HOU,00-0022787,35,0.9288089548515739,M.Schaub
2013,2013_17_HOU_TEN,TEN,00-0023682,25,0.6843442871769656,R.Fitzpatrick
2013,2013_17_JAX_IND,IND,00-0007091,4,2.094950203667395,M.Hasselbeck
2013,2013_17_JAX_IND,IND,00-0029668,38,8.41601938347638,A.Luck
2013,2013_17_JAX_IND,JAX,00-0026197,54,-5.110457558683522,C.Henne
2013,2013_17_KC_SD,KC,00-0026544,32,3.7433900104409243,C.Daniel
2013,2013_17_KC_SD,LAC,00-0022942,36,4.9078094952521365,P.Rivers
2013,2013_17_NYJ_MIA,MIA,00-0029701,39,-5.1256566307274625,R.Tannehill
2013,2013_17_NYJ_MIA,NYJ,00-0028064,1,2.2830867192242295,B.Powell
2013,2013_17_NYJ_MIA,NYJ,00-0030565,27,5.719751022208561,G.Smith
2013,2013_17_PHI_DAL,DAL,00-0023541,47,-0.09934250674936873,K.Orton
2013,2013_17_PHI_DAL,PHI,00-0024318,1,-0.5044714277028106,B.Smith
2013,2013_17_PHI_DAL,PHI,00-0029567,31,4.83728019442143,N.Foles
2013,2013_17_SF_ARI,ARI,00-0021429,49,7.3439553452582444,C.Palmer
2013,2013_17_SF_ARI,SF,00-0027974,36,11.419886951082,C.Kaepernick
2013,2013_17_STL_SEA,LA,00-0024264,33,-10.754100927520449,K.Clemens
2013,2013_17_STL_SEA,SEA,00-0029263,27,1.5649093006879795,R.Wilson
2013,2013_17_TB_NO,NO,00-0020531,32,25.171314758830704,D.Brees
2013,2013_17_TB_NO,TB,00-0023234,1,-1.809250624733977,M.Koenen
2013,2013_17_TB_NO,TB,00-0030520,43,-1.2419018684980623,M.Glennon
2013,2013_17_WAS_NYG,NYG,00-0022803,25,1.1591408646757264,E.Manning
2013,2013_17_WAS_NYG,NYG,00-0027134,8,-10.51109863515012,C.Painter
2013,2013_17_WAS_NYG,WAS,00-0029604,52,-22.487651959941207,K.Cousins
2013,2013_18_KC_IND,IND,00-0029668,46,13.39669796403025,A.Luck
2013,2013_18_KC_IND,KC,00-0023436,48,10.690200108470762,A.Smith
2013,2013_18_NO_PHI,NO,00-0020531,32,2.6839026426637536,D.Brees
2013,2013_18_NO_PHI,PHI,00-0029567,35,1.0859347221266944,N.Foles
2013,2013_18_SD_CIN,CIN,00-0027973,52,-8.697267325073142,A.Dalton
2013,2013_18_SD_CIN,LAC,00-0022942,17,6.801329044995464,P.Rivers
2013,2013_18_SF_GB,GB,00-0023459,30,4.670508381802645,A.Rodgers
2013,2013_18_SF_GB,SF,00-0027974,33,4.289615300609645,C.Kaepernick
2013,2013_19_IND_NE,IND,00-0029668,44,-2.6443943364275135,A.Luck
2013,2013_19_IND_NE,NE,00-0019596,27,6.41369095176924,T.Brady
2013,2013_19_NO_SEA,NO,00-0020531,43,2.0148477655627044,D.Brees
2013,2013_19_NO_SEA,SEA,00-0029263,21,-4.242337216193855,R.Wilson
2013,2013_19_SD_DEN,DEN,00-0010346,36,9.828485518902504,P.Manning
2013,2013_19_SD_DEN,LAC,00-0022942,31,6.324654516157027,P.Rivers
2013,2013_19_SF_CAR,CAR,00-0027939,30,-0.1778381256153807,C.Newton
2013,2013_19_SF_CAR,SF,00-0022084,1,-0.42068804730661213,A.Boldin
2013,2013_19_SF_CAR,SF,00-0022824,1,-1.0240468295523897,A.Lee
2013,2013_19_SF_CAR,SF,00-0027974,29,10.666626602943035,C.Kaepernick
2013,2013_20_NE_DEN,DEN,00-0010346,43,19.428087479494227,P.Manning
2013,2013_20_NE_DEN,NE,00-0019596,40,7.342815213399458,T.Brady
2013,2013_20_SF_SEA,SEA,00-0029263,29,0.8318427992820596,R.Wilson
2013,2013_20_SF_SEA,SF,00-0027974,26,-6.048825934587512,C.Kaepernick
2013,2013_21_SEA_DEN,DEN,00-0010346,51,-8.002679260054602,P.Manning
2013,2013_21_SEA_DEN,SEA,00-0024279,1,-0.9017850429518148,T.Jackson
2013,2013_21_SEA_DEN,SEA,00-0029263,25,14.52294688847659,R.Wilson
2014,2014_01_BUF_CHI,BUF,00-0030526,23,0.36860634902219935,E.Manuel
2014,2014_01_BUF_CHI,CHI,00-0024226,51,0.05838596446637245,J.Cutler
2014,2014_01_CAR_TB,CAR,00-0023645,34,8.423188631856515,D.Anderson
2014,2014_01_CAR_TB,TB,00-0021206,38,-5.9231868643837515,J.McCown
2014,2014_01_CIN_BAL,BAL,00-0026158,65,-4.871386752352599,J.Flacco
2014,2014_01_CIN_BAL,CIN,00-0027973,39,11.252418232489601,A.Dalton
2014,2014_01_CLE_PIT,CLE,00-0026625,33,4.287778680528879,B.Hoyer
2014,2014_01_CLE_PIT,PIT,00-0022924,34,9.043229594370178,B.Roethlisberger
2014,2014_01_CLE_PIT,PIT,00-0028954,1,3.798126615351066,R.Golden
2014,2014_01_GB_SEA,GB,00-0023459,37,-5.043099894125819,A.Rodgers
2014,2014_01_GB_SEA,SEA,00-0029263,29,5.605734521996024,R.Wilson
2014,2014_01_IND_DEN,DEN,00-0010346,37,13.13921485915352,P.Manning
2014,2014_01_IND_DEN,IND,00-0029668,56,6.4309395081812415,A.Luck
2014,2014_01_JAX_PHI,JAX,00-0026197,46,-11.95167056216183,C.Henne
2014,2014_01_JAX_PHI,PHI,00-0029567,49,-10.901641448843293,N.Foles
2014,2014_01_MIN_STL,LA,00-0020679,14,-7.645991715058121,S.Hill
2014,2014_01_MIN_STL,LA,00-0028957,27,-10.448323409485011,A.Davis
2014,2014_01_MIN_STL,MIN,00-0023662,25,7.530784351311131,M.Cassel
2014,2014_01_NE_MIA,MIA,00-0029701,33,-0.6898194356739737,R.Tannehill
2014,2014_01_NE_MIA,NE,00-0019596,60,-12.657328303747635,T.Brady
2014,2014_01_NO_ATL,ATL,00-0026143,43,23.84476996080697,M.Ryan
2014,2014_01_NO_ATL,NO,00-0020531,42,14.293354871323343,D.Brees
2014,2014_01_NYG_DET,DET,00-0026498,34,20.91621919006849,M.Stafford
2014,2014_01_NYG_DET,NYG,00-0022803,35,-11.247468486079015,E.Manning
2014,2014_01_OAK_NYJ,LV,00-0031280,34,-6.054135249811225,D.Carr
2014,2014_01_OAK_NYJ,NYJ,00-0020245,1,-0.8892964756814763,M.Vick
2014,2014_01_OAK_NYJ,NYJ,00-0030565,31,-1.4076305082877854,G.Smith
2014,2014_01_SD_ARI,ARI,00-0021429,40,6.0984251084357615,C.Palmer
2014,2014_01_SD_ARI,LAC,00-0022942,36,0.7994349297950976,P.Rivers
2014,2014_01_SF_DAL,DAL,00-0021678,40,-5.703230380644468,T.Romo
2014,2014_01_SF_DAL,SF,00-0027974,24,12.31398773175897,C.Kaepernick
2014,2014_01_TEN_KC,KC,00-0023436,39,-7.978732011819222,A.Smith
2014,2014_01_TEN_KC,TEN,00-0027946,37,13.619128851603353,J.Locker
2014,2014_01_WAS_HOU,HOU,00-0023682,22,9.612590839300537,R.Fitzpatrick
2014,2014_01_WAS_HOU,WAS,00-0029665,40,0.3645442395354621,R.Griffin
2014,2014_02_ARI_NYG,ARI,00-0025430,33,-3.9119868430724267,D.Stanton
2014,2014_02_ARI_NYG,NYG,00-0022803,41,5.6679083172930405,E.Manning
2014,2014_02_ATL_CIN,ATL,00-0026143,46,-15.458135872705473,M.Ryan
2014,2014_02_ATL_CIN,CIN,00-0027973,23,9.892853259684218,A.Dalton
2014,2014_02_ATL_CIN,CIN,00-0029632,1,3.1220050130505115,M.Sanu
2014,2014_02_CHI_SF,CHI,00-0024226,35,4.475097960443236,J.Cutler
2014,2014_02_CHI_SF,SF,00-0027974,38,-4.450508079985582,C.Kaepernick
2014,2014_02_DAL_TEN,DAL,00-0021678,33,6.479183959582602,T.Romo
2014,2014_02_DAL_TEN,TEN,00-0027946,36,-9.979193338466517,J.Locker
2014,2014_02_DET_CAR,CAR,00-0027939,39,5.807869656576556,C.Newton
2014,2014_02_DET_CAR,DET,00-0026498,52,-1.1448957755554146,M.Stafford
2014,2014_02_HOU_OAK,HOU,00-0023682,19,12.240900081989567,R.Fitzpatrick
2014,2014_02_HOU_OAK,LV,00-0031280,42,-6.057227293873439,D.Carr
2014,2014_02_JAX_WAS,JAX,00-0026197,38,-18.358760545997267,C.Henne
2014,2014_02_JAX_WAS,WAS,00-0029604,35,14.203370014413007,K.Cousins
2014,2014_02_JAX_WAS,WAS,00-0029665,4,-0.007001978112384677,R.Griffin
2014,2014_02_KC_DEN,DEN,00-0010346,27,11.948633419135808,P.Manning
2014,2014_02_KC_DEN,KC,00-0023436,44,11.218428966620927,A.Smith
2014,2014_02_MIA_BUF,BUF,00-0030526,26,7.422982117719979,E.Manuel
2014,2014_02_MIA_BUF,MIA,00-0029701,53,-7.484915870890155,R.Tannehill
2014,2014_02_NE_MIN,MIN,00-0023662,42,-20.706163582745777,M.Cassel
2014,2014_02_NE_MIN,NE,00-0019596,22,3.0877643481111052,T.Brady
2014,2014_02_NO_CLE,CLE,00-0026625,41,1.3818802616440538,B.Hoyer
2014,2014_02_NO_CLE,CLE,00-0031409,1,-0.789204191416502,J.Manziel
2014,2014_02_NO_CLE,NO,00-0020531,41,-1.560892588734534,D.Brees
2014,2014_02_NYJ_GB,GB,00-0023459,46,9.620116114915508,A.Rodgers
2014,2014_02_NYJ_GB,NYJ,00-0020245,1,-0.7881774273701012,M.Vick
2014,2014_02_NYJ_GB,NYJ,00-0030565,33,0.9951915116142693,G.Smith
2014,2014_02_PHI_IND,IND,00-0029668,34,4.730768732992225,A.Luck
2014,2014_02_PHI_IND,PHI,00-0029567,37,12.096932163853845,N.Foles
2014,2014_02_PIT_BAL,BAL,00-0026158,29,8.0923233055937,J.Flacco
2014,2014_02_PIT_BAL,PIT,00-0022924,39,-3.5552304638864713,B.Roethlisberger
2014,2014_02_SEA_SD,LAC,00-0022942,38,16.903912851828657,P.Rivers
2014,2014_02_SEA_SD,SEA,00-0029263,27,3.003975035069743,R.Wilson
2014,2014_02_STL_TB,LA,00-0028957,31,12.599847050875901,A.Davis
2014,2014_02_STL_TB,TB,00-0021206,21,2.5627429398009554,J.McCown
2014,2014_03_BAL_CLE,BAL,00-0026158,30,2.4374237222482766,J.Flacco
2014,2014_03_BAL_CLE,CLE,00-0026625,25,18.957160549172382,B.Hoyer
2014,2014_03_CHI_NYJ,CHI,00-0024226,42,-1.0811048880394907,J.Cutler
2014,2014_03_CHI_NYJ,NYJ,00-0030565,46,-7.321744410765367,G.Smith
2014,2014_03_DAL_STL,DAL,00-0021678,23,10.276947423063465,T.Romo
2014,2014_03_DAL_STL,LA,00-0028957,42,10.013644920585813,A.Davis
2014,2014_03_DEN_SEA,DEN,00-0010346,50,4.7176848494569885,P.Manning
2014,2014_03_DEN_SEA,SEA,00-0029159,1,1.0823003244004212,J.Kearse
2014,2014_03_DEN_SEA,SEA,00-0029263,37,-1.1390564335158473,R.Wilson
2014,2014_03_GB_DET,DET,00-0026498,36,-0.2708380101402117,M.Stafford
2014,2014_03_GB_DET,GB,00-0023459,29,-3.2191883552004583,A.Rodgers
2014,2014_03_HOU_NYG,HOU,00-0019714,1,2.7922356287017465,S.Lechler
2014,2014_03_HOU_NYG,HOU,00-0023682,35,-7.3532375521707944,R.Fitzpatrick
2014,2014_03_HOU_NYG,NYG,00-0022803,29,7.148946160898985,E.Manning
2014,2014_03_IND_JAX,IND,00-0007091,4,-0.4746543816290796,M.Hasselbeck
2014,2014_03_IND_JAX,IND,00-0029668,41,29.10723359093309,A.Luck
2014,2014_03_IND_JAX,JAX,00-0026197,10,-6.5720617870101705,C.Henne
2014,2014_03_IND_JAX,JAX,00-0031407,25,3.4753034515593804,B.Bortles
2014,2014_03_KC_MIA,KC,00-0023436,31,6.100403906180989,A.Smith
2014,2014_03_KC_MIA,MIA,00-0029701,47,-13.689283364829677,R.Tannehill
2014,2014_03_MIN_NO,MIN,00-0023662,10,0.6225711047882214,M.Cassel
2014,2014_03_MIN_NO,MIN,00-0031237,22,1.2859447243317188,T.Bridgewater
2014,2014_03_MIN_NO,NO,00-0020531,36,20.099320538400207,D.Brees
2014,2014_03_OAK_NE,LV,00-0031280,34,-0.3546744939951605,D.Carr
2014,2014_03_OAK_NE,NE,00-0019596,39,6.409350128382674,T.Brady
2014,2014_03_PIT_CAR,CAR,00-0023645,7,5.315387125752866,D.Anderson
2014,2014_03_PIT_CAR,CAR,00-0027939,38,-0.3459576757935241,C.Newton
2014,2014_03_PIT_CAR,PIT,00-0022924,30,4.813276132354732,B.Roethlisberger
2014,2014_03_SD_BUF,BUF,00-0024204,1,-0.3916904491488822,F.Jackson
2014,2014_03_SD_BUF,BUF,00-0030526,42,-5.550670677170215,E.Manuel
2014,2014_03_SD_BUF,LAC,00-0022942,27,11.066356216276779,P.Rivers
2014,2014_03_SF_ARI,ARI,00-0025396,1,0.8702882564393803,T.Ginn
2014,2014_03_SF_ARI,ARI,00-0025430,33,13.774358665743135,D.Stanton
2014,2014_03_SF_ARI,SF,00-0027974,38,10.051548714220157,C.Kaepernick
2014,2014_03_TB_ATL,ATL,00-0026143,25,21.01248610149401,M.Ryan
2014,2014_03_TB_ATL,ATL,00-0028090,4,0.2152721339953132,T.Yates
2014,2014_03_TB_ATL,TB,00-0021206,13,-11.046642742468975,J.McCown
2014,2014_03_TB_ATL,TB,00-0030520,26,-0.4355376785970293,M.Glennon
2014,2014_03_TEN_CIN,CIN,00-0023460,2,-4.436165228951722,J.Campbell
2014,2014_03_TEN_CIN,CIN,00-0027973,23,-1.0023022585586956,A.Dalton
2014,2014_03_TEN_CIN,CIN,00-0029632,1,2.178895783959888,M.Sanu
2014,2014_03_TEN_CIN,TEN,00-0027946,36,-13.533159072883205,J.Locker
2014,2014_03_WAS_PHI,PHI,00-0029567,41,13.595721270279613,N.Foles
2014,2014_03_WAS_PHI,WAS,00-0029604,48,17.08822731705353,K.Cousins
2014,2014_04_ATL_MIN,ATL,00-0026143,41,7.676468971767463,M.Ryan
2014,2014_04_ATL_MIN,MIN,00-0031237,31,14.237163661271083,T.Bridgewater
2014,2014_04_BUF_HOU,BUF,00-0030526,45,-16.902117645476146,E.Manuel
2014,2014_04_BUF_HOU,HOU,00-0023682,40,-4.918393509040612,R.Fitzpatrick
2014,2014_04_CAR_BAL,BAL,00-0026158,30,26.08684419072233,J.Flacco
2014,2014_04_CAR_BAL,CAR,00-0023645,9,0.08811830310150981,D.Anderson
2014,2014_04_CAR_BAL,CAR,00-0027939,27,14.820409696316347,C.Newton
2014,2014_04_DET_NYJ,DET,00-0026498,38,9.47067590107402,M.Stafford
2014,2014_04_DET_NYJ,NYJ,00-0030565,35,-4.603667703390041,G.Smith
2014,2014_04_GB_CHI,CHI,00-0024226,35,-7.0657367465145935,J.Cutler
2014,2014_04_GB_CHI,CHI,00-0027659,1,0.4832395948469639,J.Clausen
2014,2014_04_GB_CHI,GB,00-0023459,29,24.71575136705187,A.Rodgers
2014,2014_04_JAX_SD,JAX,00-0031407,40,-2.9227351872832514,B.Bortles
2014,2014_04_JAX_SD,LAC,00-0022942,41,20.972960566656532,P.Rivers
2014,2014_04_MIA_OAK,LV,00-0030419,20,-11.496264595538378,M.McGloin
2014,2014_04_MIA_OAK,LV,00-0031280,26,-0.3051841755514033,D.Carr
2014,2014_04_MIA_OAK,MIA,00-0029701,31,12.820346610890503,R.Tannehill
2014,2014_04_NE_KC,KC,00-0023436,28,13.8125661415751,A.Smith
2014,2014_04_NE_KC,NE,00-0019596,25,-14.115944144723471,T.Brady
2014,2014_04_NE_KC,NE,00-0031345,8,4.134890131885186,J.Garoppolo
2014,2014_04_NO_DAL,DAL,00-0021678,30,14.362895613038955,T.Romo
2014,2014_04_NO_DAL,NO,00-0020531,45,10.91615964136825,D.Brees
2014,2014_04_NO_DAL,NO,00-0027114,1,-2.9899237310746685,T.Morstead
2014,2014_04_NYG_WAS,NYG,00-0022803,40,15.490808143781186,E.Manning
2014,2014_04_NYG_WAS,WAS,00-0029604,35,-14.428972161142156,K.Cousins
2014,2014_04_PHI_SF,PHI,00-0029567,44,-9.400893016310874,N.Foles
2014,2014_04_PHI_SF,SF,00-0027974,34,-6.227315141703002,C.Kaepernick
2014,2014_04_TB_PIT,PIT,00-0022924,44,11.77407655939729,B.Roethlisberger
2014,2014_04_TB_PIT,PIT,00-0027793,1,0.896934064803645,A.Brown
2014,2014_04_TB_PIT,TB,00-0029384,1,-0.4260430687572807,B.Rainey
2014,2014_04_TB_PIT,TB,00-0030520,42,6.11710548601105,M.Glennon
2014,2014_04_TEN_IND,IND,00-0029668,41,24.607933454631702,A.Luck
2014,2014_04_TEN_IND,TEN,00-0024296,26,-0.19253540192240992,C.Whitehurst
2014,2014_04_TEN_IND,TEN,00-0031266,5,-4.389634072082117,Z.Mettenberger
2014,2014_05_ARI_DEN,ARI,00-0025430,27,-2.42342417784362,D.Stanton
2014,2014_05_ARI_DEN,ARI,00-0031260,10,-2.190115242963657,L.Thomas
2014,2014_05_ARI_DEN,DEN,00-0010346,48,14.979501859357557,P.Manning
2014,2014_05_ATL_NYG,ATL,00-0026143,45,2.046194828768771,M.Ryan
2014,2014_05_ATL_NYG,NYG,00-0022803,31,7.406148675046299,E.Manning
2014,2014_05_BAL_IND,BAL,00-0026158,41,-15.232445410958263,J.Flacco
2014,2014_05_BAL_IND,IND,00-0029668,50,1.993873961492632,A.Luck
2014,2014_05_BUF_DET,BUF,00-0023541,45,0.23326356835506323,K.Orton
2014,2014_05_BUF_DET,DET,00-0026498,37,-10.7245139146865,M.Stafford
2014,2014_05_CHI_CAR,CAR,00-0027939,37,-1.5705187959074003,C.Newton
2014,2014_05_CHI_CAR,CHI,00-0024226,40,1.6942325146098236,J.Cutler
2014,2014_05_CIN_NE,CIN,00-0023460,5,-0.6691452998202294,J.Campbell
2014,2014_05_CIN_NE,CIN,00-0027973,25,5.745282120899823,A.Dalton
2014,2014_05_CIN_NE,NE,00-0019596,36,7.820274520830859,T.Brady
2014,2014_05_CLE_TEN,CLE,00-0026625,38,6.270554319872522,B.Hoyer
2014,2014_05_CLE_TEN,TEN,00-0024296,23,5.110199356160592,C.Whitehurst
2014,2014_05_CLE_TEN,TEN,00-0027946,12,3.521396735741291,J.Locker
2014,2014_05_HOU_DAL,DAL,00-0021678,42,10.80865825870498,T.Romo
2014,2014_05_HOU_DAL,HOU,00-0023682,25,-4.707081957646551,R.Fitzpatrick
2014,2014_05_KC_SF,KC,00-0023436,30,4.581188816613816,A.Smith
2014,2014_05_KC_SF,SF,00-0022084,1,-0.41531770303845406,A.Boldin
2014,2014_05_KC_SF,SF,00-0027974,29,2.7296786534835134,C.Kaepernick
2014,2014_05_MIN_GB,GB,00-0023459,19,6.13111610407941,A.Rodgers
2014,2014_05_MIN_GB,GB,00-0026349,5,-2.675624063005671,M.Flynn
2014,2014_05_MIN_GB,MIN,00-0027950,50,-19.11413137042081,C.Ponder
2014,2014_05_NYJ_SD,LAC,00-0022942,31,13.680397060804582,P.Rivers
2014,2014_05_NYJ_SD,NYJ,00-0020245,21,-16.58261099481024,M.Vick
2014,2014_05_NYJ_SD,NYJ,00-0030565,12,-5.008476421586238,G.Smith
2014,2014_05_PIT_JAX,JAX,00-0031407,37,-11.031937209908829,B.Bortles
2014,2014_05_PIT_JAX,PIT,00-0022924,40,4.39978127512679,B.Roethlisberger
2014,2014_05_SEA_WAS,SEA,00-0029263,27,1.1936960791085887,R.Wilson
2014,2014_05_SEA_WAS,WAS,00-0029604,37,6.206997814035276,K.Cousins
2014,2014_05_STL_PHI,LA,00-0028957,53,2.563227476202883,A.Davis
2014,2014_05_STL_PHI,PHI,00-0029567,37,4.816298064689317,N.Foles
2014,2014_05_TB_NO,NO,00-0020531,58,-1.7581929095263773,D.Brees
2014,2014_05_TB_NO,TB,00-0030520,33,11.09198339689338,M.Glennon
2014,2014_06_BAL_TB,BAL,00-0026158,27,27.500935972076213,J.Flacco
2014,2014_06_BAL_TB,TB,00-0030520,49,-7.997187619279437,M.Glennon
2014,2014_06_CAR_CIN,CAR,00-0027939,45,12.023316883504156,C.Newton
2014,2014_06_CAR_CIN,CIN,00-0027973,44,10.3571634077853,A.Dalton
2014,2014_06_CHI_ATL,ATL,00-0026143,41,-7.109509545746966,M.Ryan
2014,2014_06_CHI_ATL,CHI,00-0024226,41,19.337324720587567,J.Cutler
2014,2014_06_DAL_SEA,DAL,00-0021678,33,12.98890291362235,T.Romo
2014,2014_06_DAL_SEA,SEA,00-0029263,30,-7.102480732910886,R.Wilson
2014,2014_06_DEN_NYJ,DEN,00-0010346,34,9.916676394869102,P.Manning
2014,2014_06_DEN_NYJ,NYJ,00-0030565,47,-9.207939685830521,G.Smith
2014,2014_06_DET_MIN,DET,00-0026498,37,-3.350493475093892,M.Stafford
2014,2014_06_DET_MIN,MIN,00-0031237,45,-25.771945619266653,T.Bridgewater
2014,2014_06_GB_MIA,GB,00-0023459,45,10.219017931021096,A.Rodgers
2014,2014_06_GB_MIA,MIA,00-0029701,32,6.510103673354024,R.Tannehill
2014,2014_06_IND_HOU,HOU,00-0023682,28,-0.9488778328232002,R.Fitzpatrick
2014,2014_06_IND_HOU,IND,00-0029668,47,14.796801690458746,A.Luck
2014,2014_06_JAX_TEN,JAX,00-0031407,51,3.2976899354086404,B.Bortles
2014,2014_06_JAX_TEN,TEN,00-0024296,31,1.7955830871360456,C.Whitehurst
2014,2014_06_NE_BUF,BUF,00-0023541,44,6.050178767051082,K.Orton
2014,2014_06_NE_BUF,NE,00-0019596,39,27.95091362897119,T.Brady
2014,2014_06_NYG_PHI,NYG,00-0022803,29,-9.468232289596926,E.Manning
2014,2014_06_NYG_PHI,NYG,00-0030586,7,-1.280990669503808,R.Nassib
2014,2014_06_NYG_PHI,PHI,00-0029567,35,-0.16508218612425196,N.Foles
2014,2014_06_PIT_CLE,CLE,00-0026625,18,7.863509518702221,B.Hoyer
2014,2014_06_PIT_CLE,PIT,00-0022924,44,-11.34354328099289,B.Roethlisberger
2014,2014_06_SD_OAK,LAC,00-0022942,35,17.677316800311097,P.Rivers
2014,2014_06_SD_OAK,LAC,00-0025424,1,-2.3244858644902706,E.Weddle
2014,2014_06_SD_OAK,LV,00-0031280,34,11.351563318328113,D.Carr
2014,2014_06_SF_STL,LA,00-0028957,45,-11.79141672636393,A.Davis
2014,2014_06_SF_STL,SF,00-0027974,35,17.773735655265252,C.Kaepernick
2014,2014_06_WAS_ARI,ARI,00-0021429,45,6.004829902124526,C.Palmer
2014,2014_06_WAS_ARI,WAS,00-0029604,40,-4.464032459990179,K.Cousins
2014,2014_07_ARI_OAK,ARI,00-0021429,32,8.860942580970004,C.Palmer
2014,2014_07_ARI_OAK,LV,00-0031280,29,-3.0822723636514198,D.Carr
2014,2014_07_ATL_BAL,ATL,00-0026143,49,-12.54863829550034,M.Ryan
2014,2014_07_ATL_BAL,BAL,00-0026158,26,10.208758641301184,J.Flacco
2014,2014_07_CAR_GB,CAR,00-0023645,8,2.7667711149551906,D.Anderson
2014,2014_07_CAR_GB,CAR,00-0027939,34,-2.9606003419612534,C.Newton
2014,2014_07_CAR_GB,GB,00-0023459,24,10.29615122346419,A.Rodgers
2014,2014_07_CAR_GB,GB,00-0026349,2,-1.154188608750701,M.Flynn
2014,2014_07_CIN_IND,CIN,00-0027973,41,-23.23250112196547,A.Dalton
2014,2014_07_CIN_IND,CIN,00-0029632,1,-1.365249639376998,M.Sanu
2014,2014_07_CIN_IND,IND,00-0029668,44,9.506701367820057,A.Luck
2014,2014_07_CLE_JAX,CLE,00-0026625,44,-22.368901569314467,B.Hoyer
2014,2014_07_CLE_JAX,JAX,00-0031407,33,-19.970168080622685,B.Bortles
2014,2014_07_HOU_PIT,HOU,00-0023682,33,8.54266146384629,R.Fitzpatrick
2014,2014_07_HOU_PIT,PIT,00-0022924,36,5.839204654915557,B.Roethlisberger
2014,2014_07_HOU_PIT,PIT,00-0027793,1,1.0913111584377475,A.Brown
2014,2014_07_KC_SD,KC,00-0023436,31,8.474054368661863,A.Smith
2014,2014_07_KC_SD,LAC,00-0022942,33,1.3564892654374108,P.Rivers
2014,2014_07_MIA_CHI,CHI,00-0024226,37,-9.599128686648328,J.Cutler
2014,2014_07_MIA_CHI,MIA,00-0029701,36,13.77784220750732,R.Tannehill
2014,2014_07_MIN_BUF,BUF,00-0023541,48,1.1064693695591683,K.Orton
2014,2014_07_MIN_BUF,MIN,00-0031237,31,-7.612649964844391,T.Bridgewater
2014,2014_07_NO_DET,DET,00-0026498,43,-4.0940339182994245,M.Stafford
2014,2014_07_NO_DET,NO,00-0020531,45,3.493018282298201,D.Brees
2014,2014_07_NYG_DAL,DAL,00-0021678,25,18.399420835572528,T.Romo
2014,2014_07_NYG_DAL,NYG,00-0022803,33,14.147922137286514,E.Manning
2014,2014_07_NYJ_NE,NE,00-0019596,38,8.019179077959784,T.Brady
2014,2014_07_NYJ_NE,NYJ,00-0030565,37,2.807791822131404,G.Smith
2014,2014_07_SEA_STL,LA,00-0028872,1,2.2776513543212786,J.Hekker
2014,2014_07_SEA_STL,LA,00-0028957,20,6.822359358717222,A.Davis
2014,2014_07_SEA_STL,SEA,00-0029263,40,15.272957490969093,R.Wilson
2014,2014_07_SF_DEN,DEN,00-0010346,28,20.5682622778113,P.Manning
2014,2014_07_SF_DEN,DEN,00-0029682,1,-0.888791702920571,B.Osweiler
2014,2014_07_SF_DEN,SF,00-0027948,7,3.99110510078026,B.Gabbert
2014,2014_07_SF_DEN,SF,00-0027974,45,-5.404407618798731,C.Kaepernick
2014,2014_07_TEN_WAS,TEN,00-0024296,27,3.1909886496844986,C.Whitehurst
2014,2014_07_TEN_WAS,WAS,00-0027688,14,2.90352354621415,C.McCoy
2014,2014_07_TEN_WAS,WAS,00-0029604,17,-4.350101106991021,K.Cousins
2014,2014_08_BAL_CIN,BAL,00-0026158,35,-9.828177032171034,J.Flacco
2014,2014_08_BAL_CIN,CIN,00-0027973,30,-1.74305466572081,A.Dalton
2014,2014_08_BUF_NYJ,BUF,00-0023541,21,8.075237390694792,K.Orton
2014,2014_08_BUF_NYJ,NYJ,00-0020245,39,-11.92741532706702,M.Vick
2014,2014_08_BUF_NYJ,NYJ,00-0030565,8,-13.114342681423295,G.Smith
2014,2014_08_CHI_NE,CHI,00-0024226,35,-0.062200769345276186,J.Cutler
2014,2014_08_CHI_NE,CHI,00-0027659,5,-2.260953657212667,J.Clausen
2014,2014_08_CHI_NE,NE,00-0019596,35,33.51277921155613,T.Brady
2014,2014_08_CHI_NE,NE,00-0031345,4,-1.0002025987724217,J.Garoppolo
2014,2014_08_DET_ATL,ATL,00-0026143,29,7.802022423624294,M.Ryan
2014,2014_08_DET_ATL,DET,00-0026498,45,10.844748768060354,M.Stafford
2014,2014_08_GB_NO,GB,00-0023459,42,12.114738936202308,A.Rodgers
2014,2014_08_GB_NO,GB,00-0026349,2,-4.9542010595905595,M.Flynn
2014,2014_08_GB_NO,NO,00-0020531,34,15.103401854186526,D.Brees
2014,2014_08_HOU_TEN,HOU,00-0023682,40,4.191655595948093,R.Fitzpatrick
2014,2014_08_HOU_TEN,TEN,00-0031266,43,-4.556238258342663,Z.Mettenberger
2014,2014_08_IND_PIT,IND,00-0029668,47,6.241872550678382,A.Luck
2014,2014_08_IND_PIT,PIT,00-0022924,49,41.58278359117685,B.Roethlisberger
2014,2014_08_MIA_JAX,JAX,00-0031407,38,-17.63238599851129,B.Bortles
2014,2014_08_MIA_JAX,MIA,00-0029701,32,-7.343008959378095,R.Tannehill
2014,2014_08_MIN_TB,MIN,00-0031237,42,-2.2225772970207327,T.Bridgewater
2014,2014_08_MIN_TB,TB,00-0030520,33,-5.131942268670562,M.Glennon
2014,2014_08_OAK_CLE,CLE,00-0026625,29,4.662171537770192,B.Hoyer
2014,2014_08_OAK_CLE,LV,00-0022787,1,-2.9297670375090092,M.Schaub
2014,2014_08_OAK_CLE,LV,00-0026144,1,-0.5046176582109183,D.McFadden
2014,2014_08_OAK_CLE,LV,00-0031280,55,3.7336177087337767,D.Carr
2014,2014_08_PHI_ARI,ARI,00-0021429,42,7.565267520374926,C.Palmer
2014,2014_08_PHI_ARI,PHI,00-0029567,62,3.4381100270965614,N.Foles
2014,2014_08_SD_DEN,DEN,00-0010346,35,18.458476032152873,P.Manning
2014,2014_08_SD_DEN,LAC,00-0022942,43,8.047086979961023,P.Rivers
2014,2014_08_SEA_CAR,CAR,00-0027939,25,-8.097041737493543,C.Newton
2014,2014_08_SEA_CAR,SEA,00-0029263,33,0.14366390164867182,R.Wilson
2014,2014_08_STL_KC,KC,00-0023436,31,9.934710609032555,A.Smith
2014,2014_08_STL_KC,LA,00-0028957,32,-9.318372081970754,A.Davis
2014,2014_08_WAS_DAL,DAL,00-0021678,33,-0.7152520068339072,T.Romo
2014,2014_08_WAS_DAL,DAL,00-0029677,6,3.8773240255070562,B.Weeden
2014,2014_08_WAS_DAL,WAS,00-0027688,33,6.920162206042278,C.McCoy
2014,2014_09_ARI_DAL,ARI,00-0021429,36,6.195459268608829,C.Palmer
2014,2014_09_ARI_DAL,DAL,00-0029677,34,-7.559622932913285,B.Weeden
2014,2014_09_BAL_PIT,BAL,00-0026158,48,-5.523059000861999,J.Flacco
2014,2014_09_BAL_PIT,PIT,00-0022924,40,23.534165153861977,B.Roethlisberger
2014,2014_09_BAL_PIT,PIT,00-0030142,1,1.053,B.Wing
2014,2014_09_DEN_NE,DEN,00-0010346,58,-3.1180145928027896,P.Manning
2014,2014_09_DEN_NE,NE,00-0019596,55,10.010438737804279,T.Brady
2014,2014_09_IND_NYG,IND,00-0029668,47,12.823246343136992,A.Luck
2014,2014_09_IND_NYG,NYG,00-0022803,55,-0.8269704268161551,E.Manning
2014,2014_09_JAX_CIN,CIN,00-0027973,33,3.359932190106411,A.Dalton
2014,2014_09_JAX_CIN,JAX,00-0031407,36,-1.624627880302584,B.Bortles
2014,2014_09_NO_CAR,CAR,00-0027939,32,-17.607501404568584,C.Newton
2014,2014_09_NO_CAR,NO,00-0020531,37,4.151940452633426,D.Brees
2014,2014_09_NYJ_KC,KC,00-0023436,32,9.202207766504543,A.Smith
2014,2014_09_NYJ_KC,NYJ,00-0020245,31,-3.0282894468982704,M.Vick
2014,2014_09_NYJ_KC,NYJ,00-0029151,8,-2.7920401620212942,M.Simms
2014,2014_09_OAK_SEA,LV,00-0031280,41,-6.288652932109254,D.Carr
2014,2014_09_OAK_SEA,SEA,00-0029263,36,-3.87451507554198,R.Wilson
2014,2014_09_PHI_HOU,HOU,00-0023682,31,-0.04214293028323324,R.Fitzpatrick
2014,2014_09_PHI_HOU,PHI,00-0026898,24,1.7963220186058724,M.Sanchez
2014,2014_09_PHI_HOU,PHI,00-0029567,14,-2.590187125140801,N.Foles
2014,2014_09_SD_MIA,LAC,00-0022942,26,-11.202431277721189,P.Rivers
2014,2014_09_SD_MIA,LAC,00-0024264,4,-3.404492739122361,K.Clemens
2014,2014_09_SD_MIA,MIA,00-0025708,4,1.3215904026292264,M.Moore
2014,2014_09_SD_MIA,MIA,00-0026901,1,-0.4376145548885688,M.Wallace
2014,2014_09_SD_MIA,MIA,00-0029701,34,18.102836946490772,R.Tannehill
2014,2014_09_STL_SF,LA,00-0028957,25,-8.009857868226673,A.Davis
2014,2014_09_STL_SF,SF,00-0027974,41,-6.275616722696512,C.Kaepernick
2014,2014_09_TB_CLE,CLE,00-0026625,39,-5.6548412183732495,B.Hoyer
2014,2014_09_TB_CLE,TB,00-0030520,35,-3.154604737808828,M.Glennon
2014,2014_09_WAS_MIN,MIN,00-0031237,44,8.998426615347853,T.Bridgewater
2014,2014_09_WAS_MIN,WAS,00-0029665,33,5.8427399889309,R.Griffin
2014,2014_10_ATL_TB,ATL,00-0026143,32,9.775110843336542,M.Ryan
2014,2014_10_ATL_TB,TB,00-0021206,45,6.197444527875632,J.McCown
2014,2014_10_CAR_PHI,CAR,00-0027939,49,-13.2472509163199,C.Newton
2014,2014_10_CAR_PHI,PHI,00-0026898,38,7.370653218292195,M.Sanchez
2014,2014_10_CAR_PHI,PHI,00-0030533,1,-1.1799209536984563,M.Barkley
2014,2014_10_CHI_GB,CHI,00-0024226,40,-16.910439144063275,J.Cutler
2014,2014_10_CHI_GB,CHI,00-0027659,4,-4.29946831590496,J.Clausen
2014,2014_10_CHI_GB,GB,00-0023459,27,27.005231690153675,A.Rodgers
2014,2014_10_CHI_GB,GB,00-0026349,5,-4.257519474068415,M.Flynn
2014,2014_10_CLE_CIN,CIN,00-0023460,6,-1.633231379906647,J.Campbell
2014,2014_10_CLE_CIN,CIN,00-0027973,35,-24.763589621928986,A.Dalton
2014,2014_10_CLE_CIN,CLE,00-0026625,23,10.063558823206051,B.Hoyer
2014,2014_10_DAL_JAX,DAL,00-0021678,28,10.931794975961255,T.Romo
2014,2014_10_DAL_JAX,DAL,00-0029677,1,1.5483939421828836,B.Weeden
2014,2014_10_DAL_JAX,JAX,00-0031407,42,0.5270271776681765,B.Bortles
2014,2014_10_DEN_OAK,DEN,00-0010346,44,14.199079477681876,P.Manning
2014,2014_10_DEN_OAK,DEN,00-0029682,5,-2.5276811990188435,B.Osweiler
2014,2014_10_DEN_OAK,LV,00-0031280,47,-13.72831804925855,D.Carr
2014,2014_10_KC_BUF,BUF,00-0023541,49,-0.0044464520315625755,K.Orton
2014,2014_10_KC_BUF,KC,00-0023436,35,-6.576137827154823,A.Smith
2014,2014_10_MIA_DET,DET,00-0026498,43,4.0664881668101405,M.Stafford
2014,2014_10_MIA_DET,DET,00-0030092,2,1.856291466159746,S.Martin
2014,2014_10_MIA_DET,MIA,00-0029701,40,-4.9297227974098865,R.Tannehill
2014,2014_10_NYG_SEA,NYG,00-0022803,45,-3.620866245124489,E.Manning
2014,2014_10_NYG_SEA,SEA,00-0029263,19,3.2457509953528643,R.Wilson
2014,2014_10_PIT_NYJ,NYJ,00-0020245,22,0.8755719635015051,M.Vick
2014,2014_10_PIT_NYJ,PIT,00-0022924,43,3.0730034061643,B.Roethlisberger
2014,2014_10_SF_NO,NO,00-0020531,48,-2.465983557949227,D.Brees
2014,2014_10_SF_NO,SF,00-0027974,36,-5.217407406371484,C.Kaepernick
2014,2014_10_STL_ARI,ARI,00-0021429,39,-2.8525812254821616,C.Palmer
2014,2014_10_STL_ARI,ARI,00-0025430,5,4.383755309740081,D.Stanton
2014,2014_10_STL_ARI,LA,00-0028957,36,-25.482961003144737,A.Davis
2014,2014_10_TEN_BAL,BAL,00-0026158,28,4.394766133569647,J.Flacco
2014,2014_10_TEN_BAL,TEN,00-0031266,32,-5.003421432105824,Z.Mettenberger
2014,2014_11_ATL_CAR,ATL,00-0026143,46,7.458791794320419,M.Ryan
2014,2014_11_ATL_CAR,CAR,00-0027939,39,-5.1437839542459285,C.Newton
2014,2014_11_BUF_MIA,BUF,00-0023541,41,-4.755162551663618,K.Orton
2014,2014_11_BUF_MIA,MIA,00-0029701,39,8.195321067225258,R.Tannehill
2014,2014_11_CIN_NO,CIN,00-0027973,23,21.6324702638085,A.Dalton
2014,2014_11_CIN_NO,NO,00-0020531,41,8.680501505177478,D.Brees
2014,2014_11_DEN_STL,DEN,00-0010346,56,-8.732187655201415,P.Manning
2014,2014_11_DEN_STL,LA,00-0020679,32,-0.41795198542842327,S.Hill
2014,2014_11_DET_ARI,ARI,00-0025430,32,5.739824920601677,D.Stanton
2014,2014_11_DET_ARI,DET,00-0026498,34,-5.8010161420809325,M.Stafford
2014,2014_11_HOU_CLE,CLE,00-0026625,53,-11.244116814619112,B.Hoyer
2014,2014_11_HOU_CLE,HOU,00-0028012,30,8.517231177824971,R.Mallett
2014,2014_11_MIN_CHI,CHI,00-0024226,43,11.530249935272561,J.Cutler
2014,2014_11_MIN_CHI,MIN,00-0031237,30,-4.260343204621704,T.Bridgewater
2014,2014_11_NE_IND,IND,00-0029668,40,0.9626227640504421,A.Luck
2014,2014_11_NE_IND,NE,00-0019596,30,12.426859476079699,T.Brady
2014,2014_11_OAK_SD,LAC,00-0022942,36,-6.195573352222709,P.Rivers
2014,2014_11_OAK_SD,LV,00-0031280,35,-8.052183543558591,D.Carr
2014,2014_11_PHI_GB,GB,00-0023459,37,18.546422829734745,A.Rodgers
2014,2014_11_PHI_GB,GB,00-0026349,2,1.6644804661627859,M.Flynn
2014,2014_11_PHI_GB,PHI,00-0026898,47,-0.3252632250828995,M.Sanchez
2014,2014_11_PIT_TEN,PIT,00-0022924,37,4.6282624069890295,B.Roethlisberger
2014,2014_11_PIT_TEN,TEN,00-0031266,24,4.629033481003717,Z.Mettenberger
2014,2014_11_SEA_KC,KC,00-0023436,16,5.244903774640989,A.Smith
2014,2014_11_SEA_KC,SEA,00-0029263,34,0.3577067040388493,R.Wilson
2014,2014_11_SF_NYG,NYG,00-0022803,47,-14.796080080439731,E.Manning
2014,2014_11_SF_NYG,SF,00-0022824,1,-3.4010372664779425,A.Lee
2014,2014_11_SF_NYG,SF,00-0027974,30,4.202524520175684,C.Kaepernick
2014,2014_11_TB_WAS,TB,00-0021206,25,18.305732279676803,J.McCown
2014,2014_11_TB_WAS,WAS,00-0029665,38,-15.062202201891616,R.Griffin
2014,2014_12_ARI_SEA,ARI,00-0025430,29,-10.15784948863196,D.Stanton
2014,2014_12_ARI_SEA,SEA,00-0029263,29,-1.1083949027316162,R.Wilson
2014,2014_12_BAL_NO,BAL,00-0026158,25,17.301147462380857,J.Flacco
2014,2014_12_BAL_NO,NO,00-0020531,48,8.595736418557797,D.Brees
2014,2014_12_CIN_HOU,CIN,00-0027973,35,3.006444076079505,A.Dalton
2014,2014_12_CIN_HOU,HOU,00-0028012,44,-12.892635496198318,R.Mallett
2014,2014_12_CLE_ATL,ATL,00-0026143,46,0.41135644917430025,M.Ryan
2014,2014_12_CLE_ATL,CLE,00-0026625,40,0.18680566219835626,B.Hoyer
2014,2014_12_CLE_ATL,CLE,00-0029664,1,-0.7762390393763781,J.Gordon
2014,2014_12_DAL_NYG,DAL,00-0021678,27,14.503449928954005,T.Romo
2014,2014_12_DAL_NYG,NYG,00-0022803,42,14.604843149078079,E.Manning
2014,2014_12_DET_NE,DET,00-0026498,48,-6.803035668790627,M.Stafford
2014,2014_12_DET_NE,NE,00-0019596,53,8.899236614616338,T.Brady
2014,2014_12_GB_MIN,GB,00-0023459,30,9.46894207565984,A.Rodgers
2014,2014_12_GB_MIN,MIN,00-0031237,39,-3.164637702215212,T.Bridgewater
2014,2014_12_JAX_IND,IND,00-0029668,37,-8.850685479473267,A.Luck
2014,2014_12_JAX_IND,JAX,00-0031407,31,-19.87030276641526,B.Bortles
2014,2014_12_KC_OAK,KC,00-0023436,38,-0.3693788732435346,A.Smith
2014,2014_12_KC_OAK,LV,00-0031280,36,0.6171958053949544,D.Carr
2014,2014_12_MIA_DEN,DEN,00-0010346,37,18.86876179520501,P.Manning
2014,2014_12_MIA_DEN,MIA,00-0029701,37,7.042999639001209,R.Tannehill
2014,2014_12_NYJ_BUF,BUF,00-0023541,33,10.287318469333309,K.Orton
2014,2014_12_NYJ_BUF,NYJ,00-0020245,24,-16.93939478859864,M.Vick
2014,2014_12_NYJ_BUF,NYJ,00-0030565,14,-4.2018832891481,G.Smith
2014,2014_12_STL_SD,LA,00-0020679,36,-9.658778497826319,S.Hill
2014,2014_12_STL_SD,LA,00-0028872,1,3.4683817874174565,J.Hekker
2014,2014_12_STL_SD,LAC,00-0022942,37,0.03082135122718066,P.Rivers
2014,2014_12_TB_CHI,CHI,00-0024226,30,-13.384270539179164,J.Cutler
2014,2014_12_TB_CHI,TB,00-0021206,53,-6.328929823222626,J.McCown
2014,2014_12_TEN_PHI,PHI,00-0026898,45,6.420697271219803,M.Sanchez
2014,2014_12_TEN_PHI,TEN,00-0031266,44,-1.347998714427412,Z.Mettenberger
2014,2014_12_WAS_SF,SF,00-0027974,31,10.71674561534583,C.Kaepernick
2014,2014_12_WAS_SF,WAS,00-0026345,1,-0.6566392839886248,P.Garcon
2014,2014_12_WAS_SF,WAS,00-0029665,24,-14.076101190945492,R.Griffin
2014,2014_13_ARI_ATL,ARI,00-0025430,39,-2.317340564231806,D.Stanton
2014,2014_13_ARI_ATL,ATL,00-0026143,42,5.829928312472372,M.Ryan
2014,2014_13_CAR_MIN,CAR,00-0027939,39,-9.549132570804813,C.Newton
2014,2014_13_CAR_MIN,MIN,00-0031237,23,1.9625738897593692,T.Bridgewater
2014,2014_13_CHI_DET,CHI,00-0024226,51,-2.806932651725112,J.Cutler
2014,2014_13_CHI_DET,DET,00-0026498,47,7.965619295046851,M.Stafford
2014,2014_13_CIN_TB,CIN,00-0027973,29,-9.5494041898055,A.Dalton
2014,2014_13_CIN_TB,CIN,00-0029632,1,0.4840898086549714,M.Sanu
2014,2014_13_CIN_TB,TB,00-0021206,30,-3.9382527769773867,J.McCown
2014,2014_13_CLE_BUF,BUF,00-0023541,31,-10.437499546566194,K.Orton
2014,2014_13_CLE_BUF,CLE,00-0026625,32,-7.316928970560046,B.Hoyer
2014,2014_13_CLE_BUF,CLE,00-0031409,8,0.25656928442185745,J.Manziel
2014,2014_13_DEN_KC,DEN,00-0010346,35,1.1367264814164493,P.Manning
2014,2014_13_DEN_KC,KC,00-0023436,30,-10.010780356280648,A.Smith
2014,2014_13_MIA_NYJ,MIA,00-0029701,37,-6.084112623551508,R.Tannehill
2014,2014_13_MIA_NYJ,NYJ,00-0030565,15,-4.868474564588946,G.Smith
2014,2014_13_NE_GB,GB,00-0023459,41,16.693156614304954,A.Rodgers
2014,2014_13_NE_GB,NE,00-0019596,36,12.399087501855274,T.Brady
2014,2014_13_NO_PIT,NO,00-0020531,28,16.938049658667296,D.Brees
2014,2014_13_NO_PIT,PIT,00-0022924,60,10.037014554390398,B.Roethlisberger
2014,2014_13_NYG_JAX,JAX,00-0031407,44,-6.756664314248832,B.Bortles
2014,2014_13_NYG_JAX,NYG,00-0022803,38,-1.5520656992421316,E.Manning
2014,2014_13_OAK_STL,LA,00-0020679,23,3.0555642377417533,S.Hill
2014,2014_13_OAK_STL,LV,00-0022787,12,-13.429727628361434,M.Schaub
2014,2014_13_OAK_STL,LV,00-0031280,42,-18.789744718698785,D.Carr
2014,2014_13_PHI_DAL,DAL,00-0021678,33,-8.4208662570372,T.Romo
2014,2014_13_PHI_DAL,PHI,00-0026898,30,9.06498993403195,M.Sanchez
2014,2014_13_SD_BAL,BAL,00-0026158,31,9.801179644605659,J.Flacco
2014,2014_13_SD_BAL,LAC,00-0022942,47,19.67912839741602,P.Rivers
2014,2014_13_SEA_SF,SEA,00-0029263,26,7.617236172129942,R.Wilson
2014,2014_13_SEA_SF,SF,00-0027974,33,-15.958885852450193,C.Kaepernick
2014,2014_13_TEN_HOU,HOU,00-0023682,33,31.142864690511487,R.Fitzpatrick
2014,2014_13_TEN_HOU,TEN,00-0027946,14,-17.394664512830786,J.Locker
2014,2014_13_TEN_HOU,TEN,00-0031266,20,1.756294236984104,Z.Mettenberger
2014,2014_13_WAS_IND,IND,00-0029668,28,15.40410458703991,A.Luck
2014,2014_13_WAS_IND,WAS,00-0027688,53,-0.20427262625388387,C.McCoy
2014,2014_14_ATL_GB,ATL,00-0026143,40,22.710649590136804,M.Ryan
2014,2014_14_ATL_GB,GB,00-0023459,37,18.192662006650878,A.Rodgers
2014,2014_14_BAL_MIA,BAL,00-0026158,33,11.443486198841128,J.Flacco
2014,2014_14_BAL_MIA,MIA,00-0029701,39,-2.6797853872871764,R.Tannehill
2014,2014_14_BUF_DEN,BUF,00-0023541,61,2.851414723964653,K.Orton
2014,2014_14_BUF_DEN,DEN,00-0010346,20,-1.788253853160924,P.Manning
2014,2014_14_CAR_NO,CAR,00-0027939,32,10.589659611083583,C.Newton
2014,2014_14_CAR_NO,NO,00-0020531,51,-14.70084038135892,D.Brees
2014,2014_14_DAL_CHI,CHI,00-0024226,46,12.456726950680604,J.Cutler
2014,2014_14_DAL_CHI,DAL,00-0021678,27,16.13245698256651,T.Romo
2014,2014_14_HOU_JAX,HOU,00-0023682,20,1.600178975278582,R.Fitzpatrick
2014,2014_14_HOU_JAX,JAX,00-0030547,1,-1.7546308969613165,D.Robinson
2014,2014_14_HOU_JAX,JAX,00-0031407,43,-9.055545042857457,B.Bortles
2014,2014_14_IND_CLE,CLE,00-0026625,31,-11.621957813433383,B.Hoyer
2014,2014_14_IND_CLE,IND,00-0029668,58,-21.471482560322997,A.Luck
2014,2014_14_KC_ARI,ARI,00-0025430,33,5.901098131444883,D.Stanton
2014,2014_14_KC_ARI,KC,00-0023436,44,-3.2223764808732085,A.Smith
2014,2014_14_NE_SD,LAC,00-0022942,37,-7.1237334832549095,P.Rivers
2014,2014_14_NE_SD,NE,00-0019596,45,4.590683681333723,T.Brady
2014,2014_14_NYG_TEN,NYG,00-0022803,42,1.069957535799145,E.Manning
2014,2014_14_NYG_TEN,NYG,00-0031235,1,-0.4858482941053808,O.Beckham
2014,2014_14_NYG_TEN,TEN,00-0027946,14,-6.606571610667743,J.Locker
2014,2014_14_NYG_TEN,TEN,00-0031266,29,-20.266879491373594,Z.Mettenberger
2014,2014_14_NYJ_MIN,MIN,00-0031237,30,12.41642581189997,T.Bridgewater
2014,2014_14_NYJ_MIN,NYJ,00-0030565,32,3.155777176537642,G.Smith
2014,2014_14_PIT_CIN,CIN,00-0023460,7,-3.0466144427773543,J.Campbell
2014,2014_14_PIT_CIN,CIN,00-0027973,31,11.642862109816633,A.Dalton
2014,2014_14_PIT_CIN,PIT,00-0022924,39,18.427067746233263,B.Roethlisberger
2014,2014_14_SEA_PHI,PHI,00-0026898,23,-11.044353594421409,M.Sanchez
2014,2014_14_SEA_PHI,SEA,00-0029263,39,7.182834464214293,R.Wilson
2014,2014_14_SF_OAK,LV,00-0031280,29,13.364380255694446,D.Carr
2014,2014_14_SF_OAK,SF,00-0027974,38,-5.9629523419938035,C.Kaepernick
2014,2014_14_STL_WAS,LA,00-0020679,26,9.971247504931293,S.Hill
2014,2014_14_STL_WAS,LA,00-0028872,1,1.053,J.Hekker
2014,2014_14_STL_WAS,WAS,00-0027688,38,-10.772312850691378,C.McCoy
2014,2014_14_STL_WAS,WAS,00-0029665,5,-1.7145777560654096,R.Griffin
2014,2014_14_TB_DET,DET,00-0026498,38,15.460075078302935,M.Stafford
2014,2014_14_TB_DET,TB,00-0021206,45,-5.3958418808229895,J.McCown
2014,2014_15_ARI_STL,ARI,00-0025430,21,-5.428974558355803,D.Stanton
2014,2014_15_ARI_STL,ARI,00-0029531,10,-5.3617130743996,R.Lindley
2014,2014_15_ARI_STL,LA,00-0020679,41,-8.695897339461144,S.Hill
2014,2014_15_CIN_CLE,CIN,00-0027973,26,-4.714271441906098,A.Dalton
2014,2014_15_CIN_CLE,CLE,00-0031409,21,-16.336127668560948,J.Manziel
2014,2014_15_DAL_PHI,DAL,00-0021678,34,15.928124109493464,T.Romo
2014,2014_15_DAL_PHI,PHI,00-0026898,32,3.576791343050022,M.Sanchez
2014,2014_15_DEN_SD,DEN,00-0010346,21,13.437946933857923,P.Manning
2014,2014_15_DEN_SD,DEN,00-0029682,2,-1.239111186703667,B.Osweiler
2014,2014_15_DEN_SD,LAC,00-0022942,41,-3.502169892462726,P.Rivers
2014,2014_15_GB_BUF,BUF,00-0023541,30,-9.844714522793424,K.Orton
2014,2014_15_GB_BUF,GB,00-0023459,43,-13.977992748029957,A.Rodgers
2014,2014_15_HOU_IND,HOU,00-0023682,6,-1.4116813105065376,R.Fitzpatrick
2014,2014_15_HOU_IND,HOU,00-0031064,20,-2.218302158638835,T.Savage
2014,2014_15_HOU_IND,IND,00-0029668,36,-10.296931736695115,A.Luck
2014,2014_15_JAX_BAL,BAL,00-0026158,30,6.780996983995946,J.Flacco
2014,2014_15_JAX_BAL,JAX,00-0029692,1,3.749778052791953,B.Anger
2014,2014_15_JAX_BAL,JAX,00-0031407,45,-11.636800976047539,B.Bortles
2014,2014_15_MIA_NE,MIA,00-0029701,51,-4.123605116497793,R.Tannehill
2014,2014_15_MIA_NE,NE,00-0019596,35,7.744127819243369,T.Brady
2014,2014_15_MIN_DET,DET,00-0026498,28,-2.063042474285226,M.Stafford
2014,2014_15_MIN_DET,MIN,00-0031237,43,-5.191997613170318,T.Bridgewater
2014,2014_15_NO_CHI,CHI,00-0024226,39,-15.886545183093286,J.Cutler
2014,2014_15_NO_CHI,NO,00-0020531,38,24.12771230278304,D.Brees
2014,2014_15_NYJ_TEN,NYJ,00-0030565,32,1.10472435104302,G.Smith
2014,2014_15_NYJ_TEN,TEN,00-0024296,24,-3.73428865923733,C.Whitehurst
2014,2014_15_NYJ_TEN,TEN,00-0027946,11,-2.0797771203614652,J.Locker
2014,2014_15_OAK_KC,KC,00-0023436,31,13.155985408984087,A.Smith
2014,2014_15_OAK_KC,KC,00-0026544,1,-1.1243765361315878,C.Daniel
2014,2014_15_OAK_KC,LV,00-0031280,59,-16.624746169754637,D.Carr
2014,2014_15_PIT_ATL,ATL,00-0026143,37,3.350724401177254,M.Ryan
2014,2014_15_PIT_ATL,PIT,00-0022924,35,17.530854347674566,B.Roethlisberger
2014,2014_15_SF_SEA,SEA,00-0029263,29,1.6599356527952978,R.Wilson
2014,2014_15_SF_SEA,SF,00-0027974,25,-3.1571687242249027,C.Kaepernick
2014,2014_15_TB_CAR,CAR,00-0023645,43,7.211314107380371,D.Anderson
2014,2014_15_TB_CAR,TB,00-0021206,31,-8.045338160881736,J.McCown
2014,2014_15_WAS_NYG,NYG,00-0022803,35,10.24114120985541,E.Manning
2014,2014_15_WAS_NYG,WAS,00-0027688,7,0.8541269711778421,C.McCoy
2014,2014_15_WAS_NYG,WAS,00-0029665,34,-3.9695009407002444,R.Griffin
2014,2014_16_ATL_NO,ATL,00-0026143,40,17.611679516418395,M.Ryan
2014,2014_16_ATL_NO,NO,00-0020531,51,-8.971183451998513,D.Brees
2014,2014_16_BAL_HOU,BAL,00-0026158,53,-22.96972191355587,J.Flacco
2014,2014_16_BAL_HOU,HOU,00-0026796,1,1.3071546642750036,A.Foster
2014,2014_16_BAL_HOU,HOU,00-0028986,42,-10.864660591067096,C.Keenum
2014,2014_16_BUF_OAK,BUF,00-0023541,51,2.5541246914532576,K.Orton
2014,2014_16_BUF_OAK,LV,00-0031280,35,1.530950674100982,D.Carr
2014,2014_16_CLE_CAR,CAR,00-0027939,32,3.5897303723520566,C.Newton
2014,2014_16_CLE_CAR,CLE,00-0026625,16,1.1255474403733388,B.Hoyer
2014,2014_16_CLE_CAR,CLE,00-0031409,8,1.056004357535742,J.Manziel
2014,2014_16_DEN_CIN,CIN,00-0027973,25,-7.588927212373907,A.Dalton
2014,2014_16_DEN_CIN,DEN,00-0010346,46,-9.246216830858973,P.Manning
2014,2014_16_DET_CHI,CHI,00-0027659,41,-4.395913596905302,J.Clausen
2014,2014_16_DET_CHI,DET,00-0026498,43,-0.25214089014617835,M.Stafford
2014,2014_16_GB_TB,GB,00-0023459,41,11.775443534800253,A.Rodgers
2014,2014_16_GB_TB,TB,00-0021206,33,-15.758030938537624,J.McCown
2014,2014_16_IND_DAL,DAL,00-0021678,21,21.82976115531676,T.Romo
2014,2014_16_IND_DAL,DAL,00-0029677,1,4.872750147012994,B.Weeden
2014,2014_16_IND_DAL,IND,00-0007091,23,-7.477476652245969,M.Hasselbeck
2014,2014_16_IND_DAL,IND,00-0027145,1,-2.4950099713751115,P.McAfee
2014,2014_16_IND_DAL,IND,00-0029668,22,-10.477786364615895,A.Luck
2014,2014_16_KC_PIT,KC,00-0023436,51,8.002021735324819,A.Smith
2014,2014_16_KC_PIT,KC,00-0023534,1,2.5930144345620647,D.Colquitt
2014,2014_16_KC_PIT,PIT,00-0022924,26,8.569479090574456,B.Roethlisberger
2014,2014_16_MIN_MIA,MIA,00-0029701,48,19.263149135978892,R.Tannehill
2014,2014_16_MIN_MIA,MIN,00-0031237,29,9.792624125547682,T.Bridgewater
2014,2014_16_NE_NYJ,NE,00-0019596,39,-4.433258517702485,T.Brady
2014,2014_16_NE_NYJ,NYJ,00-0030565,29,2.1676627015532306,G.Smith
2014,2014_16_NYG_STL,LA,00-0020679,34,2.3933495715467457,S.Hill
2014,2014_16_NYG_STL,NYG,00-0022803,33,27.035627860097776,E.Manning
2014,2014_16_PHI_WAS,PHI,00-0026898,53,16.96688372386273,M.Sanchez
2014,2014_16_PHI_WAS,WAS,00-0029665,25,7.502667209215697,R.Griffin
2014,2014_16_SD_SF,LAC,00-0022942,56,2.441813731798902,P.Rivers
2014,2014_16_SD_SF,SF,00-0027974,26,-8.640657397217662,C.Kaepernick
2014,2014_16_SEA_ARI,ARI,00-0029531,48,-18.269276968394866,R.Lindley
2014,2014_16_SEA_ARI,ARI,00-0031260,1,-0.5337662606034428,L.Thomas
2014,2014_16_SEA_ARI,SEA,00-0024279,1,-0.5418642838485539,T.Jackson
2014,2014_16_SEA_ARI,SEA,00-0029263,31,13.102241256320125,R.Wilson
2014,2014_16_TEN_JAX,JAX,00-0028052,1,0.7283290675841272,C.Shorts
2014,2014_16_TEN_JAX,JAX,00-0031407,30,-5.740593983617146,B.Bortles
2014,2014_16_TEN_JAX,TEN,00-0024296,38,4.33347976670027,C.Whitehurst
2014,2014_17_ARI_SF,ARI,00-0029531,41,7.237521955416173,R.Lindley
2014,2014_17_ARI_SF,ARI,00-0030999,1,-0.4444010801962577,M.Grice
2014,2014_17_ARI_SF,SF,00-0027974,27,6.7741543033681975,C.Kaepernick
2014,2014_17_BUF_NE,BUF,00-0023541,25,2.4018305937296924,K.Orton
2014,2014_17_BUF_NE,NE,00-0019596,17,-1.880348745609609,T.Brady
2014,2014_17_BUF_NE,NE,00-0031345,20,-9.961812582034124,J.Garoppolo
2014,2014_17_CAR_ATL,ATL,00-0026143,53,-21.34026582805119,M.Ryan
2014,2014_17_CAR_ATL,CAR,00-0027939,17,1.9137812105419023,C.Newton
2014,2014_17_CHI_MIN,CHI,00-0024226,38,-7.174526026198404,J.Cutler
2014,2014_17_CHI_MIN,MIN,00-0031237,28,-0.9726171634644789,T.Bridgewater
2014,2014_17_CIN_PIT,CIN,00-0027973,41,0.02097436849882328,A.Dalton
2014,2014_17_CIN_PIT,PIT,00-0022924,38,9.324345598333062,B.Roethlisberger
2014,2014_17_CIN_PIT,PIT,00-0030142,1,-2.112845234805718,B.Wing
2014,2014_17_CLE_BAL,BAL,00-0026158,37,6.387270448501969,J.Flacco
2014,2014_17_CLE_BAL,CLE,00-0030661,32,-1.8127743699972285,C.Shaw
2014,2014_17_DAL_WAS,DAL,00-0021678,34,8.088082648916973,T.Romo
2014,2014_17_DAL_WAS,WAS,00-0029665,44,-9.727137705799015,R.Griffin
2014,2014_17_DET_GB,DET,00-0026498,43,-3.4175172155955806,M.Stafford
2014,2014_17_DET_GB,GB,00-0023459,22,17.462024830814833,A.Rodgers
2014,2014_17_DET_GB,GB,00-0026349,2,-2.277820912655443,M.Flynn
2014,2014_17_IND_TEN,IND,00-0007091,19,7.32408039894684,M.Hasselbeck
2014,2014_17_IND_TEN,IND,00-0029668,17,9.055526741464583,A.Luck
2014,2014_17_IND_TEN,TEN,00-0024296,31,-14.058696273862186,C.Whitehurst
2014,2014_17_IND_TEN,TEN,00-0025592,3,-4.004206218000036,J.Palmer
2014,2014_17_JAX_HOU,HOU,00-0028986,38,-6.830466300423723,C.Keenum
2014,2014_17_JAX_HOU,JAX,00-0028052,1,2.5937697940971702,C.Shorts
2014,2014_17_JAX_HOU,JAX,00-0031407,38,-14.664155674521501,B.Bortles
2014,2014_17_NO_TB,NO,00-0020531,40,5.398099567479221,D.Brees
2014,2014_17_NO_TB,TB,00-0021206,25,0.9137485925868685,J.McCown
2014,2014_17_NYJ_MIA,MIA,00-0029701,46,-10.222269622325914,R.Tannehill
2014,2014_17_NYJ_MIA,NYJ,00-0028091,1,-1.3206103803440654,J.Kerley
2014,2014_17_NYJ_MIA,NYJ,00-0029493,1,4.489343025314156,R.Quigley
2014,2014_17_NYJ_MIA,NYJ,00-0030565,26,25.27298372847138,G.Smith
2014,2014_17_OAK_DEN,DEN,00-0010346,38,3.867677705084187,P.Manning
2014,2014_17_OAK_DEN,DEN,00-0029682,2,5.4298612160782795,B.Osweiler
2014,2014_17_OAK_DEN,LV,00-0031280,39,-12.508036796702072,D.Carr
2014,2014_17_PHI_NYG,NYG,00-0022803,53,5.197898449052646,E.Manning
2014,2014_17_PHI_NYG,PHI,00-0026898,40,4.97332380353051,M.Sanchez
2014,2014_17_SD_KC,KC,00-0026544,31,-7.486627033086229,C.Daniel
2014,2014_17_SD_KC,LAC,00-0022942,41,-6.726470496833622,P.Rivers
2014,2014_17_STL_SEA,LA,00-0020679,41,-12.900355476362376,S.Hill
2014,2014_17_STL_SEA,SEA,00-0029263,28,-3.3911093345698466,R.Wilson
2014,2014_18_ARI_CAR,ARI,00-0029531,32,-16.840985382470535,R.Lindley
2014,2014_18_ARI_CAR,CAR,00-0027939,33,-12.083618634700361,C.Newton
2014,2014_18_BAL_PIT,BAL,00-0026158,30,13.708858680563129,J.Flacco
2014,2014_18_BAL_PIT,PIT,00-0022924,51,-5.878879600234365,B.Roethlisberger
2014,2014_18_BAL_PIT,PIT,00-0024408,3,2.4093360095866956,B.Gradkowski
2014,2014_18_CIN_IND,CIN,00-0027973,38,-13.783761635117664,A.Dalton
2014,2014_18_CIN_IND,IND,00-0029668,45,14.109114665062496,A.Luck
2014,2014_18_DET_DAL,DAL,00-0021678,37,7.430189770868733,T.Romo
2014,2014_18_DET_DAL,DET,00-0026498,45,3.148587395538834,M.Stafford
2014,2014_19_BAL_NE,BAL,00-0026158,45,11.360867196777278,J.Flacco
2014,2014_19_BAL_NE,NE,00-0019596,52,14.481981974327937,T.Brady
2014,2014_19_BAL_NE,NE,00-0027150,1,4.197632151073776,J.Edelman
2014,2014_19_CAR_SEA,CAR,00-0027939,38,-2.654715641925577,C.Newton
2014,2014_19_CAR_SEA,SEA,00-0029263,24,14.798037714100445,R.Wilson
2014,2014_19_DAL_GB,DAL,00-0021678,23,3.7328369877650402,T.Romo
2014,2014_19_DAL_GB,GB,00-0023459,38,11.336424698583837,A.Rodgers
2014,2014_19_IND_DEN,DEN,00-0010346,47,-15.421518676785094,P.Manning
2014,2014_19_IND_DEN,IND,00-0029668,43,10.503502943696123,A.Luck
2014,2014_20_GB_SEA,GB,00-0023459,35,-9.575882581013035,A.Rodgers
2014,2014_20_GB_SEA,SEA,00-0023742,1,4.425294692919124,J.Ryan
2014,2014_20_GB_SEA,SEA,00-0029263,35,-10.402409926507854,R.Wilson
2014,2014_20_IND_NE,IND,00-0029668,33,-16.113640676477097,A.Luck
2014,2014_20_IND_NE,NE,00-0019596,36,9.517097831645849,T.Brady
2014,2014_21_NE_SEA,NE,00-0019596,51,17.050535044108983,T.Brady
2014,2014_21_NE_SEA,SEA,00-0029263,24,5.4334237481234595,R.Wilson
2015,2015_01_BAL_DEN,BAL,00-0026158,34,-17.578055238916768,J.Flacco
2015,2015_01_BAL_DEN,DEN,00-0010346,44,-12.047624071516516,P.Manning
2015,2015_01_CAR_JAX,CAR,00-0027939,33,-0.27940819660250593,C.Newton
2015,2015_01_CAR_JAX,JAX,00-0031407,44,-15.429687148954615,B.Bortles
2015,2015_01_CIN_OAK,CIN,00-0027973,34,13.905390180713475,A.Dalton
2015,2015_01_CIN_OAK,LV,00-0030419,34,-4.330345857495442,M.McGloin
2015,2015_01_CIN_OAK,LV,00-0031280,12,0.6303862889762968,D.Carr
2015,2015_01_CLE_NYJ,CLE,00-0021206,8,2.0924440551316366,J.McCown
2015,2015_01_CLE_NYJ,CLE,00-0031409,27,-6.133679547230713,J.Manziel
2015,2015_01_CLE_NYJ,NYJ,00-0023682,24,10.326020823814726,R.Fitzpatrick
2015,2015_01_DET_SD,DET,00-0026498,31,-1.2557867878349498,M.Stafford
2015,2015_01_DET_SD,LAC,00-0022942,43,12.408935663109773,P.Rivers
2015,2015_01_GB_CHI,CHI,00-0024226,37,0.22839542752570807,J.Cutler
2015,2015_01_GB_CHI,GB,00-0023459,23,13.389673574519138,A.Rodgers
2015,2015_01_IND_BUF,BUF,00-0028118,19,9.972637575374753,T.Taylor
2015,2015_01_IND_BUF,IND,00-0029668,53,2.2776638929106694,A.Luck
2015,2015_01_KC_HOU,HOU,00-0026625,38,-12.231674973232423,B.Hoyer
2015,2015_01_KC_HOU,HOU,00-0028012,15,5.7620637033456035,R.Mallett
2015,2015_01_KC_HOU,KC,00-0023436,35,5.953206190413297,A.Smith
2015,2015_01_MIA_WAS,MIA,00-0029701,37,0.14543494587565586,R.Tannehill
2015,2015_01_MIA_WAS,WAS,00-0029604,32,0.7191140250943135,K.Cousins
2015,2015_01_MIN_SF,MIN,00-0031237,37,-18.145000296923627,T.Bridgewater
2015,2015_01_MIN_SF,SF,00-0027974,27,1.052889682714985,C.Kaepernick
2015,2015_01_NO_ARI,ARI,00-0021429,32,16.25063800056821,C.Palmer
2015,2015_01_NO_ARI,NO,00-0020531,50,1.8298234829922024,D.Brees
2015,2015_01_NYG_DAL,DAL,00-0021678,45,9.175033079613025,T.Romo
2015,2015_01_NYG_DAL,NYG,00-0022803,37,-0.025332878785274016,E.Manning
2015,2015_01_PHI_ATL,ATL,00-0026143,35,1.3143354428949725,M.Ryan
2015,2015_01_PHI_ATL,PHI,00-0027854,52,4.6140134039115726,S.Bradford
2015,2015_01_PIT_NE,NE,00-0019596,34,15.96135086074355,T.Brady
2015,2015_01_PIT_NE,PIT,00-0022924,41,17.66694187641849,B.Roethlisberger
2015,2015_01_PIT_NE,PIT,00-0027793,1,-1.4314061118056998,A.Brown
2015,2015_01_SEA_STL,LA,00-0029567,29,6.434030275578155,N.Foles
2015,2015_01_SEA_STL,SEA,00-0029263,47,-7.4757304271036915,R.Wilson
2015,2015_01_TEN_TB,TB,00-0031503,37,-10.180914435681188,J.Winston
2015,2015_01_TEN_TB,TEN,00-0032268,17,19.146577191131655,M.Mariota
2015,2015_02_ARI_CHI,ARI,00-0021429,24,11.273282744572498,C.Palmer
2015,2015_02_ARI_CHI,CHI,00-0024226,9,1.968030945659848,J.Cutler
2015,2015_02_ARI_CHI,CHI,00-0027659,25,-11.046777845074041,J.Clausen
2015,2015_02_ATL_NYG,ATL,00-0026143,48,17.221792497632705,M.Ryan
2015,2015_02_ATL_NYG,NYG,00-0022803,42,9.78011124272598,E.Manning
2015,2015_02_BAL_OAK,BAL,00-0026158,45,16.852372191719848,J.Flacco
2015,2015_02_BAL_OAK,LV,00-0031280,47,13.31552331875027,D.Carr
2015,2015_02_DAL_PHI,DAL,00-0021678,30,-1.5420915086807971,T.Romo
2015,2015_02_DAL_PHI,DAL,00-0029677,7,4.555977385840379,B.Weeden
2015,2015_02_DAL_PHI,PHI,00-0027854,38,-8.037644032594262,S.Bradford
2015,2015_02_DEN_KC,DEN,00-0010346,48,-2.2949281627820763,P.Manning
2015,2015_02_DEN_KC,KC,00-0023436,29,-8.267513785844645,A.Smith
2015,2015_02_DEN_KC,KC,00-0026995,1,-1.1016106486786157,J.Maclin
2015,2015_02_DET_MIN,DET,00-0026498,54,4.4077290753438305,M.Stafford
2015,2015_02_DET_MIN,MIN,00-0031237,19,6.545320958691345,T.Bridgewater
2015,2015_02_HOU_CAR,CAR,00-0027939,39,-7.353691551680949,C.Newton
2015,2015_02_HOU_CAR,HOU,00-0028012,59,-12.393548509488642,R.Mallett
2015,2015_02_MIA_JAX,JAX,00-0031407,33,7.3677742289064225,B.Bortles
2015,2015_02_MIA_JAX,MIA,00-0029701,45,13.35088759383989,R.Tannehill
2015,2015_02_NE_BUF,BUF,00-0028118,39,-7.1074790007986595,T.Taylor
2015,2015_02_NE_BUF,NE,00-0019596,61,10.445287623487593,T.Brady
2015,2015_02_NYJ_IND,IND,00-0029668,37,-4.266185156956861,A.Luck
2015,2015_02_NYJ_IND,NYJ,00-0023682,35,5.469056319224213,R.Fitzpatrick
2015,2015_02_SD_CIN,CIN,00-0027973,26,10.006286436377854,A.Dalton
2015,2015_02_SD_CIN,LAC,00-0022942,32,2.298559511227583,P.Rivers
2015,2015_02_SEA_GB,GB,00-0023459,36,10.530863271637504,A.Rodgers
2015,2015_02_SEA_GB,SEA,00-0029263,31,0.8128103581426327,R.Wilson
2015,2015_02_SF_PIT,PIT,00-0022924,29,25.572848315583776,B.Roethlisberger
2015,2015_02_SF_PIT,SF,00-0027974,52,12.136192070438698,C.Kaepernick
2015,2015_02_STL_WAS,LA,00-0029567,33,-10.975320655899926,N.Foles
2015,2015_02_STL_WAS,WAS,00-0029604,29,4.844197231655542,K.Cousins
2015,2015_02_TB_NO,NO,00-0020531,43,-2.07852828549448,D.Brees
2015,2015_02_TB_NO,TB,00-0031503,24,-0.06182540102520662,J.Winston
2015,2015_02_TEN_CLE,CLE,00-0031409,17,3.7863535750075243,J.Manziel
2015,2015_02_TEN_CLE,TEN,00-0032268,44,-2.371496201812988,M.Mariota
2015,2015_03_ATL_DAL,ATL,00-0026143,38,13.92601769296978,M.Ryan
2015,2015_03_ATL_DAL,DAL,00-0029677,28,1.5961680916079786,B.Weeden
2015,2015_03_BUF_MIA,BUF,00-0028118,29,22.779178235332623,T.Taylor
2015,2015_03_BUF_MIA,MIA,00-0029701,52,-14.823756370853399,R.Tannehill
2015,2015_03_CHI_SEA,CHI,00-0027659,19,-8.965229778899811,J.Clausen
2015,2015_03_CHI_SEA,SEA,00-0029263,34,5.618908554921814,R.Wilson
2015,2015_03_CIN_BAL,BAL,00-0026158,49,6.436054143817794,J.Flacco
2015,2015_03_CIN_BAL,CIN,00-0027973,34,8.90209192543989,A.Dalton
2015,2015_03_DEN_DET,DEN,00-0010346,43,8.196988416370004,P.Manning
2015,2015_03_DEN_DET,DET,00-0026498,49,-8.9686561615963,M.Stafford
2015,2015_03_IND_TEN,IND,00-0029668,33,-3.426576951518655,A.Luck
2015,2015_03_IND_TEN,TEN,00-0032268,47,0.3293511312210451,M.Mariota
2015,2015_03_JAX_NE,JAX,00-0031407,35,7.505442035399195,B.Bortles
2015,2015_03_JAX_NE,NE,00-0019596,44,22.569321487134232,T.Brady
2015,2015_03_KC_GB,GB,00-0023459,36,15.959324082183995,A.Rodgers
2015,2015_03_KC_GB,KC,00-0023436,49,-0.03362897507008167,A.Smith
2015,2015_03_NO_CAR,CAR,00-0027939,32,13.649520088727858,C.Newton
2015,2015_03_NO_CAR,NO,00-0022864,40,11.727025759799792,L.McCown
2015,2015_03_OAK_CLE,CLE,00-0021206,54,9.331796917843509,J.McCown
2015,2015_03_OAK_CLE,LV,00-0031280,32,15.89237759540337,D.Carr
2015,2015_03_PHI_NYJ,NYJ,00-0023682,59,-13.068547989893332,R.Fitzpatrick
2015,2015_03_PHI_NYJ,PHI,00-0027854,29,-3.6008933644703154,S.Bradford
2015,2015_03_PIT_STL,LA,00-0028872,1,-2.9453519927337766,J.Hekker
2015,2015_03_PIT_STL,LA,00-0029567,30,-6.819965183762168,N.Foles
2015,2015_03_PIT_STL,PIT,00-0020245,8,-4.590486227527336,M.Vick
2015,2015_03_PIT_STL,PIT,00-0022924,28,6.91759190340247,B.Roethlisberger
2015,2015_03_SD_MIN,LAC,00-0022942,38,-12.11310127901379,P.Rivers
2015,2015_03_SD_MIN,LAC,00-0024264,6,7.164608395018149,K.Clemens
2015,2015_03_SD_MIN,MIN,00-0031237,24,-4.470252582191072,T.Bridgewater
2015,2015_03_SF_ARI,ARI,00-0021429,32,10.983314033364877,C.Palmer
2015,2015_03_SF_ARI,SF,00-0027974,21,-23.920249296701513,C.Kaepernick
2015,2015_03_TB_HOU,HOU,00-0028012,40,1.452218355791445,R.Mallett
2015,2015_03_TB_HOU,TB,00-0031503,36,-2.16704166395086,J.Winston
2015,2015_03_WAS_NYG,NYG,00-0022803,32,16.943784779415672,E.Manning
2015,2015_03_WAS_NYG,WAS,00-0029604,51,4.170254960964767,K.Cousins
2015,2015_04_BAL_PIT,BAL,00-0024417,1,-3.6138413445441984,S.Koch
2015,2015_04_BAL_PIT,BAL,00-0026158,37,-9.458135194939636,J.Flacco
2015,2015_04_BAL_PIT,PIT,00-0020245,30,-15.8462855339287,M.Vick
2015,2015_04_CAR_TB,CAR,00-0027939,24,-0.9223263260461918,C.Newton
2015,2015_04_CAR_TB,TB,00-0031503,45,-14.984496594505686,J.Winston
2015,2015_04_CLE_SD,CLE,00-0021206,46,9.680755322019404,J.McCown
2015,2015_04_CLE_SD,LAC,00-0022942,40,13.02401966962217,P.Rivers
2015,2015_04_DAL_NO,DAL,00-0029677,29,10.832191967789807,B.Weeden
2015,2015_04_DAL_NO,NO,00-0020531,44,8.83407713519274,D.Brees
2015,2015_04_DET_SEA,DET,00-0026498,35,1.1613088842131383,M.Stafford
2015,2015_04_DET_SEA,SEA,00-0029263,32,-2.584515562364885,R.Wilson
2015,2015_04_GB_SF,GB,00-0023459,35,4.873318844610978,A.Rodgers
2015,2015_04_GB_SF,SF,00-0027974,31,-8.092073730650231,C.Kaepernick
2015,2015_04_HOU_ATL,ATL,00-0026143,29,9.647396840737201,M.Ryan
2015,2015_04_HOU_ATL,HOU,00-0026625,31,13.386831792013254,B.Hoyer
2015,2015_04_HOU_ATL,HOU,00-0028012,27,-8.715599947680245,R.Mallett
2015,2015_04_JAX_IND,IND,00-0007091,50,3.419639194753125,M.Hasselbeck
2015,2015_04_JAX_IND,JAX,00-0031407,50,1.067787466357587,B.Bortles
2015,2015_04_KC_CIN,CIN,00-0027973,24,19.288322313400183,A.Dalton
2015,2015_04_KC_CIN,KC,00-0023436,50,8.239460663033062,A.Smith
2015,2015_04_MIN_DEN,DEN,00-0010346,29,-1.9692476711996818,P.Manning
2015,2015_04_MIN_DEN,MIN,00-0031237,48,-1.0808265789660956,T.Bridgewater
2015,2015_04_NYG_BUF,BUF,00-0028118,44,-3.402928738007711,T.Taylor
2015,2015_04_NYG_BUF,NYG,00-0022803,36,-1.887535309408218,E.Manning
2015,2015_04_NYJ_MIA,MIA,00-0029701,47,-20.567841845098883,R.Tannehill
2015,2015_04_NYJ_MIA,NYJ,00-0023682,29,7.087099596209956,R.Fitzpatrick
2015,2015_04_OAK_CHI,CHI,00-0024226,46,12.332626492570853,J.Cutler
2015,2015_04_OAK_CHI,LV,00-0031280,35,-0.7714190654642339,D.Carr
2015,2015_04_PHI_WAS,PHI,00-0027854,33,8.929537174712314,S.Bradford
2015,2015_04_PHI_WAS,WAS,00-0029604,47,11.463392088434654,K.Cousins
2015,2015_04_STL_ARI,ARI,00-0021429,49,4.671250484058691,C.Palmer
2015,2015_04_STL_ARI,LA,00-0029567,25,4.313607853465863,N.Foles
2015,2015_05_ARI_DET,ARI,00-0021429,16,9.063510775566101,C.Palmer
2015,2015_05_ARI_DET,ARI,00-0025430,4,-2.435272619361058,D.Stanton
2015,2015_05_ARI_DET,DET,00-0023578,38,-0.19970676897408346,D.Orlovsky
2015,2015_05_ARI_DET,DET,00-0026498,33,-10.608010957017541,M.Stafford
2015,2015_05_BUF_TEN,BUF,00-0028118,21,-2.982542235753499,T.Taylor
2015,2015_05_BUF_TEN,BUF,00-0028237,1,-0.060125589137896895,C.Hogan
2015,2015_05_BUF_TEN,TEN,00-0032268,34,-1.9121547899371887,M.Mariota
2015,2015_05_CHI_KC,CHI,00-0024226,49,-1.9485392698014596,J.Cutler
2015,2015_05_CHI_KC,KC,00-0023436,33,-4.099800537144017,A.Smith
2015,2015_05_CLE_BAL,BAL,00-0026158,37,1.6191420984042044,J.Flacco
2015,2015_05_CLE_BAL,CLE,00-0021206,57,15.832811811158091,J.McCown
2015,2015_05_DEN_OAK,DEN,00-0010346,37,-6.632554954891255,P.Manning
2015,2015_05_DEN_OAK,LV,00-0031280,43,-13.704002793181308,D.Carr
2015,2015_05_IND_HOU,HOU,00-0026625,31,17.101260843703876,B.Hoyer
2015,2015_05_IND_HOU,HOU,00-0028012,11,-2.5067152337287553,R.Mallett
2015,2015_05_IND_HOU,IND,00-0007091,29,10.849035795494903,M.Hasselbeck
2015,2015_05_JAX_TB,JAX,00-0031407,39,8.825952425417459,B.Bortles
2015,2015_05_JAX_TB,TB,00-0031503,22,13.913666073797039,J.Winston
2015,2015_05_NE_DAL,DAL,00-0029677,42,-15.545410334276443,B.Weeden
2015,2015_05_NE_DAL,NE,00-0019596,32,10.904562517422567,T.Brady
2015,2015_05_NO_PHI,NO,00-0020531,48,-7.371196767160836,D.Brees
2015,2015_05_NO_PHI,PHI,00-0027854,45,2.1556595732553374,S.Bradford
2015,2015_05_PIT_SD,LAC,00-0022942,50,3.4573889953731154,P.Rivers
2015,2015_05_PIT_SD,PIT,00-0020245,28,-2.280592891832381,M.Vick
2015,2015_05_SEA_CIN,CIN,00-0027973,48,7.210459285794059,A.Dalton
2015,2015_05_SEA_CIN,SEA,00-0029263,27,-2.1754933882498815,R.Wilson
2015,2015_05_SF_NYG,NYG,00-0022803,54,21.85448026023729,E.Manning
2015,2015_05_SF_NYG,SF,00-0027974,37,9.982796130675817,C.Kaepernick
2015,2015_05_STL_GB,GB,00-0023459,32,-5.976644791185169,A.Rodgers
2015,2015_05_STL_GB,LA,00-0028872,1,4.119276334298775,J.Hekker
2015,2015_05_STL_GB,LA,00-0029567,32,-25.476020062529035,N.Foles
2015,2015_05_WAS_ATL,ATL,00-0026143,46,-8.854907397346633,M.Ryan
2015,2015_05_WAS_ATL,WAS,00-0029604,34,-8.048287421490457,K.Cousins
2015,2015_06_ARI_PIT,ARI,00-0021429,45,8.069296783315242,C.Palmer
2015,2015_06_ARI_PIT,PIT,00-0020245,9,-7.823277934722871,M.Vick
2015,2015_06_ARI_PIT,PIT,00-0030524,13,12.051481987646802,L.Jones
2015,2015_06_ATL_NO,ATL,00-0026143,49,5.926475987711456,M.Ryan
2015,2015_06_ATL_NO,NO,00-0020531,40,17.10162966763929,D.Brees
2015,2015_06_BAL_SF,BAL,00-0026158,52,4.5329513941315795,J.Flacco
2015,2015_06_BAL_SF,SF,00-0027974,31,10.719844342051744,C.Kaepernick
2015,2015_06_CAR_SEA,CAR,00-0027939,38,1.8765372732596006,C.Newton
2015,2015_06_CAR_SEA,SEA,00-0029263,34,1.378569163047787,R.Wilson
2015,2015_06_CHI_DET,CHI,00-0024226,43,8.284740301888887,J.Cutler
2015,2015_06_CHI_DET,DET,00-0026498,44,10.746092455972757,M.Stafford
2015,2015_06_CIN_BUF,BUF,00-0030526,43,-0.058174787438474596,E.Manuel
2015,2015_06_CIN_BUF,CIN,00-0027973,33,15.821926301664899,A.Dalton
2015,2015_06_DEN_CLE,CLE,00-0021206,44,-23.22696204628029,J.McCown
2015,2015_06_DEN_CLE,DEN,00-0010346,47,-11.036047704586633,P.Manning
2015,2015_06_HOU_JAX,HOU,00-0026625,37,17.383018411509767,B.Hoyer
2015,2015_06_HOU_JAX,JAX,00-0031407,56,-3.5287889921746682,B.Bortles
2015,2015_06_KC_MIN,KC,00-0023436,39,6.052268375783584,A.Smith
2015,2015_06_KC_MIN,MIN,00-0031237,33,0.38193129822856187,T.Bridgewater
2015,2015_06_MIA_TEN,MIA,00-0029701,31,6.950329779356252,R.Tannehill
2015,2015_06_MIA_TEN,TEN,00-0031266,8,-2.1374954448547214,Z.Mettenberger
2015,2015_06_MIA_TEN,TEN,00-0032268,38,-20.421585780850705,M.Mariota
2015,2015_06_NE_IND,IND,00-0029668,53,2.229704317811411,A.Luck
2015,2015_06_NE_IND,NE,00-0019596,39,7.565521064544493,T.Brady
2015,2015_06_NYG_PHI,NYG,00-0022803,41,-14.36635510000633,E.Manning
2015,2015_06_NYG_PHI,PHI,00-0027854,38,-3.606557233681846,S.Bradford
2015,2015_06_SD_GB,GB,00-0023459,32,4.665831787234151,A.Rodgers
2015,2015_06_SD_GB,LAC,00-0022942,68,19.909626264292225,P.Rivers
2015,2015_06_WAS_NYJ,NYJ,00-0023682,26,12.421810452000294,R.Fitzpatrick
2015,2015_06_WAS_NYJ,WAS,00-0029604,44,-8.01905273192126,K.Cousins
2015,2015_06_WAS_NYJ,WAS,00-0031941,1,-0.45369074947666377,J.Crowder
2015,2015_07_ATL_TEN,ATL,00-0026143,38,-5.00222192862642,M.Ryan
2015,2015_07_ATL_TEN,TEN,00-0031266,36,-13.683189155650325,Z.Mettenberger
2015,2015_07_BAL_ARI,ARI,00-0021429,31,9.716381458232203,C.Palmer
2015,2015_07_BAL_ARI,BAL,00-0026158,43,6.272038888341591,J.Flacco
2015,2015_07_BUF_JAX,BUF,00-0030526,46,-10.821752609291535,E.Manuel
2015,2015_07_BUF_JAX,JAX,00-0031407,31,-0.6850918246200308,B.Bortles
2015,2015_07_CLE_STL,CLE,00-0021206,36,-2.961839145170339,J.McCown
2015,2015_07_CLE_STL,CLE,00-0031409,5,-0.36519872257485986,J.Manziel
2015,2015_07_CLE_STL,LA,00-0029567,25,-4.960752531851074,N.Foles
2015,2015_07_DAL_NYG,DAL,00-0023662,28,-8.127157715351867,M.Cassel
2015,2015_07_DAL_NYG,NYG,00-0022803,26,-0.33076435403638715,E.Manning
2015,2015_07_HOU_MIA,HOU,00-0026625,54,-3.4019221158376896,B.Hoyer
2015,2015_07_HOU_MIA,MIA,00-0025708,1,1.9897069240687415,M.Moore
2015,2015_07_HOU_MIA,MIA,00-0029701,23,11.569708161943856,R.Tannehill
2015,2015_07_MIN_DET,DET,00-0026498,33,-5.60909647223129,M.Stafford
2015,2015_07_MIN_DET,MIN,00-0031237,39,15.61783154678377,T.Bridgewater
2015,2015_07_NO_IND,IND,00-0029668,48,-9.03560370404739,A.Luck
2015,2015_07_NO_IND,NO,00-0020531,46,-4.701165863429196,D.Brees
2015,2015_07_NO_IND,NO,00-0022864,1,4.266409072908573,L.McCown
2015,2015_07_NYJ_NE,NE,00-0019596,57,7.731365126432829,T.Brady
2015,2015_07_NYJ_NE,NYJ,00-0023682,41,11.02975234267989,R.Fitzpatrick
2015,2015_07_OAK_SD,LAC,00-0022942,61,-0.2477426098857638,P.Rivers
2015,2015_07_OAK_SD,LV,00-0031280,32,12.559988995010626,D.Carr
2015,2015_07_PHI_CAR,CAR,00-0027939,25,-4.586560271853479,C.Newton
2015,2015_07_PHI_CAR,PHI,00-0027854,51,-14.530309588839067,S.Bradford
2015,2015_07_PIT_KC,KC,00-0023436,34,6.784621159115103,A.Smith
2015,2015_07_PIT_KC,PIT,00-0030524,31,-8.040633899871368,L.Jones
2015,2015_07_SEA_SF,SEA,00-0029263,29,4.1039920073812715,R.Wilson
2015,2015_07_SEA_SF,SF,00-0027974,30,-11.314095509533821,C.Kaepernick
2015,2015_07_TB_WAS,TB,00-0031503,30,17.539974483576124,J.Winston
2015,2015_07_TB_WAS,WAS,00-0029604,41,5.7755673058805685,K.Cousins
2015,2015_08_ARI_CLE,ARI,00-0021429,38,25.39161753081317,C.Palmer
2015,2015_08_ARI_CLE,CLE,00-0021206,35,3.667898632149445,J.McCown
2015,2015_08_ARI_CLE,CLE,00-0031409,6,-2.54338167142123,J.Manziel
2015,2015_08_CIN_PIT,CIN,00-0027973,41,0.830275795473471,A.Dalton
2015,2015_08_CIN_PIT,PIT,00-0022924,48,-12.730456146742666,B.Roethlisberger
2015,2015_08_DET_KC,DET,00-0023578,2,0.3030959591269493,D.Orlovsky
2015,2015_08_DET_KC,DET,00-0026498,42,-12.35757779369915,M.Stafford
2015,2015_08_DET_KC,KC,00-0023436,29,3.429650094150918,A.Smith
2015,2015_08_DET_KC,KC,00-0026544,2,0.6385920391185209,C.Daniel
2015,2015_08_GB_DEN,DEN,00-0010346,29,15.986145436483659,P.Manning
2015,2015_08_GB_DEN,GB,00-0023459,25,-11.70511755496267,A.Rodgers
2015,2015_08_IND_CAR,CAR,00-0027939,37,-0.583720300359341,C.Newton
2015,2015_08_IND_CAR,IND,00-0029668,47,-6.872361619940003,A.Luck
2015,2015_08_MIA_NE,MIA,00-0029701,49,-9.714956673943194,R.Tannehill
2015,2015_08_MIA_NE,NE,00-0019596,40,15.967562040323987,T.Brady
2015,2015_08_MIN_CHI,CHI,00-0024226,34,4.569928554853286,J.Cutler
2015,2015_08_MIN_CHI,MIN,00-0031237,31,0.35696925838691307,T.Bridgewater
2015,2015_08_NYG_NO,NO,00-0020531,50,23.26403611380374,D.Brees
2015,2015_08_NYG_NO,NYG,00-0022803,44,24.54580880823778,E.Manning
2015,2015_08_NYJ_OAK,LV,00-0031280,36,16.694215107433592,D.Carr
2015,2015_08_NYJ_OAK,NYJ,00-0023682,5,3.423599871865008,R.Fitzpatrick
2015,2015_08_NYJ_OAK,NYJ,00-0030565,45,1.321799624196744,G.Smith
2015,2015_08_SD_BAL,BAL,00-0026158,40,10.83328787414349,J.Flacco
2015,2015_08_SD_BAL,LAC,00-0022942,37,16.93973621693637,P.Rivers
2015,2015_08_SEA_DAL,DAL,00-0023662,26,-7.788228383240206,M.Cassel
2015,2015_08_SEA_DAL,DAL,00-0026144,1,-0.3609142529312521,D.McFadden
2015,2015_08_SEA_DAL,SEA,00-0029263,30,1.405307496003375,R.Wilson
2015,2015_08_SF_STL,LA,00-0029567,24,2.5667862177054115,N.Foles
2015,2015_08_SF_STL,SF,00-0027974,44,-16.906448463656115,C.Kaepernick
2015,2015_08_TB_ATL,ATL,00-0026143,46,20.911071831868743,M.Ryan
2015,2015_08_TB_ATL,TB,00-0031503,31,2.3579808729437763,J.Winston
2015,2015_08_TEN_HOU,HOU,00-0026625,38,-3.66667801881064,B.Hoyer
2015,2015_08_TEN_HOU,TEN,00-0031266,38,-22.617187821024913,Z.Mettenberger
2015,2015_09_ATL_SF,ATL,00-0026143,47,-0.3402974880741705,M.Ryan
2015,2015_09_ATL_SF,SF,00-0027948,25,4.417561329099438,B.Gabbert
2015,2015_09_ATL_SF,SF,00-0027974,1,-0.9331445007119328,C.Kaepernick
2015,2015_09_CHI_SD,CHI,00-0024226,41,7.595041665996153,J.Cutler
2015,2015_09_CHI_SD,LAC,00-0022942,44,3.867527479576462,P.Rivers
2015,2015_09_CLE_CIN,CIN,00-0027973,29,15.787544658523984,A.Dalton
2015,2015_09_CLE_CIN,CLE,00-0031409,36,-4.800602159596014,J.Manziel
2015,2015_09_DEN_IND,DEN,00-0010346,37,3.6881780796540884,P.Manning
2015,2015_09_DEN_IND,IND,00-0029668,37,11.360946409263617,A.Luck
2015,2015_09_GB_CAR,CAR,00-0027939,30,6.133465354540054,C.Newton
2015,2015_09_GB_CAR,GB,00-0023459,53,4.231089329754468,A.Rodgers
2015,2015_09_JAX_NYJ,JAX,00-0031407,46,0.15859793846514947,B.Bortles
2015,2015_09_JAX_NYJ,NYJ,00-0023682,36,8.378687706310302,R.Fitzpatrick
2015,2015_09_MIA_BUF,BUF,00-0028118,15,8.884845697990386,T.Taylor
2015,2015_09_MIA_BUF,MIA,00-0029701,37,1.7406160419887662,R.Tannehill
2015,2015_09_MIA_BUF,MIA,00-0031382,1,1.1409724827390164,J.Landry
2015,2015_09_NYG_TB,NYG,00-0022803,40,0.8645291977580818,E.Manning
2015,2015_09_NYG_TB,TB,00-0031503,37,1.7652735878693186,J.Winston
2015,2015_09_OAK_PIT,LV,00-0031280,44,7.461903276329394,D.Carr
2015,2015_09_OAK_PIT,PIT,00-0022924,46,3.6653173269069184,B.Roethlisberger
2015,2015_09_OAK_PIT,PIT,00-0030524,6,3.164154734404292,L.Jones
2015,2015_09_PHI_DAL,DAL,00-0023662,42,1.1253012771381021,M.Cassel
2015,2015_09_PHI_DAL,PHI,00-0027854,37,1.5655329477755475,S.Bradford
2015,2015_09_STL_MIN,LA,00-0029567,33,-8.073388341894306,N.Foles
2015,2015_09_STL_MIN,MIN,00-0020679,7,-5.5457283748546615,S.Hill
2015,2015_09_STL_MIN,MIN,00-0031237,21,-3.0825486450145947,T.Bridgewater
2015,2015_09_TEN_NO,NO,00-0020531,43,16.200823926441576,D.Brees
2015,2015_09_TEN_NO,TEN,00-0032268,40,22.983783796406026,M.Mariota
2015,2015_09_WAS_NE,NE,00-0019596,39,13.634829684912717,T.Brady
2015,2015_09_WAS_NE,WAS,00-0029604,41,-2.3485810329506753,K.Cousins
2015,2015_10_ARI_SEA,ARI,00-0021429,50,0.3259431779485569,C.Palmer
2015,2015_10_ARI_SEA,SEA,00-0029263,35,-7.257543792205689,R.Wilson
2015,2015_10_BUF_NYJ,BUF,00-0028118,31,-4.066875000740546,T.Taylor
2015,2015_10_BUF_NYJ,NYJ,00-0023682,35,-7.66979570116602,R.Fitzpatrick
2015,2015_10_CAR_TEN,CAR,00-0027939,30,7.43019834271187,C.Newton
2015,2015_10_CAR_TEN,TEN,00-0032268,25,2.156213754637161,M.Mariota
2015,2015_10_CHI_STL,CHI,00-0024226,26,11.112793010838548,J.Cutler
2015,2015_10_CHI_STL,LA,00-0028872,1,-3.152688238886185,J.Hekker
2015,2015_10_CHI_STL,LA,00-0029567,37,-16.129754056075512,N.Foles
2015,2015_10_CLE_PIT,CLE,00-0031409,51,2.2720996236235784,J.Manziel
2015,2015_10_CLE_PIT,PIT,00-0022924,35,13.596531270087162,B.Roethlisberger
2015,2015_10_CLE_PIT,PIT,00-0030524,4,-0.9318555567606612,L.Jones
2015,2015_10_DAL_TB,DAL,00-0023662,31,-0.9956131421678691,M.Cassel
2015,2015_10_DAL_TB,TB,00-0031503,41,-4.54248349938097,J.Winston
2015,2015_10_DET_GB,DET,00-0026498,38,3.537078047602909,M.Stafford
2015,2015_10_DET_GB,GB,00-0023459,64,1.5811901325817352,A.Rodgers
2015,2015_10_HOU_CIN,CIN,00-0027973,42,-6.032320676716081,A.Dalton
2015,2015_10_HOU_CIN,HOU,00-0026625,24,-1.9216252997824737,B.Hoyer
2015,2015_10_HOU_CIN,HOU,00-0028090,12,2.906992525793612,T.Yates
2015,2015_10_JAX_BAL,BAL,00-0026158,47,-4.810733227793431,J.Flacco
2015,2015_10_JAX_BAL,JAX,00-0031407,49,-5.9583364175205205,B.Bortles
2015,2015_10_KC_DEN,DEN,00-0010346,22,-25.73275424091844,P.Manning
2015,2015_10_KC_DEN,DEN,00-0029682,27,3.7261143402720336,B.Osweiler
2015,2015_10_KC_DEN,KC,00-0023436,33,-3.4309066842026654,A.Smith
2015,2015_10_MIA_PHI,MIA,00-0029701,40,1.8624175158851881,R.Tannehill
2015,2015_10_MIA_PHI,PHI,00-0026898,23,-1.217817848136315,M.Sanchez
2015,2015_10_MIA_PHI,PHI,00-0027854,29,1.815784908557034,S.Bradford
2015,2015_10_MIN_OAK,LV,00-0031280,45,-3.9619718130270485,D.Carr
2015,2015_10_MIN_OAK,MIN,00-0031237,26,-2.427809421142198,T.Bridgewater
2015,2015_10_NE_NYG,NE,00-0019596,44,5.177595842488028,T.Brady
2015,2015_10_NE_NYG,NYG,00-0022803,47,5.8576581371665295,E.Manning
2015,2015_10_NO_WAS,NO,00-0020531,30,-4.095935252204072,D.Brees
2015,2015_10_NO_WAS,WAS,00-0029604,28,17.282845462800296,K.Cousins
2015,2015_11_BUF_NE,BUF,00-0028118,38,1.346752746081366,T.Taylor
2015,2015_11_BUF_NE,NE,00-0019596,40,2.92768956861721,T.Brady
2015,2015_11_CIN_ARI,ARI,00-0021429,32,12.527819718986237,C.Palmer
2015,2015_11_CIN_ARI,CIN,00-0027973,43,9.716311764087232,A.Dalton
2015,2015_11_DAL_MIA,DAL,00-0021678,30,3.9114446344997065,T.Romo
2015,2015_11_DAL_MIA,MIA,00-0029701,27,-5.709064936614595,R.Tannehill
2015,2015_11_DEN_CHI,CHI,00-0024226,34,-7.322157809640277,J.Cutler
2015,2015_11_DEN_CHI,DEN,00-0029682,32,7.299865516787984,B.Osweiler
2015,2015_11_GB_MIN,GB,00-0023459,37,8.58168773416471,A.Rodgers
2015,2015_11_GB_MIN,MIN,00-0020679,1,-1.083622744656168,S.Hill
2015,2015_11_GB_MIN,MIN,00-0031237,43,-3.1941645032493398,T.Bridgewater
2015,2015_11_IND_ATL,ATL,00-0026143,47,-3.7146832015693887,M.Ryan
2015,2015_11_IND_ATL,IND,00-0007091,34,-0.5869540898129344,M.Hasselbeck
2015,2015_11_KC_SD,KC,00-0023436,28,4.191311221730883,A.Smith
2015,2015_11_KC_SD,LAC,00-0022942,33,-9.841022792737931,P.Rivers
2015,2015_11_NYJ_HOU,HOU,00-0028052,1,2.2659222728107125,C.Shorts III
2015,2015_11_NYJ_HOU,HOU,00-0028090,35,0.47410015081886936,T.Yates
2015,2015_11_NYJ_HOU,NYJ,00-0023682,42,-10.248876272526104,R.Fitzpatrick
2015,2015_11_OAK_DET,DET,00-0026498,39,5.980573073053374,M.Stafford
2015,2015_11_OAK_DET,LV,00-0031280,26,-0.5656869452426232,D.Carr
2015,2015_11_SF_SEA,SEA,00-0029263,31,18.07411675665309,R.Wilson
2015,2015_11_SF_SEA,SF,00-0027948,36,2.6742117238945964,B.Gabbert
2015,2015_11_STL_BAL,BAL,00-0026158,44,-9.553294902236855,J.Flacco
2015,2015_11_STL_BAL,LA,00-0028986,27,-5.026934287389415,C.Keenum
2015,2015_11_TB_PHI,PHI,00-0026898,44,-9.239450734715573,M.Sanchez
2015,2015_11_TB_PHI,TB,00-0031503,30,20.88830677800316,J.Winston
2015,2015_11_TEN_JAX,JAX,00-0027595,1,-0.46009079075884074,B.Walters
2015,2015_11_TEN_JAX,JAX,00-0031407,34,1.9236072597351477,B.Bortles
2015,2015_11_TEN_JAX,TEN,00-0032268,37,-0.9271119312615665,M.Mariota
2015,2015_11_WAS_CAR,CAR,00-0027939,36,10.464406902921306,C.Newton
2015,2015_11_WAS_CAR,WAS,00-0029604,35,-9.780487108859234,K.Cousins
2015,2015_12_ARI_SF,ARI,00-0021429,41,4.909722131183894,C.Palmer
2015,2015_12_ARI_SF,SF,00-0027948,38,1.4265814155635712,B.Gabbert
2015,2015_12_BAL_CLE,BAL,00-0022787,34,2.3761537005750415,M.Schaub
2015,2015_12_BAL_CLE,CLE,00-0021206,39,1.4578573905205312,J.McCown
2015,2015_12_BAL_CLE,CLE,00-0028957,11,2.1957298808265477,A.Davis
2015,2015_12_BUF_KC,BUF,00-0028118,40,10.431274263615794,T.Taylor
2015,2015_12_BUF_KC,KC,00-0023436,31,7.711397235124341,A.Smith
2015,2015_12_CAR_DAL,CAR,00-0027939,28,6.434569029174828,C.Newton
2015,2015_12_CAR_DAL,DAL,00-0021678,22,-21.594822280700843,T.Romo
2015,2015_12_CAR_DAL,DAL,00-0023662,20,5.194985536407446,M.Cassel
2015,2015_12_CHI_GB,CHI,00-0024226,32,3.8166935209761004,J.Cutler
2015,2015_12_CHI_GB,GB,00-0023459,45,-14.37470842767134,A.Rodgers
2015,2015_12_MIA_NYJ,MIA,00-0029701,61,-0.5454754335805774,R.Tannehill
2015,2015_12_MIA_NYJ,NYJ,00-0023682,38,14.527886373311048,R.Fitzpatrick
2015,2015_12_MIN_ATL,ATL,00-0026143,33,-0.8752907578387097,M.Ryan
2015,2015_12_MIN_ATL,MIN,00-0031237,28,0.9028527754640381,T.Bridgewater
2015,2015_12_NE_DEN,DEN,00-0029682,45,-5.229151636107346,B.Osweiler
2015,2015_12_NE_DEN,NE,00-0019596,45,3.668783604628338,T.Brady
2015,2015_12_NO_HOU,HOU,00-0026625,28,3.9868250239806304,B.Hoyer
2015,2015_12_NO_HOU,NO,00-0020531,46,-16.261424101204394,D.Brees
2015,2015_12_NYG_WAS,NYG,00-0022803,54,-4.805637270241277,E.Manning
2015,2015_12_NYG_WAS,WAS,00-0029604,29,10.638774154943093,K.Cousins
2015,2015_12_OAK_TEN,LV,00-0030419,1,-1.9648602595552802,M.McGloin
2015,2015_12_OAK_TEN,LV,00-0031280,38,15.638228788389824,D.Carr
2015,2015_12_OAK_TEN,TEN,00-0032268,39,-7.274045118785463,M.Mariota
2015,2015_12_PHI_DET,DET,00-0026498,40,22.624607457719783,M.Stafford
2015,2015_12_PHI_DET,PHI,00-0026898,33,-2.2569650194843076,M.Sanchez
2015,2015_12_PIT_SEA,PIT,00-0022924,59,9.85108013093907,B.Roethlisberger
2015,2015_12_PIT_SEA,PIT,00-0030524,4,-7.2856628922745585,L.Jones
2015,2015_12_PIT_SEA,SEA,00-0029263,33,20.33585619907547,R.Wilson
2015,2015_12_SD_JAX,JAX,00-0031407,51,0.9834545782795567,B.Bortles
2015,2015_12_SD_JAX,LAC,00-0022942,45,11.914535126669287,P.Rivers
2015,2015_12_STL_CIN,CIN,00-0027973,27,5.15369554368667,A.Dalton
2015,2015_12_STL_CIN,CIN,00-0031288,1,-0.8945392272435129,A.McCarron
2015,2015_12_STL_CIN,LA,00-0029567,47,-13.573791762522887,N.Foles
2015,2015_12_STL_CIN,LA,00-0032245,7,-1.2866204445017502,S.Mannion
2015,2015_12_TB_IND,IND,00-0007091,45,10.052799014082385,M.Hasselbeck
2015,2015_12_TB_IND,TB,00-0031503,41,1.1583426168146538,J.Winston
2015,2015_13_ARI_STL,ARI,00-0021429,41,15.535377964781988,C.Palmer
2015,2015_13_ARI_STL,ARI,00-0025430,1,0.03287000674754381,D.Stanton
2015,2015_13_ARI_STL,LA,00-0029567,35,-14.68791064442624,N.Foles
2015,2015_13_ATL_TB,ATL,00-0026143,48,-1.4827519709627253,M.Ryan
2015,2015_13_ATL_TB,TB,00-0031503,29,5.5846540429057,J.Winston
2015,2015_13_BAL_MIA,BAL,00-0022787,49,-7.062046305987974,M.Schaub
2015,2015_13_BAL_MIA,MIA,00-0029701,20,-5.7086475262767635,R.Tannehill
2015,2015_13_CAR_NO,CAR,00-0027939,42,20.073671716148965,C.Newton
2015,2015_13_CAR_NO,NO,00-0020531,43,-0.026900741886286994,D.Brees
2015,2015_13_CIN_CLE,CIN,00-0027973,20,14.313610572975799,A.Dalton
2015,2015_13_CIN_CLE,CIN,00-0031288,3,-2.1339724470162764,A.McCarron
2015,2015_13_CIN_CLE,CLE,00-0028957,41,-12.411598969770434,A.Davis
2015,2015_13_DAL_WAS,DAL,00-0023662,30,4.106767590634006,M.Cassel
2015,2015_13_DAL_WAS,WAS,00-0029604,34,3.3166139021345007,K.Cousins
2015,2015_13_DEN_SD,DEN,00-0029682,27,-1.631811917028334,B.Osweiler
2015,2015_13_DEN_SD,LAC,00-0022942,39,-11.93722085832907,P.Rivers
2015,2015_13_GB_DET,DET,00-0026498,38,-4.138477400815836,M.Stafford
2015,2015_13_GB_DET,GB,00-0023459,39,1.6103280842646575,A.Rodgers
2015,2015_13_HOU_BUF,BUF,00-0028118,22,6.473871915684831,T.Taylor
2015,2015_13_HOU_BUF,HOU,00-0026625,45,2.7064289675618056,B.Hoyer
2015,2015_13_IND_PIT,IND,00-0007091,28,-10.810870996268932,M.Hasselbeck
2015,2015_13_IND_PIT,IND,00-0024296,11,-1.8392514968290925,C.Whitehurst
2015,2015_13_IND_PIT,PIT,00-0022924,39,19.276154533276873,B.Roethlisberger
2015,2015_13_JAX_TEN,JAX,00-0031407,39,17.63229573347792,B.Bortles
2015,2015_13_JAX_TEN,TEN,00-0032268,33,7.541107001597993,M.Mariota
2015,2015_13_KC_OAK,KC,00-0023436,27,5.181324997378513,A.Smith
2015,2015_13_KC_OAK,KC,00-0023534,1,-0.947,D.Colquitt
2015,2015_13_KC_OAK,LV,00-0031280,52,-24.49019266584022,D.Carr
2015,2015_13_NYJ_NYG,NYG,00-0022803,37,3.1210721329303936,E.Manning
2015,2015_13_NYJ_NYG,NYJ,00-0023682,53,14.045707227401566,R.Fitzpatrick
2015,2015_13_PHI_NE,NE,00-0019596,59,-7.6110549189615995,T.Brady
2015,2015_13_PHI_NE,NE,00-0026035,1,3.1290306355804205,D.Amendola
2015,2015_13_PHI_NE,PHI,00-0027854,25,2.084876778710168,S.Bradford
2015,2015_13_SEA_MIN,MIN,00-0031237,32,-15.766914934967645,T.Bridgewater
2015,2015_13_SEA_MIN,SEA,00-0024279,2,-2.5924562426516786,T.Jackson
2015,2015_13_SEA_MIN,SEA,00-0029263,28,23.516982890694287,R.Wilson
2015,2015_13_SF_CHI,CHI,00-0024226,32,-8.846449131077126,J.Cutler
2015,2015_13_SF_CHI,SF,00-0027948,36,-4.518621620576596,B.Gabbert
2015,2015_14_ATL_CAR,ATL,00-0026143,37,-7.716724101162981,M.Ryan
2015,2015_14_ATL_CAR,ATL,00-0030569,9,-7.418899911688641,S.Renfree
2015,2015_14_ATL_CAR,CAR,00-0023645,6,-0.003978568565798923,D.Anderson
2015,2015_14_ATL_CAR,CAR,00-0027939,23,17.103527582779282,C.Newton
2015,2015_14_BUF_PHI,BUF,00-0028118,37,7.779191730223742,T.Taylor
2015,2015_14_BUF_PHI,PHI,00-0027854,39,-4.946915408682727,S.Bradford
2015,2015_14_DAL_GB,DAL,00-0023662,31,-18.24915768118808,M.Cassel
2015,2015_14_DAL_GB,GB,00-0023459,37,4.517986411170568,A.Rodgers
2015,2015_14_DET_STL,DET,00-0026498,50,-12.657970543659758,M.Stafford
2015,2015_14_DET_STL,LA,00-0028986,23,-3.4131718851276673,C.Keenum
2015,2015_14_IND_JAX,IND,00-0007091,38,-11.710833338942175,M.Hasselbeck
2015,2015_14_IND_JAX,IND,00-0024296,8,-13.611438563093543,C.Whitehurst
2015,2015_14_IND_JAX,JAX,00-0031407,33,1.4826966509314596,B.Bortles
2015,2015_14_MIN_ARI,ARI,00-0021429,37,13.27933068981643,C.Palmer
2015,2015_14_MIN_ARI,MIN,00-0031237,39,16.903511648978036,T.Bridgewater
2015,2015_14_NE_HOU,HOU,00-0026625,27,-17.704632090890982,B.Hoyer
2015,2015_14_NE_HOU,HOU,00-0028090,3,-1.5186647763475776,T.Yates
2015,2015_14_NE_HOU,NE,00-0019596,33,4.84186556695824,T.Brady
2015,2015_14_NO_TB,NO,00-0020531,43,19.566023442432776,D.Brees
2015,2015_14_NO_TB,TB,00-0031503,32,4.468773301732072,J.Winston
2015,2015_14_NYG_MIA,MIA,00-0029701,42,0.4804236321722044,R.Tannehill
2015,2015_14_NYG_MIA,NYG,00-0022803,31,23.344652723968213,E.Manning
2015,2015_14_OAK_DEN,DEN,00-0029682,56,-4.927345794858367,B.Osweiler
2015,2015_14_OAK_DEN,LV,00-0031280,33,-10.151462216132208,D.Carr
2015,2015_14_PIT_CIN,CIN,00-0027973,5,1.3015451905084774,A.Dalton
2015,2015_14_PIT_CIN,CIN,00-0031288,35,-3.1646209623061363,A.McCarron
2015,2015_14_PIT_CIN,PIT,00-0022924,41,9.689823991967655,B.Roethlisberger
2015,2015_14_SD_KC,KC,00-0023436,25,3.786160191922491,A.Smith
2015,2015_14_SD_KC,LAC,00-0022942,48,0.3263155911567974,P.Rivers
2015,2015_14_SEA_BAL,BAL,00-0027659,41,-7.249371912155766,J.Clausen
2015,2015_14_SEA_BAL,SEA,00-0024279,1,1.2171263110358268,T.Jackson
2015,2015_14_SEA_BAL,SEA,00-0029263,32,28.493855971144512,R.Wilson
2015,2015_14_SF_CLE,CLE,00-0031409,33,6.572147518894724,J.Manziel
2015,2015_14_SF_CLE,SF,00-0027948,37,-14.411149879678653,B.Gabbert
2015,2015_14_TEN_NYJ,NYJ,00-0023682,37,10.912718881095845,R.Fitzpatrick
2015,2015_14_TEN_NYJ,TEN,00-0030789,1,3.954363552154973,A.Andrews
2015,2015_14_TEN_NYJ,TEN,00-0032268,44,-9.22710957878735,M.Mariota
2015,2015_14_WAS_CHI,CHI,00-0024226,34,5.276265608419479,J.Cutler
2015,2015_14_WAS_CHI,WAS,00-0029604,34,13.78714510661414,K.Cousins
2015,2015_15_ARI_PHI,ARI,00-0021429,34,12.681413078880244,C.Palmer
2015,2015_15_ARI_PHI,ARI,00-0025430,1,-1.5557847106829286,D.Stanton
2015,2015_15_ARI_PHI,PHI,00-0027854,43,-2.6665445663776834,S.Bradford
2015,2015_15_ATL_JAX,ATL,00-0026143,36,6.122123821654823,M.Ryan
2015,2015_15_ATL_JAX,JAX,00-0031407,39,-5.5294132308119375,B.Bortles
2015,2015_15_BUF_WAS,BUF,00-0028118,32,0.5402268579928204,T.Taylor
2015,2015_15_BUF_WAS,WAS,00-0029604,29,20.999351851758547,K.Cousins
2015,2015_15_CAR_NYG,CAR,00-0027939,47,14.3942672815772,C.Newton
2015,2015_15_CAR_NYG,NYG,00-0022803,46,0.382039143180009,E.Manning
2015,2015_15_CHI_MIN,CHI,00-0024226,42,-12.08011223882017,J.Cutler
2015,2015_15_CHI_MIN,MIN,00-0031237,21,19.122675990748313,T.Bridgewater
2015,2015_15_CIN_SF,CIN,00-0031288,25,6.325237575844476,A.McCarron
2015,2015_15_CIN_SF,SF,00-0027948,54,-12.607738611837183,B.Gabbert
2015,2015_15_CLE_SEA,CLE,00-0031409,35,-0.5148931065294189,J.Manziel
2015,2015_15_CLE_SEA,SEA,00-0029263,32,18.170377268794134,R.Wilson
2015,2015_15_DEN_PIT,DEN,00-0029682,46,1.9935095927212387,B.Osweiler
2015,2015_15_DEN_PIT,PIT,00-0022924,57,1.5077786436447065,B.Roethlisberger
2015,2015_15_DET_NO,DET,00-0026498,28,16.131092406547396,M.Stafford
2015,2015_15_DET_NO,NO,00-0020531,53,12.360049983159561,D.Brees
2015,2015_15_GB_OAK,GB,00-0023459,41,-4.241811748354737,A.Rodgers
2015,2015_15_GB_OAK,LV,00-0031280,50,-20.516807572850265,D.Carr
2015,2015_15_HOU_IND,HOU,00-0028090,12,-6.675014670923326,T.Yates
2015,2015_15_HOU_IND,HOU,00-0029677,18,0.48626623244490474,B.Weeden
2015,2015_15_HOU_IND,IND,00-0007091,32,-3.7582615451906265,M.Hasselbeck
2015,2015_15_HOU_IND,IND,00-0024296,3,-1.384221710730344,C.Whitehurst
2015,2015_15_KC_BAL,BAL,00-0027659,47,-8.461367888899986,J.Clausen
2015,2015_15_KC_BAL,KC,00-0023436,28,4.5629215824301355,A.Smith
2015,2015_15_MIA_SD,LAC,00-0022942,37,17.056509272421035,P.Rivers
2015,2015_15_MIA_SD,MIA,00-0029701,36,1.505336276255548,R.Tannehill
2015,2015_15_NYJ_DAL,DAL,00-0023662,9,-11.564847735589785,M.Cassel
2015,2015_15_NYJ_DAL,DAL,00-0029234,26,-4.8129880467895205,K.Moore
2015,2015_15_NYJ_DAL,NYJ,00-0023682,41,7.446836485794037,R.Fitzpatrick
2015,2015_15_TB_STL,LA,00-0028986,19,12.134005204599816,C.Keenum
2015,2015_15_TB_STL,TB,00-0031503,50,7.725922588303463,J.Winston
2015,2015_15_TEN_NE,NE,00-0019596,37,12.528660210169555,T.Brady
2015,2015_15_TEN_NE,TEN,00-0031266,30,1.4119001234939788,Z.Mettenberger
2015,2015_15_TEN_NE,TEN,00-0032268,9,-11.017622621148572,M.Mariota
2015,2015_16_CAR_ATL,ATL,00-0026143,32,18.940708816419438,M.Ryan
2015,2015_16_CAR_ATL,CAR,00-0027939,32,-13.91029471246988,C.Newton
2015,2015_16_CHI_TB,CHI,00-0024226,28,1.1610535102487471,J.Cutler
2015,2015_16_CHI_TB,TB,00-0031503,29,11.843891281780088,J.Winston
2015,2015_16_CIN_DEN,CIN,00-0031288,37,8.318398179106497,A.McCarron
2015,2015_16_CIN_DEN,DEN,00-0029682,42,6.838210648215932,B.Osweiler
2015,2015_16_CLE_KC,CLE,00-0031409,31,-14.109913775271629,J.Manziel
2015,2015_16_CLE_KC,KC,00-0023436,23,-1.7735894845065996,A.Smith
2015,2015_16_DAL_BUF,BUF,00-0028118,21,0.032820638457028206,T.Taylor
2015,2015_16_DAL_BUF,DAL,00-0029234,31,-3.99812389555764,K.Moore
2015,2015_16_GB_ARI,ARI,00-0021429,29,4.249019582666522,C.Palmer
2015,2015_16_GB_ARI,ARI,00-0025430,1,-0.40289094985928386,D.Stanton
2015,2015_16_GB_ARI,GB,00-0023459,37,-26.47866372718988,A.Rodgers
2015,2015_16_GB_ARI,GB,00-0028595,2,-1.9299032299313694,S.Tolzien
2015,2015_16_HOU_TEN,HOU,00-0029677,25,9.786290648002476,B.Weeden
2015,2015_16_HOU_TEN,HOU,00-0030120,2,0.19432505127042532,B.Daniels
2015,2015_16_HOU_TEN,TEN,00-0031266,53,-12.673677925267722,Z.Mettenberger
2015,2015_16_IND_MIA,IND,00-0007091,16,2.4323847157647833,M.Hasselbeck
2015,2015_16_IND_MIA,IND,00-0024296,15,2.391112015058752,C.Whitehurst
2015,2015_16_IND_MIA,MIA,00-0029701,45,1.4807581846851035,R.Tannehill
2015,2015_16_JAX_NO,JAX,00-0031407,40,14.041886233128373,B.Bortles
2015,2015_16_JAX_NO,NO,00-0020531,36,27.767877623850822,D.Brees
2015,2015_16_NE_NYJ,NE,00-0019596,33,4.912707045532889,T.Brady
2015,2015_16_NE_NYJ,NYJ,00-0023682,42,4.20326044611496,R.Fitzpatrick
2015,2015_16_NYG_MIN,MIN,00-0031237,28,-2.105452393074874,T.Bridgewater
2015,2015_16_NYG_MIN,NYG,00-0022803,33,-23.488841757996745,E.Manning
2015,2015_16_NYG_MIN,NYG,00-0030586,5,5.547298305435106,R.Nassib
2015,2015_16_PIT_BAL,BAL,00-0028012,42,8.55064919728665,R.Mallett
2015,2015_16_PIT_BAL,PIT,00-0022924,37,-6.089897865164514,B.Roethlisberger
2015,2015_16_SD_OAK,LAC,00-0022942,50,6.564341010892571,P.Rivers
2015,2015_16_SD_OAK,LV,00-0031280,42,-4.031514980992645,D.Carr
2015,2015_16_SF_DET,DET,00-0026498,40,5.2827624639343655,M.Stafford
2015,2015_16_SF_DET,SF,00-0027948,36,-6.7310575964483474,B.Gabbert
2015,2015_16_STL_SEA,LA,00-0028986,23,0.6156638020765968,C.Keenum
2015,2015_16_STL_SEA,SEA,00-0029263,45,10.83174822563699,R.Wilson
2015,2015_16_WAS_PHI,PHI,00-0027854,61,3.4422381898930734,S.Bradford
2015,2015_16_WAS_PHI,WAS,00-0029604,49,20.72666827258324,K.Cousins
2015,2015_17_BAL_CIN,BAL,00-0028012,55,-8.699883475409074,R.Mallett
2015,2015_17_BAL_CIN,CIN,00-0031288,30,1.028906119560219,A.McCarron
2015,2015_17_DET_CHI,CHI,00-0024226,27,0.5843561346856552,J.Cutler
2015,2015_17_DET_CHI,CHI,00-0027816,1,-1.465995630249381,M.Mariani
2015,2015_17_DET_CHI,DET,00-0026498,43,10.344270932961926,M.Stafford
2015,2015_17_JAX_HOU,HOU,00-0026625,42,-1.1060575184801578,B.Hoyer
2015,2015_17_JAX_HOU,HOU,00-0029510,1,-0.9588559087133035,J.Grimes
2015,2015_17_JAX_HOU,JAX,00-0031407,40,-26.735740121655,B.Bortles
2015,2015_17_MIN_GB,GB,00-0023459,49,-12.62300658815925,A.Rodgers
2015,2015_17_MIN_GB,MIN,00-0031237,22,-8.916550486856012,T.Bridgewater
2015,2015_17_NE_MIA,MIA,00-0029701,39,15.802534921228954,R.Tannehill
2015,2015_17_NE_MIA,NE,00-0019596,23,-3.784360116013117,T.Brady
2015,2015_17_NE_MIA,NE,00-0031345,4,-3.1131341256259475,J.Garoppolo
2015,2015_17_NO_ATL,ATL,00-0026143,37,13.744296345599459,M.Ryan
2015,2015_17_NO_ATL,NO,00-0020531,42,12.348132405983057,D.Brees
2015,2015_17_NO_ATL,NO,00-0029205,1,-0.38078289618715644,T.Cadet
2015,2015_17_NYJ_BUF,BUF,00-0028118,30,4.020143834731918,T.Taylor
2015,2015_17_NYJ_BUF,NYJ,00-0023682,38,-5.776919166321861,R.Fitzpatrick
2015,2015_17_OAK_KC,KC,00-0023436,25,-6.798976726830006,A.Smith
2015,2015_17_OAK_KC,KC,00-0031203,1,-2.564316509407945,C.Santos
2015,2015_17_OAK_KC,LV,00-0031280,38,-7.457145744090667,D.Carr
2015,2015_17_PHI_NYG,NYG,00-0022803,44,-4.809305040403014,E.Manning
2015,2015_17_PHI_NYG,PHI,00-0027854,39,17.077505123539595,S.Bradford
2015,2015_17_PIT_CLE,CLE,00-0028957,53,-26.62110372241451,A.Davis
2015,2015_17_PIT_CLE,PIT,00-0022924,37,11.599034888591754,B.Roethlisberger
2015,2015_17_SD_DEN,DEN,00-0010346,10,0.09773983550435439,P.Manning
2015,2015_17_SD_DEN,DEN,00-0029682,23,-2.9613166115013883,B.Osweiler
2015,2015_17_SD_DEN,LAC,00-0022942,38,-6.420341850602563,P.Rivers
2015,2015_17_SEA_ARI,ARI,00-0021429,25,0.2571647401365662,C.Palmer
2015,2015_17_SEA_ARI,ARI,00-0025430,20,-10.79120821529068,D.Stanton
2015,2015_17_SEA_ARI,SEA,00-0024279,4,2.73486368363956,T.Jackson
2015,2015_17_SEA_ARI,SEA,00-0029263,29,14.748813248298928,R.Wilson
2015,2015_17_STL_SF,LA,00-0028872,1,-3.27481108950451,J.Hekker
2015,2015_17_STL_SF,LA,00-0028986,37,6.079862038235554,C.Keenum
2015,2015_17_STL_SF,SF,00-0027948,45,-1.1223933464019171,B.Gabbert
2015,2015_17_TB_CAR,CAR,00-0027939,30,15.983841346902725,C.Newton
2015,2015_17_TB_CAR,TB,00-0031503,49,-6.801355948541449,J.Winston
2015,2015_17_TEN_IND,IND,00-0026993,29,-5.43483854935449,Jo.Freeman
2015,2015_17_TEN_IND,IND,00-0029531,10,3.3890308131230995,R.Lindley
2015,2015_17_TEN_IND,TEN,00-0029623,17,-0.5631548078923378,A.Tanney
2015,2015_17_TEN_IND,TEN,00-0031266,14,-13.616710303584114,Z.Mettenberger
2015,2015_17_WAS_DAL,DAL,00-0029234,52,8.322529776225565,K.Moore
2015,2015_17_WAS_DAL,WAS,00-0027688,12,6.690450982719826,C.McCoy
2015,2015_17_WAS_DAL,WAS,00-0029604,15,12.726344248825306,K.Cousins
2015,2015_18_GB_WAS,GB,00-0023459,38,10.725158427654453,A.Rodgers
2015,2015_18_GB_WAS,WAS,00-0029604,52,-11.51223146675747,K.Cousins
2015,2015_18_KC_HOU,HOU,00-0026625,37,-26.84894018562045,B.Hoyer
2015,2015_18_KC_HOU,KC,00-0023436,25,0.8687276524011347,A.Smith
2015,2015_18_PIT_CIN,CIN,00-0031288,44,-7.9743294617844445,A.McCarron
2015,2015_18_PIT_CIN,PIT,00-0022924,35,1.624183563121202,B.Roethlisberger
2015,2015_18_PIT_CIN,PIT,00-0030524,6,-8.677350288664456,L.Jones
2015,2015_18_SEA_MIN,MIN,00-0031237,27,-3.428101660717064,T.Bridgewater
2015,2015_18_SEA_MIN,SEA,00-0029263,28,-4.870459319798985,R.Wilson
2015,2015_19_GB_ARI,ARI,00-0021429,44,7.585331440296338,C.Palmer
2015,2015_19_GB_ARI,GB,00-0023459,45,0.5724687011698304,A.Rodgers
2015,2015_19_KC_NE,KC,00-0023436,50,3.8483975022719634,A.Smith
2015,2015_19_KC_NE,NE,00-0019596,42,8.832777582120801,T.Brady
2015,2015_19_PIT_DEN,DEN,00-0010346,39,-5.799578515576333,P.Manning
2015,2015_19_PIT_DEN,PIT,00-0022924,39,0.4468867571268822,B.Roethlisberger
2015,2015_19_SEA_CAR,CAR,00-0027939,23,12.499342702622421,C.Newton
2015,2015_19_SEA_CAR,SEA,00-0029263,51,-3.2825050553940653,R.Wilson
2015,2015_20_ARI_CAR,ARI,00-0021429,43,-20.91942769632442,C.Palmer
2015,2015_20_ARI_CAR,ARI,00-0022921,1,-0.8384901732206345,L.Fitzgerald
2015,2015_20_ARI_CAR,CAR,00-0027939,30,11.046952840043815,C.Newton
2015,2015_20_NE_DEN,DEN,00-0010346,35,-2.4997436116400906,P.Manning
2015,2015_20_NE_DEN,NE,00-0019596,61,-11.122936939751034,T.Brady
2015,2015_21_CAR_DEN,CAR,00-0025396,1,-1.284886869136244,T.Ginn
2015,2015_21_CAR_DEN,CAR,00-0027939,47,-15.065455055025573,C.Newton
2015,2015_21_CAR_DEN,DEN,00-0010346,29,-12.524484749741136,P.Manning
2016,2016_01_BUF_BAL,BAL,00-0026158,37,3.035202485523395,J.Flacco
2016,2016_01_BUF_BAL,BUF,00-0028118,24,-1.9608128532300122,T.Taylor
2016,2016_01_CAR_DEN,CAR,00-0027939,34,1.1229575570779464,C.Newton
2016,2016_01_CAR_DEN,DEN,00-0032156,28,-2.8472406643268187,T.Siemian
2016,2016_01_CHI_HOU,CHI,00-0024226,34,-5.538002573797712,J.Cutler
2016,2016_01_CHI_HOU,HOU,00-0029682,37,4.643802836149624,B.Osweiler
2016,2016_01_CIN_NYJ,CIN,00-0027973,37,7.580591669412954,A.Dalton
2016,2016_01_CIN_NYJ,NYJ,00-0023682,36,-1.6877584503741767,R.Fitzpatrick
2016,2016_01_CLE_PHI,CLE,00-0029665,29,-10.987217230394918,R.Griffin
2016,2016_01_CLE_PHI,PHI,00-0032950,39,5.131715336382234,C.Wentz
2016,2016_01_DET_IND,DET,00-0026498,40,21.609360884324147,M.Stafford
2016,2016_01_DET_IND,IND,00-0029668,50,17.350270038742227,A.Luck
2016,2016_01_GB_JAX,GB,00-0023459,34,7.205956610760723,A.Rodgers
2016,2016_01_GB_JAX,JAX,00-0031407,42,4.33543254877947,B.Bortles
2016,2016_01_LA_SF,LA,00-0028986,37,-20.59226640703855,C.Keenum
2016,2016_01_LA_SF,SF,00-0027948,35,-1.6304318871116266,B.Gabbert
2016,2016_01_MIA_SEA,MIA,00-0029701,34,-5.473228159331155,R.Tannehill
2016,2016_01_MIA_SEA,SEA,00-0029263,46,-1.7183886962129655,R.Wilson
2016,2016_01_MIN_TEN,MIN,00-0020679,33,9.69939428734385,S.Hill
2016,2016_01_MIN_TEN,TEN,00-0032268,44,0.759261155988063,M.Mariota
2016,2016_01_NE_ARI,ARI,00-0021429,40,8.298648470117078,C.Palmer
2016,2016_01_NE_ARI,NE,00-0031345,35,13.317494498025951,J.Garoppolo
2016,2016_01_NYG_DAL,DAL,00-0033077,43,1.7242953887606176,D.Prescott
2016,2016_01_NYG_DAL,NYG,00-0022803,30,6.473165935545694,E.Manning
2016,2016_01_OAK_NO,LV,00-0031280,39,11.734457389482474,D.Carr
2016,2016_01_OAK_NO,NO,00-0020531,41,15.538718701143164,D.Brees
2016,2016_01_PIT_WAS,PIT,00-0022924,38,14.946512912197816,B.Roethlisberger
2016,2016_01_PIT_WAS,WAS,00-0029604,43,1.3444703022559619,K.Cousins
2016,2016_01_SD_KC,KC,00-0023436,51,6.229739468570999,A.Smith
2016,2016_01_SD_KC,LAC,00-0022942,37,9.148071904259204,P.Rivers
2016,2016_01_TB_ATL,ATL,00-0026143,43,8.989940662698665,M.Ryan
2016,2016_01_TB_ATL,TB,00-0031503,32,13.08356870098461,J.Winston
2016,2016_02_ATL_OAK,ATL,00-0026143,35,19.68766874931359,M.Ryan
2016,2016_02_ATL_OAK,LV,00-0031280,46,8.81415860524487,D.Carr
2016,2016_02_BAL_CLE,BAL,00-0026158,45,7.831333161851816,J.Flacco
2016,2016_02_BAL_CLE,CLE,00-0021206,36,8.870624986525787,J.McCown
2016,2016_02_CIN_PIT,CIN,00-0027973,55,5.605984822558134,A.Dalton
2016,2016_02_CIN_PIT,PIT,00-0022924,38,5.726456406013824,B.Roethlisberger
2016,2016_02_DAL_WAS,DAL,00-0033077,34,15.942053739453122,D.Prescott
2016,2016_02_DAL_WAS,WAS,00-0029604,47,4.165593121495791,K.Cousins
2016,2016_02_GB_MIN,GB,00-0023459,41,-10.29054613833432,A.Rodgers
2016,2016_02_GB_MIN,MIN,00-0027854,35,5.8090303562930785,S.Bradford
2016,2016_02_IND_DEN,DEN,00-0032156,35,2.148421924480069,T.Siemian
2016,2016_02_IND_DEN,IND,00-0029668,45,-15.736866369504629,A.Luck
2016,2016_02_JAX_SD,JAX,00-0031407,52,-8.792729001982643,B.Bortles
2016,2016_02_JAX_SD,LAC,00-0022942,27,6.490610914040749,P.Rivers
2016,2016_02_JAX_SD,LAC,00-0024264,1,-0.9599702777341008,K.Clemens
2016,2016_02_KC_HOU,HOU,00-0029682,35,1.3853381027029381,B.Osweiler
2016,2016_02_KC_HOU,KC,00-0023436,41,-9.037531184839944,A.Smith
2016,2016_02_MIA_NE,MIA,00-0029701,44,14.339419925286712,R.Tannehill
2016,2016_02_MIA_NE,NE,00-0031345,26,17.941607106884476,J.Garoppolo
2016,2016_02_MIA_NE,NE,00-0033119,11,0.1351463407257798,J.Brissett
2016,2016_02_NO_NYG,NO,00-0020531,46,-1.0085246839566313,D.Brees
2016,2016_02_NO_NYG,NYG,00-0022803,43,6.0061102572380385,E.Manning
2016,2016_02_NYJ_BUF,BUF,00-0028118,29,11.140374408971201,T.Taylor
2016,2016_02_NYJ_BUF,BUF,00-0030526,1,0.7666973925661296,E.Manuel
2016,2016_02_NYJ_BUF,NYJ,00-0023682,35,22.73087982853821,R.Fitzpatrick
2016,2016_02_PHI_CHI,CHI,00-0024226,20,-12.674237975672737,J.Cutler
2016,2016_02_PHI_CHI,CHI,00-0026625,12,0.04407171090133488,B.Hoyer
2016,2016_02_PHI_CHI,PHI,00-0032950,35,5.919458169219044,C.Wentz
2016,2016_02_SEA_LA,LA,00-0028986,33,-1.4472145152736768,C.Keenum
2016,2016_02_SEA_LA,SEA,00-0029263,37,2.6618505804763166,R.Wilson
2016,2016_02_SF_CAR,CAR,00-0027939,40,10.859709696356505,C.Newton
2016,2016_02_SF_CAR,SF,00-0027948,38,-3.2757833536754486,B.Gabbert
2016,2016_02_TB_ARI,ARI,00-0021429,31,15.568731872374386,C.Palmer
2016,2016_02_TB_ARI,ARI,00-0025430,4,-2.04971199168358,D.Stanton
2016,2016_02_TB_ARI,TB,00-0031503,55,-20.233711002060105,J.Winston
2016,2016_02_TEN_DET,DET,00-0026498,44,-2.9583085849002577,M.Stafford
2016,2016_02_TEN_DET,TEN,00-0032268,37,4.59815294657834,M.Mariota
2016,2016_03_ARI_BUF,ARI,00-0021429,56,-12.042941185694751,C.Palmer
2016,2016_03_ARI_BUF,BUF,00-0028118,29,-7.0373133851985,T.Taylor
2016,2016_03_ATL_NO,ATL,00-0026143,32,10.765946188181081,M.Ryan
2016,2016_03_ATL_NO,NO,00-0020531,56,0.8008468688223918,D.Brees
2016,2016_03_BAL_JAX,BAL,00-0026158,42,-12.368846097401686,J.Flacco
2016,2016_03_BAL_JAX,JAX,00-0031407,42,-10.66854314062859,B.Bortles
2016,2016_03_CHI_DAL,CHI,00-0026625,48,3.833364816440735,B.Hoyer
2016,2016_03_CHI_DAL,DAL,00-0033077,24,14.97779782552493,D.Prescott
2016,2016_03_CLE_MIA,CLE,00-0028825,6,-0.08944873814471066,T.Pryor
2016,2016_03_CLE_MIA,CLE,00-0033104,37,0.7731752747874538,C.Kessler
2016,2016_03_CLE_MIA,MIA,00-0029701,39,-6.09043733386971,R.Tannehill
2016,2016_03_DEN_CIN,CIN,00-0027973,35,-5.768546187063876,A.Dalton
2016,2016_03_DEN_CIN,DEN,00-0032156,37,18.9187846366001,T.Siemian
2016,2016_03_DET_GB,DET,00-0026498,44,20.160271198550056,M.Stafford
2016,2016_03_DET_GB,GB,00-0023459,26,11.130980441136995,A.Rodgers
2016,2016_03_HOU_NE,HOU,00-0029682,43,-14.062114563246723,B.Osweiler
2016,2016_03_HOU_NE,NE,00-0033119,20,-7.264669844389172,J.Brissett
2016,2016_03_LA_TB,LA,00-0028986,27,-1.8848898215103507,C.Keenum
2016,2016_03_LA_TB,TB,00-0031503,62,0.5822791906551555,J.Winston
2016,2016_03_MIN_CAR,CAR,00-0023645,1,-0.5784376915544271,D.Anderson
2016,2016_03_MIN_CAR,CAR,00-0027939,43,-15.132443083727154,C.Newton
2016,2016_03_MIN_CAR,MIN,00-0027854,30,-0.7077662917543037,S.Bradford
2016,2016_03_NYJ_KC,KC,00-0023436,35,8.841009761084804,A.Smith
2016,2016_03_NYJ_KC,NYJ,00-0023682,44,-27.82785776166411,R.Fitzpatrick
2016,2016_03_OAK_TEN,LV,00-0031280,36,6.141731056626236,D.Carr
2016,2016_03_OAK_TEN,TEN,00-0032268,34,-9.632287841605184,M.Mariota
2016,2016_03_PIT_PHI,PHI,00-0032950,31,17.16503441018924,C.Wentz
2016,2016_03_PIT_PHI,PIT,00-0022924,48,-15.03787939286271,B.Roethlisberger
2016,2016_03_SD_IND,IND,00-0029668,40,-5.52643532338183,A.Luck
2016,2016_03_SD_IND,LAC,00-0022942,41,7.327979213389344,P.Rivers
2016,2016_03_SF_SEA,SEA,00-0029263,25,14.295050806715153,R.Wilson
2016,2016_03_SF_SEA,SEA,00-0032462,9,1.6121210866748967,T.Boykin
2016,2016_03_SF_SEA,SF,00-0027948,25,-10.520930771928075,B.Gabbert
2016,2016_03_WAS_NYG,NYG,00-0022803,40,6.705538868838287,E.Manning
2016,2016_03_WAS_NYG,WAS,00-0029604,36,8.833792328194,K.Cousins
2016,2016_03_WAS_NYG,WAS,00-0030140,1,5.162058001733385,T.Way
2016,2016_04_BUF_NE,BUF,00-0028118,41,12.177931716921426,T.Taylor
2016,2016_04_BUF_NE,NE,00-0033119,30,-1.772287470461538,J.Brissett
2016,2016_04_CAR_ATL,ATL,00-0026143,40,24.65402019354329,M.Ryan
2016,2016_04_CAR_ATL,CAR,00-0023645,24,4.840332655163482,D.Anderson
2016,2016_04_CAR_ATL,CAR,00-0027939,26,0.9446392472007732,C.Newton
2016,2016_04_CLE_WAS,CLE,00-0033104,40,5.637848669618563,C.Kessler
2016,2016_04_CLE_WAS,WAS,00-0029604,30,2.2577417171949232,K.Cousins
2016,2016_04_DAL_SF,DAL,00-0033077,34,11.066321478628392,D.Prescott
2016,2016_04_DAL_SF,SF,00-0027948,24,-0.329343132802272,B.Gabbert
2016,2016_04_DEN_TB,DEN,00-0032156,10,1.7636382423806936,T.Siemian
2016,2016_04_DEN_TB,DEN,00-0033108,25,8.352368167634035,P.Lynch
2016,2016_04_DEN_TB,TB,00-0031503,40,-16.244182792375796,J.Winston
2016,2016_04_DET_CHI,CHI,00-0026625,38,13.49757874956347,B.Hoyer
2016,2016_04_DET_CHI,DET,00-0026498,39,-4.708842643461806,M.Stafford
2016,2016_04_IND_JAX,IND,00-0029668,47,-6.780631145710069,A.Luck
2016,2016_04_IND_JAX,JAX,00-0031407,36,6.029111967057473,B.Bortles
2016,2016_04_KC_PIT,KC,00-0023436,54,-2.7334364998356575,A.Smith
2016,2016_04_KC_PIT,PIT,00-0022924,30,20.76545608100435,B.Roethlisberger
2016,2016_04_LA_ARI,ARI,00-0021429,39,-0.7968335398523383,C.Palmer
2016,2016_04_LA_ARI,ARI,00-0025430,10,-3.8886228281189688,D.Stanton
2016,2016_04_LA_ARI,LA,00-0028986,32,3.2003914590290456,C.Keenum
2016,2016_04_MIA_CIN,CIN,00-0027973,32,9.134967903557639,A.Dalton
2016,2016_04_MIA_CIN,MIA,00-0029701,30,-11.84039222355932,R.Tannehill
2016,2016_04_NO_SD,LAC,00-0022942,46,8.20749278675535,P.Rivers
2016,2016_04_NO_SD,NO,00-0020531,38,8.440751285670558,D.Brees
2016,2016_04_NYG_MIN,MIN,00-0027854,36,7.38734400328438,S.Bradford
2016,2016_04_NYG_MIN,NYG,00-0022803,45,-12.696255987568293,E.Manning
2016,2016_04_OAK_BAL,BAL,00-0026158,54,-6.181674303900229,J.Flacco
2016,2016_04_OAK_BAL,LV,00-0031280,35,8.25035632448271,D.Carr
2016,2016_04_SEA_NYJ,NYJ,00-0023682,45,4.911928164339325,R.Fitzpatrick
2016,2016_04_SEA_NYJ,SEA,00-0029263,34,15.678162146785342,R.Wilson
2016,2016_04_TEN_HOU,HOU,00-0029682,38,-0.2863115052542957,B.Osweiler
2016,2016_04_TEN_HOU,TEN,00-0032268,30,-2.703395020339099,M.Mariota
2016,2016_05_ARI_SF,ARI,00-0025430,29,-5.992530710067834,D.Stanton
2016,2016_05_ARI_SF,SF,00-0027948,38,-13.694031045801239,B.Gabbert
2016,2016_05_ATL_DEN,ATL,00-0026143,30,6.327024615121815,M.Ryan
2016,2016_05_ATL_DEN,DEN,00-0033108,40,-2.4501849623678633,P.Lynch
2016,2016_05_BUF_LA,BUF,00-0028118,25,-2.21490763570333,T.Taylor
2016,2016_05_BUF_LA,LA,00-0028986,35,-9.737132434727995,C.Keenum
2016,2016_05_CHI_IND,CHI,00-0026625,43,17.62364125706954,B.Hoyer
2016,2016_05_CHI_IND,IND,00-0029668,44,6.483955507615111,A.Luck
2016,2016_05_CIN_DAL,CIN,00-0027973,45,5.860669436301712,A.Dalton
2016,2016_05_CIN_DAL,DAL,00-0033077,25,9.884832420997554,D.Prescott
2016,2016_05_HOU_MIN,HOU,00-0029682,46,-18.031926721777797,B.Osweiler
2016,2016_05_HOU_MIN,MIN,00-0027854,32,13.422233257522315,S.Bradford
2016,2016_05_NE_CLE,CLE,00-0024296,27,1.5452614012029953,C.Whitehurst
2016,2016_05_NE_CLE,CLE,00-0028825,3,-2.9693333877949044,T.Pryor
2016,2016_05_NE_CLE,CLE,00-0033104,8,4.173592265113257,C.Kessler
2016,2016_05_NE_CLE,NE,00-0019596,41,24.306163506914388,T.Brady
2016,2016_05_NE_CLE,NE,00-0031345,1,-1.3836828656494617,J.Garoppolo
2016,2016_05_NYG_GB,GB,00-0023459,45,-1.4622393037063737,A.Rodgers
2016,2016_05_NYG_GB,NYG,00-0022803,38,-6.361933504147217,E.Manning
2016,2016_05_NYG_GB,NYG,00-0031235,1,-1.2853892985731363,O.Beckham
2016,2016_05_NYJ_PIT,NYJ,00-0023682,41,-0.007343836375571566,R.Fitzpatrick
2016,2016_05_NYJ_PIT,PIT,00-0022924,48,17.2367391787659,B.Roethlisberger
2016,2016_05_PHI_DET,DET,00-0026498,29,-0.39683351009814594,M.Stafford
2016,2016_05_PHI_DET,PHI,00-0032950,36,7.985761819540567,C.Wentz
2016,2016_05_SD_OAK,LAC,00-0022942,32,17.52776388438644,P.Rivers
2016,2016_05_SD_OAK,LV,00-0031280,44,6.1984448798065115,D.Carr
2016,2016_05_TB_CAR,CAR,00-0023645,28,-0.516207308229153,D.Anderson
2016,2016_05_TB_CAR,TB,00-0031503,33,4.921137154519053,J.Winston
2016,2016_05_TEN_MIA,MIA,00-0029701,24,-10.223195197444966,R.Tannehill
2016,2016_05_TEN_MIA,TEN,00-0032268,29,3.534227875774892,M.Mariota
2016,2016_05_WAS_BAL,BAL,00-0026158,49,-11.404546940873843,J.Flacco
2016,2016_05_WAS_BAL,BAL,00-0029597,1,-2.8866333242040128,J.Tucker
2016,2016_05_WAS_BAL,WAS,00-0029604,41,2.5089160405180055,K.Cousins
2016,2016_06_ATL_SEA,ATL,00-0026143,46,4.476523703920176,M.Ryan
2016,2016_06_ATL_SEA,SEA,00-0029263,38,7.942359345412001,R.Wilson
2016,2016_06_BAL_NYG,BAL,00-0026158,50,-1.1031524509977055,J.Flacco
2016,2016_06_BAL_NYG,NYG,00-0022803,47,15.545795002978245,E.Manning
2016,2016_06_CAR_NO,CAR,00-0027939,50,5.1079285397598095,C.Newton
2016,2016_06_CAR_NO,NO,00-0020531,49,19.616249911783804,D.Brees
2016,2016_06_CIN_NE,CIN,00-0027973,33,11.397564123553822,A.Dalton
2016,2016_06_CIN_NE,NE,00-0019596,38,18.648239883809044,T.Brady
2016,2016_06_CLE_TEN,CLE,00-0028825,1,-0.4097980293445289,T.Pryor
2016,2016_06_CLE_TEN,CLE,00-0033104,48,9.362171376886316,C.Kessler
2016,2016_06_CLE_TEN,TEN,00-0032268,26,12.73639543882075,M.Mariota
2016,2016_06_DAL_GB,DAL,00-0033077,29,6.877887776597362,D.Prescott
2016,2016_06_DAL_GB,GB,00-0023459,43,3.475554414398997,A.Rodgers
2016,2016_06_DEN_SD,DEN,00-0032156,52,-1.7995621123438168,T.Siemian
2016,2016_06_DEN_SD,LAC,00-0022942,31,2.645858633335495,P.Rivers
2016,2016_06_IND_HOU,HOU,00-0029682,40,4.241729190194959,B.Osweiler
2016,2016_06_IND_HOU,IND,00-0029668,35,0.43217209847382376,A.Luck
2016,2016_06_JAX_CHI,CHI,00-0026625,50,2.4244281289924334,B.Hoyer
2016,2016_06_JAX_CHI,JAX,00-0031407,35,-0.3059132338317916,B.Bortles
2016,2016_06_KC_OAK,KC,00-0023436,23,11.466753890022524,A.Smith
2016,2016_06_KC_OAK,KC,00-0026995,1,-0.43459909211378545,J.Maclin
2016,2016_06_KC_OAK,LV,00-0031280,35,-8.759102538966674,D.Carr
2016,2016_06_LA_DET,DET,00-0026498,32,19.047858067555563,M.Stafford
2016,2016_06_LA_DET,LA,00-0028986,33,21.08528703812044,C.Keenum
2016,2016_06_NYJ_ARI,ARI,00-0021429,34,7.582801799086155,C.Palmer
2016,2016_06_NYJ_ARI,ARI,00-0025430,1,1.0621442428673618,D.Stanton
2016,2016_06_NYJ_ARI,NYJ,00-0023682,31,-6.679992066581807,R.Fitzpatrick
2016,2016_06_NYJ_ARI,NYJ,00-0030565,7,-4.558230887341779,G.Smith
2016,2016_06_PHI_WAS,PHI,00-0032950,27,-4.33907937898919,C.Wentz
2016,2016_06_PHI_WAS,WAS,00-0029604,34,1.1329462910166779,K.Cousins
2016,2016_06_PIT_MIA,MIA,00-0029701,32,8.917325144203694,R.Tannehill
2016,2016_06_PIT_MIA,PIT,00-0022924,37,-5.464829606018495,B.Roethlisberger
2016,2016_06_PIT_MIA,PIT,00-0030524,1,-1.3720901948399842,L.Jones
2016,2016_06_SF_BUF,BUF,00-0028118,28,7.092863414142628,T.Taylor
2016,2016_06_SF_BUF,BUF,00-0030526,2,-2.016267141792923,E.Manuel
2016,2016_06_SF_BUF,SF,00-0027974,32,-3.769963876194648,C.Kaepernick
2016,2016_07_BAL_NYJ,BAL,00-0026158,45,-16.130070570850727,J.Flacco
2016,2016_07_BAL_NYJ,NYJ,00-0023682,17,-2.0379430841599255,R.Fitzpatrick
2016,2016_07_BAL_NYJ,NYJ,00-0030565,10,2.0712217395193875,G.Smith
2016,2016_07_BUF_MIA,BUF,00-0028118,33,2.3384019387034654,T.Taylor
2016,2016_07_BUF_MIA,MIA,00-0029701,27,6.33235176613815,R.Tannehill
2016,2016_07_CHI_GB,CHI,00-0026625,11,-2.1727101509459317,B.Hoyer
2016,2016_07_CHI_GB,CHI,00-0030533,16,-6.763308798072494,M.Barkley
2016,2016_07_CHI_GB,GB,00-0023459,58,8.484408111533558,A.Rodgers
2016,2016_07_CLE_CIN,CIN,00-0027973,31,12.429358238048401,A.Dalton
2016,2016_07_CLE_CIN,CLE,00-0032784,26,-6.76759538956685,K.Hogan
2016,2016_07_CLE_CIN,CLE,00-0033104,11,5.360751126485411,C.Kessler
2016,2016_07_HOU_DEN,DEN,00-0032156,25,1.975954123974292,T.Siemian
2016,2016_07_HOU_DEN,HOU,00-0029682,42,-17.437960670742623,B.Osweiler
2016,2016_07_IND_TEN,IND,00-0029668,41,16.1675118700674,A.Luck
2016,2016_07_IND_TEN,TEN,00-0025825,1,-0.947,B.Kern
2016,2016_07_IND_TEN,TEN,00-0032268,39,-0.36468587219549997,M.Mariota
2016,2016_07_MIN_PHI,MIN,00-0027854,47,-19.288233440431245,S.Bradford
2016,2016_07_MIN_PHI,PHI,00-0032950,28,-6.552153912091054,C.Wentz
2016,2016_07_NE_PIT,NE,00-0019596,26,13.94053770788014,T.Brady
2016,2016_07_NE_PIT,PIT,00-0030524,46,0.09653065138912487,L.Jones
2016,2016_07_NO_KC,KC,00-0023436,24,10.792347684968263,A.Smith
2016,2016_07_NO_KC,NO,00-0020531,48,12.656939676875481,D.Brees
2016,2016_07_NYG_LA,LA,00-0028986,56,-15.831731041118358,C.Keenum
2016,2016_07_NYG_LA,NYG,00-0022803,37,-2.230522930170401,E.Manning
2016,2016_07_OAK_JAX,JAX,00-0031407,44,-8.293973807001898,B.Bortles
2016,2016_07_OAK_JAX,LV,00-0031280,37,1.9378490206476715,D.Carr
2016,2016_07_SD_ATL,ATL,00-0026143,37,3.3123198257977435,M.Ryan
2016,2016_07_SD_ATL,LAC,00-0022942,48,7.5828103116193395,P.Rivers
2016,2016_07_SD_ATL,LAC,00-0029269,1,-0.5070287110283971,T.Benjamin
2016,2016_07_SEA_ARI,ARI,00-0021429,53,-0.6436458750600438,C.Palmer
2016,2016_07_SEA_ARI,SEA,00-0029263,38,-5.845648136716723,R.Wilson
2016,2016_07_TB_SF,SF,00-0027974,38,-14.25785536442249,C.Kaepernick
2016,2016_07_TB_SF,TB,00-0031503,32,15.283660001831402,J.Winston
2016,2016_07_WAS_DET,DET,00-0026498,32,8.525618131361668,M.Stafford
2016,2016_07_WAS_DET,WAS,00-0029604,41,12.003612380462132,K.Cousins
2016,2016_08_ARI_CAR,ARI,00-0021429,55,-3.6309048544643447,C.Palmer
2016,2016_08_ARI_CAR,CAR,00-0027939,28,2.5295316568835142,C.Newton
2016,2016_08_DET_HOU,DET,00-0026498,42,-1.1767389156024668,M.Stafford
2016,2016_08_DET_HOU,HOU,00-0029682,32,-0.6808269784641205,B.Osweiler
2016,2016_08_GB_ATL,ATL,00-0026143,37,11.877728334354126,M.Ryan
2016,2016_08_GB_ATL,GB,00-0023459,41,9.890811607183423,A.Rodgers
2016,2016_08_JAX_TEN,JAX,00-0031407,56,6.656667844508775,B.Bortles
2016,2016_08_JAX_TEN,TEN,00-0023662,1,-0.9872631413745694,M.Cassel
2016,2016_08_JAX_TEN,TEN,00-0032268,22,16.476474426774228,M.Mariota
2016,2016_08_KC_IND,IND,00-0029668,41,-9.164954215986654,A.Luck
2016,2016_08_KC_IND,KC,00-0023436,20,7.615070047671907,A.Smith
2016,2016_08_KC_IND,KC,00-0029567,24,5.9601136288851695,N.Foles
2016,2016_08_MIN_CHI,CHI,00-0024226,32,8.461766555736629,J.Cutler
2016,2016_08_MIN_CHI,MIN,00-0027854,42,0.7700674544468873,S.Bradford
2016,2016_08_NE_BUF,BUF,00-0028118,39,-12.313919649056247,T.Taylor
2016,2016_08_NE_BUF,BUF,00-0030526,4,2.577229393573478,E.Manuel
2016,2016_08_NE_BUF,NE,00-0019596,37,21.292270067128666,T.Brady
2016,2016_08_NE_BUF,NE,00-0031345,1,-1.2955636661499739,J.Garoppolo
2016,2016_08_NYJ_CLE,CLE,00-0021206,51,5.747030886897711,J.McCown
2016,2016_08_NYJ_CLE,CLE,00-0032784,2,-0.6782640457386151,K.Hogan
2016,2016_08_NYJ_CLE,NYJ,00-0023682,36,6.421966197934241,R.Fitzpatrick
2016,2016_08_OAK_TB,LV,00-0031280,61,15.033301797773685,D.Carr
2016,2016_08_OAK_TB,TB,00-0031503,35,0.8274667235423325,J.Winston
2016,2016_08_PHI_DAL,DAL,00-0029000,1,-1.1910355943255126,C.Beasley
2016,2016_08_PHI_DAL,DAL,00-0033077,41,1.6289364804840076,D.Prescott
2016,2016_08_PHI_DAL,PHI,00-0030990,1,-0.3457150326576084,J.Huff
2016,2016_08_PHI_DAL,PHI,00-0032950,46,3.468694299406547,C.Wentz
2016,2016_08_SD_DEN,DEN,00-0032156,39,-8.253082427477905,T.Siemian
2016,2016_08_SD_DEN,LAC,00-0022942,52,-22.314109496304567,P.Rivers
2016,2016_08_SEA_NO,NO,00-0020531,38,8.994353621886258,D.Brees
2016,2016_08_SEA_NO,SEA,00-0023742,1,-1.156725954147987,J.Ryan
2016,2016_08_SEA_NO,SEA,00-0029263,33,-3.471950129644502,R.Wilson
2016,2016_08_SEA_NO,SEA,00-0032475,1,3.3772827613865957,T.McEvoy
2016,2016_08_WAS_CIN,CIN,00-0027973,45,4.387458785700817,A.Dalton
2016,2016_08_WAS_CIN,WAS,00-0029604,57,23.646517805295556,K.Cousins
2016,2016_09_ATL_TB,ATL,00-0026143,37,18.97018527835487,M.Ryan
2016,2016_09_ATL_TB,TB,00-0030520,12,7.129216017943807,M.Glennon
2016,2016_09_ATL_TB,TB,00-0031503,39,13.672131607017945,J.Winston
2016,2016_09_BUF_SEA,BUF,00-0028118,43,7.1365831888819695,T.Taylor
2016,2016_09_BUF_SEA,SEA,00-0029263,30,7.8320191961177255,R.Wilson
2016,2016_09_CAR_LA,CAR,00-0027939,37,-1.0532894215898465,C.Newton
2016,2016_09_CAR_LA,LA,00-0028986,50,-3.0195613464259274,C.Keenum
2016,2016_09_DAL_CLE,CLE,00-0033104,31,-0.9549151135637368,C.Kessler
2016,2016_09_DAL_CLE,DAL,00-0026898,1,1.7979858988546766,M.Sanchez
2016,2016_09_DAL_CLE,DAL,00-0033077,27,21.826902702567168,D.Prescott
2016,2016_09_DEN_OAK,DEN,00-0032156,39,-2.223717886742649,T.Siemian
2016,2016_09_DEN_OAK,LV,00-0031280,33,-1.3746087873362614,D.Carr
2016,2016_09_DET_MIN,DET,00-0026498,36,-3.2192678613188566,M.Stafford
2016,2016_09_DET_MIN,MIN,00-0027854,42,5.372779030330612,S.Bradford
2016,2016_09_IND_GB,GB,00-0023459,47,5.899399483124841,A.Rodgers
2016,2016_09_IND_GB,IND,00-0029668,38,4.577600787044503,A.Luck
2016,2016_09_JAX_KC,JAX,00-0031407,43,-0.4644160213378048,B.Bortles
2016,2016_09_JAX_KC,KC,00-0029567,35,-12.390239537169569,N.Foles
2016,2016_09_NO_SF,NO,00-0020531,40,17.904536164549327,D.Brees
2016,2016_09_NO_SF,SF,00-0027974,40,6.757122559960467,C.Kaepernick
2016,2016_09_NYJ_MIA,MIA,00-0029701,29,1.2248153138393705,R.Tannehill
2016,2016_09_NYJ_MIA,MIA,00-0031382,1,-0.384655223460868,J.Landry
2016,2016_09_NYJ_MIA,NYJ,00-0023682,30,-7.421622666308645,R.Fitzpatrick
2016,2016_09_NYJ_MIA,NYJ,00-0031568,2,0.10288987676066341,B.Petty
2016,2016_09_PHI_NYG,NYG,00-0022803,37,-0.34367012296570465,E.Manning
2016,2016_09_PHI_NYG,PHI,00-0032950,49,-0.9997984874817485,C.Wentz
2016,2016_09_PIT_BAL,BAL,00-0026158,33,-5.368609277365186,J.Flacco
2016,2016_09_PIT_BAL,BAL,00-0028012,1,-0.25898164976388216,R.Mallett
2016,2016_09_PIT_BAL,PIT,00-0022924,47,-7.403908890148159,B.Roethlisberger
2016,2016_09_TEN_SD,LAC,00-0022942,34,12.947610714408786,P.Rivers
2016,2016_09_TEN_SD,TEN,00-0032268,42,4.652992729796097,M.Mariota
2016,2016_10_ATL_PHI,ATL,00-0026143,35,-1.408245329763945,M.Ryan
2016,2016_10_ATL_PHI,PHI,00-0032950,38,1.440718912992299,C.Wentz
2016,2016_10_CHI_TB,CHI,00-0024226,34,-19.922317173649155,J.Cutler
2016,2016_10_CHI_TB,TB,00-0031503,37,11.225167582743898,J.Winston
2016,2016_10_CIN_NYG,CIN,00-0027973,32,-4.529070090572024,A.Dalton
2016,2016_10_CIN_NYG,NYG,00-0022803,45,-6.023347315203864,E.Manning
2016,2016_10_CLE_BAL,BAL,00-0026158,43,7.1857025993799315,J.Flacco
2016,2016_10_CLE_BAL,CLE,00-0021206,16,-13.898547845426947,J.McCown
2016,2016_10_CLE_BAL,CLE,00-0033104,19,-2.537236166826915,C.Kessler
2016,2016_10_DAL_PIT,DAL,00-0033077,36,12.83573849344379,D.Prescott
2016,2016_10_DAL_PIT,PIT,00-0022924,51,12.039488254279872,B.Roethlisberger
2016,2016_10_DEN_NO,DEN,00-0032156,46,4.701194983910831,T.Siemian
2016,2016_10_DEN_NO,NO,00-0020531,30,5.653451316640712,D.Brees
2016,2016_10_GB_TEN,GB,00-0023459,56,5.511705937251697,A.Rodgers
2016,2016_10_GB_TEN,GB,00-0031589,4,-2.330918602703605,B.Hundley
2016,2016_10_GB_TEN,TEN,00-0028009,1,2.297442984418012,D.Murray
2016,2016_10_GB_TEN,TEN,00-0032268,28,20.26145158856973,M.Mariota
2016,2016_10_HOU_JAX,HOU,00-0029682,28,-2.258454531074734,B.Osweiler
2016,2016_10_HOU_JAX,JAX,00-0031407,52,0.050770555605973655,B.Bortles
2016,2016_10_KC_CAR,CAR,00-0027939,40,0.01865453713168108,C.Newton
2016,2016_10_KC_CAR,KC,00-0023436,42,-5.666347789014661,A.Smith
2016,2016_10_LA_NYJ,LA,00-0028986,33,-0.6960914861016527,C.Keenum
2016,2016_10_LA_NYJ,NYJ,00-0031568,33,-4.661399642413016,B.Petty
2016,2016_10_MIA_SD,LAC,00-0022942,47,-9.120267733012938,P.Rivers
2016,2016_10_MIA_SD,MIA,00-0029701,25,12.336478407677657,R.Tannehill
2016,2016_10_MIN_WAS,MIN,00-0027854,43,8.510864541807678,S.Bradford
2016,2016_10_MIN_WAS,WAS,00-0029604,34,11.397569688534224,K.Cousins
2016,2016_10_SEA_NE,NE,00-0019596,34,12.769801873003209,T.Brady
2016,2016_10_SEA_NE,SEA,00-0029263,41,16.71420176390991,R.Wilson
2016,2016_10_SF_ARI,ARI,00-0021429,50,-1.4115977808772353,C.Palmer
2016,2016_10_SF_ARI,SF,00-0027974,33,4.76648349235181,C.Kaepernick
2016,2016_11_ARI_MIN,ARI,00-0021429,42,-18.195625592919363,C.Palmer
2016,2016_11_ARI_MIN,MIN,00-0027854,30,-1.9963063162548345,S.Bradford
2016,2016_11_BAL_DAL,BAL,00-0026158,36,4.514953287910938,J.Flacco
2016,2016_11_BAL_DAL,DAL,00-0033077,37,17.68383335072852,D.Prescott
2016,2016_11_BUF_CIN,BUF,00-0028118,29,-5.171922935293276,T.Taylor
2016,2016_11_BUF_CIN,CIN,00-0027973,43,-9.642766958219,A.Dalton
2016,2016_11_CHI_NYG,CHI,00-0024226,34,3.6250762089605444,J.Cutler
2016,2016_11_CHI_NYG,NYG,00-0022803,36,7.5882348185875586,E.Manning
2016,2016_11_GB_WAS,GB,00-0023459,43,18.07917437501721,A.Rodgers
2016,2016_11_GB_WAS,GB,00-0031589,3,-3.773732701665722,B.Hundley
2016,2016_11_GB_WAS,WAS,00-0029604,32,22.81024319024035,K.Cousins
2016,2016_11_HOU_OAK,HOU,00-0029682,41,10.411647574573871,B.Osweiler
2016,2016_11_HOU_OAK,LV,00-0031280,31,11.897871300958885,D.Carr
2016,2016_11_JAX_DET,DET,00-0026498,36,4.383789544343017,M.Stafford
2016,2016_11_JAX_DET,JAX,00-0031407,35,-1.5398882363995443,B.Bortles
2016,2016_11_MIA_LA,LA,00-0033106,32,-7.099566209319886,J.Goff
2016,2016_11_MIA_LA,MIA,00-0029701,38,-6.539175125071779,R.Tannehill
2016,2016_11_NE_SF,NE,00-0019596,40,8.96898307009455,T.Brady
2016,2016_11_NE_SF,SF,00-0027974,35,-0.5414272691248279,C.Kaepernick
2016,2016_11_NO_CAR,CAR,00-0027939,35,-2.020541295646041,C.Newton
2016,2016_11_NO_CAR,NO,00-0020531,47,-0.11629093223517195,D.Brees
2016,2016_11_PHI_SEA,PHI,00-0032950,48,-7.136964505610988,C.Wentz
2016,2016_11_PHI_SEA,SEA,00-0028434,1,2.0046004552859813,D.Baldwin
2016,2016_11_PHI_SEA,SEA,00-0029263,32,7.847349274430546,R.Wilson
2016,2016_11_PIT_CLE,CLE,00-0021206,31,-9.929047543322667,J.McCown
2016,2016_11_PIT_CLE,CLE,00-0033104,18,2.1438676210236736,C.Kessler
2016,2016_11_PIT_CLE,PIT,00-0022924,37,3.676148001109259,B.Roethlisberger
2016,2016_11_TB_KC,KC,00-0023436,31,6.156129036076792,A.Smith
2016,2016_11_TB_KC,TB,00-0031503,40,16.606133529466838,J.Winston
2016,2016_11_TEN_IND,IND,00-0029668,30,6.3904292516662204,A.Luck
2016,2016_11_TEN_IND,TEN,00-0032268,43,4.295585821180648,M.Mariota
2016,2016_12_ARI_ATL,ARI,00-0021429,48,1.2805144002376423,C.Palmer
2016,2016_12_ARI_ATL,ATL,00-0026143,37,5.7587381395860575,M.Ryan
2016,2016_12_CAR_OAK,CAR,00-0027939,33,-3.706407887133304,C.Newton
2016,2016_12_CAR_OAK,LV,00-0030419,1,-1.4628772772848606,M.McGloin
2016,2016_12_CAR_OAK,LV,00-0031280,40,11.682691750974673,D.Carr
2016,2016_12_CIN_BAL,BAL,00-0026158,37,-3.953734933432246,J.Flacco
2016,2016_12_CIN_BAL,CIN,00-0027973,51,2.9102054978853213,A.Dalton
2016,2016_12_GB_PHI,GB,00-0023459,39,23.03950579320334,A.Rodgers
2016,2016_12_GB_PHI,PHI,00-0032950,40,-3.5544905859687868,C.Wentz
2016,2016_12_JAX_BUF,BUF,00-0028118,23,1.0662871390231885,T.Taylor
2016,2016_12_JAX_BUF,JAX,00-0031407,28,-1.6556919166469015,B.Bortles
2016,2016_12_KC_DEN,DEN,00-0032156,39,17.747572050161327,T.Siemian
2016,2016_12_KC_DEN,KC,00-0023436,50,-5.333092249417126,A.Smith
2016,2016_12_LA_NO,LA,00-0033106,34,-8.939149735029787,J.Goff
2016,2016_12_LA_NO,NO,00-0020531,37,8.862033663666807,D.Brees
2016,2016_12_LA_NO,NO,00-0030663,1,4.872772316914052,W.Snead
2016,2016_12_MIN_DET,DET,00-0026498,40,-4.046617316136727,M.Stafford
2016,2016_12_MIN_DET,MIN,00-0027854,37,-5.460332979706741,S.Bradford
2016,2016_12_NE_NYJ,NE,00-0019596,51,5.40454019463008,T.Brady
2016,2016_12_NE_NYJ,NYJ,00-0023682,33,4.715032980612843,R.Fitzpatrick
2016,2016_12_NYG_CLE,CLE,00-0021206,49,-15.993624427992346,J.McCown
2016,2016_12_NYG_CLE,CLE,00-0032257,1,-0.49236056790687144,D.Johnson Jr.
2016,2016_12_NYG_CLE,NYG,00-0022803,28,7.539777708647307,E.Manning
2016,2016_12_PIT_IND,IND,00-0027145,1,5.0364618439925835,P.McAfee
2016,2016_12_PIT_IND,IND,00-0028595,39,-9.487196907836385,S.Tolzien
2016,2016_12_PIT_IND,PIT,00-0022924,20,14.739823248470202,B.Roethlisberger
2016,2016_12_PIT_IND,PIT,00-0030524,1,-1.480701636406593,L.Jones
2016,2016_12_SD_HOU,HOU,00-0029682,37,-2.4184989025813577,B.Osweiler
2016,2016_12_SD_HOU,LAC,00-0022942,31,7.288748106123146,P.Rivers
2016,2016_12_SEA_TB,SEA,00-0029263,39,-17.421294181189673,R.Wilson
2016,2016_12_SEA_TB,TB,00-0031503,28,6.962972949128575,J.Winston
2016,2016_12_SF_MIA,MIA,00-0029701,32,13.454089477953861,R.Tannehill
2016,2016_12_SF_MIA,SF,00-0027974,47,9.886690578297452,C.Kaepernick
2016,2016_12_TEN_CHI,CHI,00-0030533,54,2.7821804474806413,M.Barkley
2016,2016_12_TEN_CHI,TEN,00-0032268,23,13.483584469028468,M.Mariota
2016,2016_12_WAS_DAL,DAL,00-0033077,25,10.32024414241712,D.Prescott
2016,2016_12_WAS_DAL,WAS,00-0029604,54,25.20786157469554,K.Cousins
2016,2016_13_BUF_OAK,BUF,00-0028118,39,-9.06261436022674,T.Taylor
2016,2016_13_BUF_OAK,LV,00-0031280,36,8.881810660186607,D.Carr
2016,2016_13_CAR_SEA,CAR,00-0023645,1,-5.252269348595291,D.Anderson
2016,2016_13_CAR_SEA,CAR,00-0027939,32,-1.7415360510349274,C.Newton
2016,2016_13_CAR_SEA,SEA,00-0029263,39,4.786003658435598,R.Wilson
2016,2016_13_CAR_SEA,SEA,00-0032462,3,3.0808822153967452,T.Boykin
2016,2016_13_DAL_MIN,DAL,00-0033077,21,-6.299705540306779,D.Prescott
2016,2016_13_DAL_MIN,MIN,00-0020679,2,-0.6365222346503288,S.Hill
2016,2016_13_DAL_MIN,MIN,00-0027854,48,-2.918537745051147,S.Bradford
2016,2016_13_DAL_MIN,MIN,00-0031376,1,-0.48066623765043914,J.McKinnon
2016,2016_13_DEN_JAX,DEN,00-0033108,26,-10.630824997611406,P.Lynch
2016,2016_13_DEN_JAX,JAX,00-0031407,43,-30.78747284321176,B.Bortles
2016,2016_13_DET_NO,DET,00-0026498,45,14.685366216082002,M.Stafford
2016,2016_13_DET_NO,NO,00-0020531,44,-7.596196864144032,D.Brees
2016,2016_13_HOU_GB,GB,00-0023459,31,6.579489970114082,A.Rodgers
2016,2016_13_HOU_GB,HOU,00-0029682,37,0.8599737017357256,B.Osweiler
2016,2016_13_IND_NYJ,IND,00-0028595,1,1.1524982560658827,S.Tolzien
2016,2016_13_IND_NYJ,IND,00-0029668,29,25.456440692645295,A.Luck
2016,2016_13_IND_NYJ,NYJ,00-0023682,12,-1.7309354263124987,R.Fitzpatrick
2016,2016_13_IND_NYJ,NYJ,00-0031568,26,-9.88684936054051,B.Petty
2016,2016_13_KC_ATL,ATL,00-0026143,38,-5.291992458067714,M.Ryan
2016,2016_13_KC_ATL,KC,00-0023436,26,10.487886166665703,A.Smith
2016,2016_13_LA_NE,LA,00-0033106,36,-15.79827528377652,J.Goff
2016,2016_13_LA_NE,NE,00-0019596,46,0.9025088588648695,T.Brady
2016,2016_13_MIA_BAL,BAL,00-0026158,46,17.472731887130067,J.Flacco
2016,2016_13_MIA_BAL,BAL,00-0028012,3,-1.9751527241314761,R.Mallett
2016,2016_13_MIA_BAL,MIA,00-0029701,43,-11.680096155764645,R.Tannehill
2016,2016_13_NYG_PIT,NYG,00-0022803,41,-16.983289890835294,E.Manning
2016,2016_13_NYG_PIT,PIT,00-0022924,39,11.585713606956014,B.Roethlisberger
2016,2016_13_NYG_PIT,PIT,00-0030496,1,-0.5972102339146659,L.Bell
2016,2016_13_PHI_CIN,CIN,00-0027973,31,26.683325949778045,A.Dalton
2016,2016_13_PHI_CIN,PHI,00-0032950,61,-4.1118044153554365,C.Wentz
2016,2016_13_SF_CHI,CHI,00-0030533,19,8.439685973205163,M.Barkley
2016,2016_13_SF_CHI,SF,00-0027948,11,-3.731670683482662,B.Gabbert
2016,2016_13_SF_CHI,SF,00-0027974,10,-12.133674807790301,C.Kaepernick
2016,2016_13_TB_SD,LAC,00-0022942,28,-3.592058863647597,P.Rivers
2016,2016_13_TB_SD,TB,00-0031503,32,10.551491286341193,J.Winston
2016,2016_13_WAS_ARI,ARI,00-0021429,47,14.032383163562066,C.Palmer
2016,2016_13_WAS_ARI,WAS,00-0029604,39,0.29019832839932835,K.Cousins
2016,2016_14_ARI_MIA,ARI,00-0021429,37,-7.753832535179515,C.Palmer
2016,2016_14_ARI_MIA,MIA,00-0025708,5,1.8398866029747296,M.Moore
2016,2016_14_ARI_MIA,MIA,00-0029701,21,6.36870812572306,R.Tannehill
2016,2016_14_ATL_LA,ATL,00-0022787,2,-2.1800809365231544,M.Schaub
2016,2016_14_ATL_LA,ATL,00-0026143,30,15.777171324007213,M.Ryan
2016,2016_14_ATL_LA,LA,00-0033106,44,-17.825302035955247,J.Goff
2016,2016_14_BAL_NE,BAL,00-0026158,54,4.781109736042605,J.Flacco
2016,2016_14_BAL_NE,NE,00-0019596,39,13.045121677743737,T.Brady
2016,2016_14_CHI_DET,CHI,00-0030533,33,3.82697681117141,M.Barkley
2016,2016_14_CHI_DET,DET,00-0026498,38,-4.702741348776906,M.Stafford
2016,2016_14_CIN_CLE,CIN,00-0027973,32,3.875873405737821,A.Dalton
2016,2016_14_CIN_CLE,CLE,00-0029665,31,-11.989475792296313,R.Griffin
2016,2016_14_DAL_NYG,DAL,00-0033077,40,-21.21402647752832,D.Prescott
2016,2016_14_DAL_NYG,NYG,00-0022803,31,-11.911230934993029,E.Manning
2016,2016_14_DEN_TEN,DEN,00-0032156,54,2.530372954802444,T.Siemian
2016,2016_14_DEN_TEN,DEN,00-0032943,1,3.530556734651327,R.Dixon
2016,2016_14_DEN_TEN,TEN,00-0028009,1,-0.4525394884403795,D.Murray
2016,2016_14_DEN_TEN,TEN,00-0032268,22,-11.040639370064582,M.Mariota
2016,2016_14_HOU_IND,HOU,00-0029682,25,-5.414098556255538,B.Osweiler
2016,2016_14_HOU_IND,IND,00-0029668,46,-9.350159618645495,A.Luck
2016,2016_14_MIN_JAX,JAX,00-0031407,41,-0.6065991469658883,B.Bortles
2016,2016_14_MIN_JAX,MIN,00-0027854,34,15.106427640604831,S.Bradford
2016,2016_14_NO_TB,NO,00-0020531,42,-4.8159429431594845,D.Brees
2016,2016_14_NO_TB,TB,00-0031503,28,2.860448288619712,J.Winston
2016,2016_14_NYJ_SF,NYJ,00-0031568,41,-2.8054965712256754,B.Petty
2016,2016_14_NYJ_SF,SF,00-0027974,28,-9.857210727204151,C.Kaepernick
2016,2016_14_OAK_KC,KC,00-0023436,27,-1.8307232119841501,A.Smith
2016,2016_14_OAK_KC,LV,00-0031280,42,-17.577101129775073,D.Carr
2016,2016_14_PIT_BUF,BUF,00-0028118,30,3.1517917969904374,T.Taylor
2016,2016_14_PIT_BUF,PIT,00-0022924,31,-6.061734731600154,B.Roethlisberger
2016,2016_14_SD_CAR,CAR,00-0027939,29,-7.949434110787259,C.Newton
2016,2016_14_SD_CAR,LAC,00-0022942,45,-8.978705234135907,P.Rivers
2016,2016_14_SEA_GB,GB,00-0023459,24,13.694505836756434,A.Rodgers
2016,2016_14_SEA_GB,GB,00-0031589,2,-1.558077106384232,B.Hundley
2016,2016_14_SEA_GB,SEA,00-0029263,42,-21.769836464198306,R.Wilson
2016,2016_14_WAS_PHI,PHI,00-0032950,51,3.571992626527691,C.Wentz
2016,2016_14_WAS_PHI,WAS,00-0029604,24,3.9193042468212136,K.Cousins
2016,2016_15_CAR_WAS,CAR,00-0027939,39,7.458566541267754,C.Newton
2016,2016_15_CAR_WAS,WAS,00-0029604,48,-7.151352411373377,K.Cousins
2016,2016_15_CLE_BUF,BUF,00-0028118,25,9.293697350367438,T.Taylor
2016,2016_15_CLE_BUF,BUF,00-0030526,1,-0.929833595699165,E.Manuel
2016,2016_15_CLE_BUF,CLE,00-0029665,33,0.047412818833104,R.Griffin
2016,2016_15_DET_NYG,DET,00-0026498,40,-0.8663651383176747,M.Stafford
2016,2016_15_DET_NYG,NYG,00-0022803,30,5.091754569922507,E.Manning
2016,2016_15_GB_CHI,CHI,00-0030533,44,4.819785662016302,M.Barkley
2016,2016_15_GB_CHI,GB,00-0023459,34,2.581567535241744,A.Rodgers
2016,2016_15_IND_MIN,IND,00-0029668,28,15.648269890458323,A.Luck
2016,2016_15_IND_MIN,MIN,00-0027854,47,-12.134248742442098,S.Bradford
2016,2016_15_JAX_HOU,HOU,00-0029682,11,-12.260128573514521,B.Osweiler
2016,2016_15_JAX_HOU,HOU,00-0031064,36,4.850169747481322,T.Savage
2016,2016_15_JAX_HOU,JAX,00-0031407,30,-15.927331034421249,B.Bortles
2016,2016_15_LA_SEA,LA,00-0028872,1,-2.6423553130589426,J.Hekker
2016,2016_15_LA_SEA,LA,00-0028986,9,-7.028828831913415,C.Keenum
2016,2016_15_LA_SEA,LA,00-0033106,29,-6.604254085294912,J.Goff
2016,2016_15_LA_SEA,SEA,00-0029263,28,9.34035005538196,R.Wilson
2016,2016_15_MIA_NYJ,MIA,00-0025708,19,14.982073193736142,M.Moore
2016,2016_15_MIA_NYJ,NYJ,00-0023682,10,-6.668563797771338,R.Fitzpatrick
2016,2016_15_MIA_NYJ,NYJ,00-0031568,39,-11.343620077776764,B.Petty
2016,2016_15_NE_DEN,DEN,00-0032156,44,-14.163965235433004,T.Siemian
2016,2016_15_NE_DEN,NE,00-0019596,34,-0.3432804194393717,T.Brady
2016,2016_15_NO_ARI,ARI,00-0021429,41,13.654744290521311,C.Palmer
2016,2016_15_NO_ARI,NO,00-0020531,51,13.1051965472575,D.Brees
2016,2016_15_OAK_SD,LAC,00-0022942,33,2.425301728473875,P.Rivers
2016,2016_15_OAK_SD,LV,00-0031280,32,4.128547498395722,D.Carr
2016,2016_15_PHI_BAL,BAL,00-0026158,32,-6.681442502102465,J.Flacco
2016,2016_15_PHI_BAL,PHI,00-0032950,44,-9.800528632783097,C.Wentz
2016,2016_15_PIT_CIN,CIN,00-0027973,28,-4.766980152513688,A.Dalton
2016,2016_15_PIT_CIN,PIT,00-0022924,37,13.744076261582427,B.Roethlisberger
2016,2016_15_SF_ATL,ATL,00-0022787,1,2.035490466398187,M.Schaub
2016,2016_15_SF_ATL,ATL,00-0026143,24,20.514761085756675,M.Ryan
2016,2016_15_SF_ATL,SF,00-0027974,35,0.8026778718340211,C.Kaepernick
2016,2016_15_TB_DAL,DAL,00-0033077,39,7.780545393880432,D.Prescott
2016,2016_15_TB_DAL,TB,00-0031503,39,-3.072891539001782,J.Winston
2016,2016_15_TEN_KC,KC,00-0023436,29,-3.8344145101154097,A.Smith
2016,2016_15_TEN_KC,TEN,00-0032268,34,-0.33677432230906346,M.Mariota
2016,2016_16_ARI_SEA,ARI,00-0021429,27,9.776698061719463,C.Palmer
2016,2016_16_ARI_SEA,ARI,00-0022921,1,-0.5623792777769268,L.Fitzgerald
2016,2016_16_ARI_SEA,SEA,00-0029263,52,6.997335614831822,R.Wilson
2016,2016_16_ATL_CAR,ATL,00-0026143,37,10.24754045741365,M.Ryan
2016,2016_16_ATL_CAR,CAR,00-0027939,45,-15.298171002523619,C.Newton
2016,2016_16_BAL_PIT,BAL,00-0026158,47,5.219419434028685,J.Flacco
2016,2016_16_BAL_PIT,PIT,00-0022924,31,4.184286949435161,B.Roethlisberger
2016,2016_16_CIN_HOU,CIN,00-0027973,44,-5.680333833941107,A.Dalton
2016,2016_16_CIN_HOU,HOU,00-0031064,33,-8.792662394027632,T.Savage
2016,2016_16_DEN_KC,DEN,00-0032156,43,-10.414003821990825,T.Siemian
2016,2016_16_DEN_KC,KC,00-0023436,36,1.055404076729996,A.Smith
2016,2016_16_DEN_KC,KC,00-0029688,1,2.2973533822223544,D.Poe
2016,2016_16_DET_DAL,DAL,00-0027902,1,1.7572321020415984,D.Bryant
2016,2016_16_DET_DAL,DAL,00-0033077,21,16.592223862593528,D.Prescott
2016,2016_16_DET_DAL,DET,00-0026498,50,-2.981870563804093,M.Stafford
2016,2016_16_IND_OAK,IND,00-0029668,30,10.257164217437476,A.Luck
2016,2016_16_IND_OAK,LV,00-0030419,3,-0.1018271247157827,M.McGloin
2016,2016_16_IND_OAK,LV,00-0031280,32,11.12599406769732,D.Carr
2016,2016_16_MIA_BUF,BUF,00-0028118,41,18.52371002091149,T.Taylor
2016,2016_16_MIA_BUF,MIA,00-0025708,29,7.2499567390413056,M.Moore
2016,2016_16_MIN_GB,GB,00-0023459,42,11.575175118857782,A.Rodgers
2016,2016_16_MIN_GB,GB,00-0031589,1,-0.53352114954032,B.Hundley
2016,2016_16_MIN_GB,MIN,00-0027854,54,8.733631961127816,S.Bradford
2016,2016_16_NYG_PHI,NYG,00-0022803,63,-3.311488256744569,E.Manning
2016,2016_16_NYG_PHI,PHI,00-0026544,1,1.5969057810143568,C.Daniel
2016,2016_16_NYG_PHI,PHI,00-0032950,23,-0.9557145480276863,C.Wentz
2016,2016_16_NYJ_NE,NE,00-0019596,28,12.429932066112793,T.Brady
2016,2016_16_NYJ_NE,NE,00-0031345,2,-0.20198040967807174,J.Garoppolo
2016,2016_16_NYJ_NE,NYJ,00-0023682,21,-8.1923333401274,R.Fitzpatrick
2016,2016_16_NYJ_NE,NYJ,00-0031568,5,-7.072273966157809,B.Petty
2016,2016_16_SD_CLE,CLE,00-0029665,32,-1.7637777793177898,R.Griffin
2016,2016_16_SD_CLE,CLE,00-0033104,5,-2.7653268243884668,C.Kessler
2016,2016_16_SD_CLE,LAC,00-0022942,45,9.879011372623307,P.Rivers
2016,2016_16_SF_LA,LA,00-0033106,28,-13.11168598831864,J.Goff
2016,2016_16_SF_LA,SF,00-0027974,41,5.2551464677089825,C.Kaepernick
2016,2016_16_TB_NO,NO,00-0020531,36,8.009202683279192,D.Brees
2016,2016_16_TB_NO,TB,00-0031503,37,7.017403144990621,J.Winston
2016,2016_16_TEN_JAX,JAX,00-0031407,40,13.053827234537298,B.Bortles
2016,2016_16_TEN_JAX,JAX,00-0031431,1,2.714935635041911,M.Lee
2016,2016_16_TEN_JAX,TEN,00-0023662,23,-6.906263597891666,M.Cassel
2016,2016_16_TEN_JAX,TEN,00-0032268,22,0.4754798147268984,M.Mariota
2016,2016_16_WAS_CHI,CHI,00-0030533,41,-5.517094490015607,M.Barkley
2016,2016_16_WAS_CHI,WAS,00-0029604,29,5.933200827589365,K.Cousins
2016,2016_17_ARI_LA,ARI,00-0021429,39,7.720991225161992,C.Palmer
2016,2016_17_ARI_LA,ARI,00-0025430,4,-2.3198695314931683,D.Stanton
2016,2016_17_ARI_LA,LA,00-0028872,1,2.3060158148873597,J.Hekker
2016,2016_17_ARI_LA,LA,00-0032245,6,-12.610296838334762,S.Mannion
2016,2016_17_ARI_LA,LA,00-0033106,27,-16.946433203376692,J.Goff
2016,2016_17_ARI_LA,LA,00-0033111,1,-7.610064131906256,P.Cooper
2016,2016_17_BAL_CIN,BAL,00-0026158,52,-12.118523099372396,J.Flacco
2016,2016_17_BAL_CIN,BAL,00-0028012,2,-1.9811723162420094,R.Mallett
2016,2016_17_BAL_CIN,CIN,00-0027973,28,5.0269894084726445,A.Dalton
2016,2016_17_BUF_NYJ,BUF,00-0030526,22,-6.133824582768769,E.Manuel
2016,2016_17_BUF_NYJ,BUF,00-0033098,12,-8.04058968659956,C.Jones
2016,2016_17_BUF_NYJ,NYJ,00-0023682,31,5.348763266735259,R.Fitzpatrick
2016,2016_17_CAR_TB,CAR,00-0027939,36,-6.405938431776874,C.Newton
2016,2016_17_CAR_TB,TB,00-0031503,38,-10.788742643090869,J.Winston
2016,2016_17_CHI_MIN,CHI,00-0030533,15,-8.783007705317797,M.Barkley
2016,2016_17_CHI_MIN,CHI,00-0031076,6,-2.2586181573569775,D.Fales
2016,2016_17_CHI_MIN,CHI,00-0031912,1,2.0902007045806386,C.Meredith
2016,2016_17_CHI_MIN,MIN,00-0020679,1,-3.01699171011569,S.Hill
2016,2016_17_CHI_MIN,MIN,00-0027854,33,12.732792691957759,S.Bradford
2016,2016_17_CLE_PIT,CLE,00-0029665,44,1.9198633336195732,R.Griffin
2016,2016_17_CLE_PIT,PIT,00-0030524,41,8.322990577493329,L.Jones
2016,2016_17_DAL_PHI,DAL,00-0021678,4,3.706004136125557,T.Romo
2016,2016_17_DAL_PHI,DAL,00-0026898,20,-13.6602929575812,M.Sanchez
2016,2016_17_DAL_PHI,DAL,00-0033077,8,-0.5334894015877354,D.Prescott
2016,2016_17_DAL_PHI,PHI,00-0032950,45,1.6764524058910397,C.Wentz
2016,2016_17_GB_DET,DET,00-0026498,43,9.791066874474113,M.Stafford
2016,2016_17_GB_DET,GB,00-0023459,41,16.640350567988566,A.Rodgers
2016,2016_17_HOU_TEN,HOU,00-0029682,42,4.903285182176322,B.Osweiler
2016,2016_17_HOU_TEN,HOU,00-0031064,9,-7.17071321234107,T.Savage
2016,2016_17_HOU_TEN,TEN,00-0023662,30,-2.376949394156901,M.Cassel
2016,2016_17_JAX_IND,IND,00-0029668,42,5.286398114617993,A.Luck
2016,2016_17_JAX_IND,JAX,00-0031407,41,0.2550251746861083,B.Bortles
2016,2016_17_KC_SD,KC,00-0023436,29,10.235332470511063,A.Smith
2016,2016_17_KC_SD,LAC,00-0022942,38,2.7417843814589267,P.Rivers
2016,2016_17_NE_MIA,MIA,00-0025708,34,5.51520913024433,M.Moore
2016,2016_17_NE_MIA,NE,00-0019596,33,15.325837229803998,T.Brady
2016,2016_17_NE_MIA,NE,00-0031345,1,-0.7555448330240324,J.Garoppolo
2016,2016_17_NO_ATL,ATL,00-0026143,37,17.979193255506985,M.Ryan
2016,2016_17_NO_ATL,NO,00-0020531,52,6.37757560794724,D.Brees
2016,2016_17_NYG_WAS,NYG,00-0022803,28,-0.686371595984367,E.Manning
2016,2016_17_NYG_WAS,WAS,00-0029604,39,-4.362095550706011,K.Cousins
2016,2016_17_OAK_DEN,DEN,00-0032156,27,6.865229503631728,T.Siemian
2016,2016_17_OAK_DEN,LV,00-0030419,11,-4.604569359216839,M.McGloin
2016,2016_17_OAK_DEN,LV,00-0032893,24,-13.115068341445177,C.Cook
2016,2016_17_SEA_SF,SEA,00-0029263,33,6.247188312525635,R.Wilson
2016,2016_17_SEA_SF,SEA,00-0032462,7,0.8827169156284072,T.Boykin
2016,2016_17_SEA_SF,SF,00-0027974,27,4.298939456755761,C.Kaepernick
2016,2016_18_DET_SEA,DET,00-0026498,35,-7.239279515293468,M.Stafford
2016,2016_18_DET_SEA,SEA,00-0029263,33,12.296971717726704,R.Wilson
2016,2016_18_MIA_PIT,MIA,00-0025708,42,-2.719736481267482,M.Moore
2016,2016_18_MIA_PIT,PIT,00-0022924,19,2.7430678109512296,B.Roethlisberger
2016,2016_18_NYG_GB,GB,00-0023459,45,13.123488786192517,A.Rodgers
2016,2016_18_NYG_GB,NYG,00-0022803,46,-5.9341416270079375,E.Manning
2016,2016_18_OAK_HOU,HOU,00-0029682,25,0.3763960985227075,B.Osweiler
2016,2016_18_OAK_HOU,LV,00-0032893,48,-22.59158939390909,C.Cook
2016,2016_19_GB_DAL,DAL,00-0033077,39,5.622074532061706,D.Prescott
2016,2016_19_GB_DAL,GB,00-0023459,46,13.728938005874305,A.Rodgers
2016,2016_19_HOU_NE,HOU,00-0029682,43,-18.99923273958268,B.Osweiler
2016,2016_19_HOU_NE,NE,00-0019596,40,-0.13570975977927446,T.Brady
2016,2016_19_PIT_KC,KC,00-0023436,36,-3.3176976056180054,A.Smith
2016,2016_19_PIT_KC,PIT,00-0022924,32,-4.127135261719433,B.Roethlisberger
2016,2016_19_SEA_ATL,ATL,00-0026143,40,16.187393911431542,M.Ryan
2016,2016_19_SEA_ATL,SEA,00-0029263,33,-2.54975887338962,R.Wilson
2016,2016_20_GB_ATL,ATL,00-0026143,38,31.05339689226816,M.Ryan
2016,2016_20_GB_ATL,GB,00-0023459,47,8.730690097749264,A.Rodgers
2016,2016_20_PIT_NE,NE,00-0019596,43,17.67278455860504,T.Brady
2016,2016_20_PIT_NE,PIT,00-0022924,48,8.15385610352082,B.Roethlisberger
2016,2016_21_NE_ATL,ATL,00-0026143,27,3.762964369467227,M.Ryan
2016,2016_21_NE_ATL,NE,00-0019596,67,8.93245327857148,T.Brady
2016,2016_21_NE_ATL,NE,00-0027150,1,-1.8544919956475496,J.Edelman
2017,2017_01_ARI_DET,ARI,00-0021429,50,-10.9967784725128,C.Palmer
2017,2017_01_ARI_DET,DET,00-0026498,44,-2.884408280519157,M.Stafford
2017,2017_01_ATL_CHI,ATL,00-0026143,32,13.515724543434727,M.Ryan
2017,2017_01_ATL_CHI,CHI,00-0030520,44,-6.959356361303449,M.Glennon
2017,2017_01_BAL_CIN,BAL,00-0026158,18,-0.33616890582106107,J.Flacco
2017,2017_01_BAL_CIN,CIN,00-0027973,36,-29.3641997606901,A.Dalton
2017,2017_01_CAR_SF,CAR,00-0027939,24,2.6765118611342715,C.Newton
2017,2017_01_CAR_SF,SF,00-0026625,39,-15.565704636508599,B.Hoyer
2017,2017_01_IND_LA,IND,00-0028595,22,-22.61561008038051,S.Tolzien
2017,2017_01_IND_LA,IND,00-0033119,3,2.1368086596485227,J.Brissett
2017,2017_01_IND_LA,LA,00-0032245,1,-0.16481252433732152,S.Mannion
2017,2017_01_IND_LA,LA,00-0033106,30,10.693913710332072,J.Goff
2017,2017_01_JAX_HOU,HOU,00-0031064,19,-21.26434271701146,T.Savage
2017,2017_01_JAX_HOU,HOU,00-0033537,27,-17.281068808719283,D.Watson
2017,2017_01_JAX_HOU,JAX,00-0031407,21,1.9233279938492993,B.Bortles
2017,2017_01_KC_NE,KC,00-0023436,38,17.56072515103733,A.Smith
2017,2017_01_KC_NE,NE,00-0019596,39,1.7539015571237542,T.Brady
2017,2017_01_LAC_DEN,DEN,00-0032156,32,5.648910077914657,T.Siemian
2017,2017_01_LAC_DEN,LAC,00-0022942,34,2.61878241105674,P.Rivers
2017,2017_01_NO_MIN,MIN,00-0027854,33,21.09610446850119,S.Bradford
2017,2017_01_NO_MIN,NO,00-0020531,38,9.74175846369394,D.Brees
2017,2017_01_NYG_DAL,DAL,00-0033077,39,6.024034343491987,D.Prescott
2017,2017_01_NYG_DAL,NYG,00-0022803,41,-6.144037329682906,E.Manning
2017,2017_01_NYJ_BUF,BUF,00-0028118,30,4.1057172828004695,T.Taylor
2017,2017_01_NYJ_BUF,NYJ,00-0021206,41,-12.847889092306808,J.McCown
2017,2017_01_OAK_TEN,LV,00-0031280,34,9.318015027690697,D.Carr
2017,2017_01_OAK_TEN,TEN,00-0032268,42,4.67399288357085,M.Mariota
2017,2017_01_PHI_WAS,PHI,00-0032950,42,9.532346612810954,C.Wentz
2017,2017_01_PHI_WAS,WAS,00-0029604,44,-14.475259981565966,K.Cousins
2017,2017_01_PIT_CLE,CLE,00-0033899,37,-2.4921993902535178,D.Kizer
2017,2017_01_PIT_CLE,PIT,00-0022924,37,4.366299214656465,B.Roethlisberger
2017,2017_01_SEA_GB,GB,00-0023459,46,2.171717921037695,A.Rodgers
2017,2017_01_SEA_GB,SEA,00-0029263,30,-10.328035497570495,R.Wilson
2017,2017_02_ARI_IND,ARI,00-0021429,40,1.3363821162992866,C.Palmer
2017,2017_02_ARI_IND,IND,00-0033119,41,-6.008176432997461,J.Brissett
2017,2017_02_BUF_CAR,BUF,00-0028118,28,-5.8643836536692895,T.Taylor
2017,2017_02_BUF_CAR,CAR,00-0027939,38,-0.9601474573755708,C.Newton
2017,2017_02_CHI_TB,CHI,00-0030520,46,-6.689081509364769,M.Glennon
2017,2017_02_CHI_TB,TB,00-0023682,1,-0.9053828078322113,R.Fitzpatrick
2017,2017_02_CHI_TB,TB,00-0031503,32,7.860234268063851,J.Winston
2017,2017_02_CLE_BAL,BAL,00-0026158,36,6.668946375061708,J.Flacco
2017,2017_02_CLE_BAL,CLE,00-0032784,12,2.1290780997659366,K.Hogan
2017,2017_02_CLE_BAL,CLE,00-0033899,33,-15.624788271263242,D.Kizer
2017,2017_02_DAL_DEN,DAL,00-0033077,52,-18.654668390398577,D.Prescott
2017,2017_02_DAL_DEN,DEN,00-0032156,34,5.706209659112172,T.Siemian
2017,2017_02_DET_NYG,DET,00-0026498,24,-0.9135724754846981,M.Stafford
2017,2017_02_DET_NYG,NYG,00-0022803,37,-8.44907601873274,E.Manning
2017,2017_02_GB_ATL,ATL,00-0026143,31,8.631228226321229,M.Ryan
2017,2017_02_GB_ATL,GB,00-0023459,54,4.398551010917802,A.Rodgers
2017,2017_02_HOU_CIN,CIN,00-0027973,38,-9.405793932922073,A.Dalton
2017,2017_02_HOU_CIN,HOU,00-0033537,27,-4.7893993583606225,D.Watson
2017,2017_02_MIA_LAC,LAC,00-0022942,40,11.509182655356804,P.Rivers
2017,2017_02_MIA_LAC,MIA,00-0024226,35,8.720214477728994,J.Cutler
2017,2017_02_MIA_LAC,MIA,00-0031382,1,-0.4277720359386876,J.Landry
2017,2017_02_MIN_PIT,MIN,00-0028986,39,-9.502037767529304,C.Keenum
2017,2017_02_MIN_PIT,MIN,00-0029493,1,-2.6640026818495244,R.Quigley
2017,2017_02_MIN_PIT,PIT,00-0022924,37,4.236415731875784,B.Roethlisberger
2017,2017_02_NE_NO,NE,00-0019596,41,25.089682552623373,T.Brady
2017,2017_02_NE_NO,NO,00-0020531,45,2.5924650042380986,D.Brees
2017,2017_02_NYJ_OAK,LV,00-0031280,28,16.918562717881287,D.Carr
2017,2017_02_NYJ_OAK,NYJ,00-0021206,28,-1.0678137317203031,J.McCown
2017,2017_02_PHI_KC,KC,00-0023436,32,4.083273499759162,A.Smith
2017,2017_02_PHI_KC,PHI,00-0032950,52,3.66579055905399,C.Wentz
2017,2017_02_SF_SEA,SEA,00-0029263,42,-1.9908489263845879,R.Wilson
2017,2017_02_SF_SEA,SF,00-0026625,29,-15.90883575279266,B.Hoyer
2017,2017_02_TEN_JAX,JAX,00-0031407,37,-10.573254897669646,B.Bortles
2017,2017_02_TEN_JAX,TEN,00-0032268,28,3.5227367619094356,M.Mariota
2017,2017_02_WAS_LA,LA,00-0028872,1,4.4090333031490445,J.Hekker
2017,2017_02_WAS_LA,LA,00-0033106,26,0.4832027188961767,J.Goff
2017,2017_02_WAS_LA,WAS,00-0029604,29,5.362362907903584,K.Cousins
2017,2017_03_ATL_DET,ATL,00-0026143,37,-5.598445749078715,M.Ryan
2017,2017_03_ATL_DET,DET,00-0026498,47,-4.98343012068051,M.Stafford
2017,2017_03_BAL_JAX,BAL,00-0026158,20,-19.04083689377876,J.Flacco
2017,2017_03_BAL_JAX,BAL,00-0028012,9,0.9251651564845815,R.Mallett
2017,2017_03_BAL_JAX,JAX,00-0026197,2,-2.141747591085732,C.Henne
2017,2017_03_BAL_JAX,JAX,00-0031407,31,16.043963097706758,B.Bortles
2017,2017_03_CIN_GB,CIN,00-0027973,30,6.120329956164891,A.Dalton
2017,2017_03_CIN_GB,GB,00-0023459,48,-4.848426358659065,A.Rodgers
2017,2017_03_CLE_IND,CLE,00-0033899,48,-6.516964472393738,D.Kizer
2017,2017_03_CLE_IND,IND,00-0033119,27,6.673906040718599,J.Brissett
2017,2017_03_DAL_ARI,ARI,00-0021429,54,1.2117906181686027,C.Palmer
2017,2017_03_DAL_ARI,DAL,00-0033077,19,3.7008593581267633,D.Prescott
2017,2017_03_DEN_BUF,BUF,00-0028118,30,5.605681494352618,T.Taylor
2017,2017_03_DEN_BUF,DEN,00-0032156,43,-6.811343601784211,T.Siemian
2017,2017_03_HOU_NE,HOU,00-0033537,35,6.6951108727188196,D.Watson
2017,2017_03_HOU_NE,NE,00-0019596,41,11.574861319080927,T.Brady
2017,2017_03_KC_LAC,KC,00-0023436,26,-2.977461075815584,A.Smith
2017,2017_03_KC_LAC,LAC,00-0022942,42,-10.303560873260722,P.Rivers
2017,2017_03_LA_SF,LA,00-0033106,28,22.501889730672232,J.Goff
2017,2017_03_LA_SF,SF,00-0026625,42,1.7133655436490507,B.Hoyer
2017,2017_03_MIA_NYJ,MIA,00-0024226,47,-11.26197329122806,J.Cutler
2017,2017_03_MIA_NYJ,MIA,00-0033400,1,-1.3209619605913758,M.Haack
2017,2017_03_MIA_NYJ,NYJ,00-0021206,25,10.586497476111091,J.McCown
2017,2017_03_NO_CAR,CAR,00-0023645,7,-2.828233440290205,D.Anderson
2017,2017_03_NO_CAR,CAR,00-0027939,30,-15.555345150331569,C.Newton
2017,2017_03_NO_CAR,NO,00-0020531,30,12.856830931815825,D.Brees
2017,2017_03_NYG_PHI,NYG,00-0022803,47,8.630013820722255,E.Manning
2017,2017_03_NYG_PHI,PHI,00-0032950,34,-3.764797169191007,C.Wentz
2017,2017_03_OAK_WAS,LV,00-0031280,35,-22.95935154520284,D.Carr
2017,2017_03_OAK_WAS,WAS,00-0029604,31,20.017716776070667,K.Cousins
2017,2017_03_PIT_CHI,CHI,00-0030520,24,-7.348864349216456,M.Glennon
2017,2017_03_PIT_CHI,PIT,00-0022924,42,-3.83252494209971,B.Roethlisberger
2017,2017_03_SEA_TEN,SEA,00-0029263,51,10.31551279708231,R.Wilson
2017,2017_03_SEA_TEN,TEN,00-0032268,31,2.259044510712604,M.Mariota
2017,2017_03_TB_MIN,MIN,00-0028986,33,20.775587012735038,C.Keenum
2017,2017_03_TB_MIN,TB,00-0031503,42,-0.37017725137435953,J.Winston
2017,2017_04_BUF_ATL,ATL,00-0026143,43,-11.018139822801597,M.Ryan
2017,2017_04_BUF_ATL,BUF,00-0028118,23,4.287529955511237,T.Taylor
2017,2017_04_CAR_NE,CAR,00-0027939,31,20.444948442687746,C.Newton
2017,2017_04_CAR_NE,NE,00-0019596,48,9.75852805372757,T.Brady
2017,2017_04_CHI_GB,CHI,00-0030520,34,-5.450456441393497,M.Glennon
2017,2017_04_CHI_GB,GB,00-0023459,28,10.812180428940337,A.Rodgers
2017,2017_04_CHI_GB,GB,00-0031589,1,-0.5545822973363101,B.Hundley
2017,2017_04_CIN_CLE,CIN,00-0027973,33,12.669412998326141,A.Dalton
2017,2017_04_CIN_CLE,CLE,00-0032784,9,1.292495532979956,K.Hogan
2017,2017_04_CIN_CLE,CLE,00-0033899,35,-14.937745633121693,D.Kizer
2017,2017_04_DET_MIN,DET,00-0026498,38,-2.320318493915707,M.Stafford
2017,2017_04_DET_MIN,MIN,00-0028986,32,-4.759232060538384,C.Keenum
2017,2017_04_IND_SEA,IND,00-0033119,33,-15.766888169409086,J.Brissett
2017,2017_04_IND_SEA,SEA,00-0029263,30,11.439553007649868,R.Wilson
2017,2017_04_JAX_NYJ,JAX,00-0031407,36,-11.94596943090246,B.Bortles
2017,2017_04_JAX_NYJ,NYJ,00-0021206,35,-3.745771235985969,J.McCown
2017,2017_04_JAX_NYJ,NYJ,00-0032449,1,2.48630293936003,L.Edwards
2017,2017_04_LA_DAL,DAL,00-0033077,38,3.7929642737917595,D.Prescott
2017,2017_04_LA_DAL,LA,00-0033106,37,6.8767468498902655,J.Goff
2017,2017_04_NO_MIA,MIA,00-0024226,32,-9.650678538542707,J.Cutler
2017,2017_04_NO_MIA,NO,00-0020531,41,15.194764987556491,D.Brees
2017,2017_04_NYG_TB,NYG,00-0022803,49,8.178975661779987,E.Manning
2017,2017_04_NYG_TB,TB,00-0031503,40,5.929557666596535,J.Winston
2017,2017_04_OAK_DEN,DEN,00-0032156,30,0.9185273774719129,T.Siemian
2017,2017_04_OAK_DEN,LV,00-0030526,18,-1.7383439340295497,E.Manuel
2017,2017_04_OAK_DEN,LV,00-0031280,20,-0.18883386527886614,D.Carr
2017,2017_04_PHI_LAC,LAC,00-0022942,40,11.079447538502613,P.Rivers
2017,2017_04_PHI_LAC,PHI,00-0032950,32,11.815898320977954,C.Wentz
2017,2017_04_PIT_BAL,BAL,00-0026158,51,-11.611048871912026,J.Flacco
2017,2017_04_PIT_BAL,PIT,00-0022924,32,3.864860048826017,B.Roethlisberger
2017,2017_04_SF_ARI,ARI,00-0021429,57,-2.378461149281065,C.Palmer
2017,2017_04_SF_ARI,SF,00-0026625,52,-7.185287423197121,B.Hoyer
2017,2017_04_TEN_HOU,HOU,00-0031064,1,-1.5276060508331284,T.Savage
2017,2017_04_TEN_HOU,HOU,00-0033537,35,19.51309659082792,D.Watson
2017,2017_04_TEN_HOU,TEN,00-0023662,12,-22.404021326627117,M.Cassel
2017,2017_04_TEN_HOU,TEN,00-0032268,10,-1.1156246773898602,M.Mariota
2017,2017_04_WAS_KC,KC,00-0023436,40,7.74399660498557,A.Smith
2017,2017_04_WAS_KC,WAS,00-0029604,24,9.60963023577979,K.Cousins
2017,2017_05_ARI_PHI,ARI,00-0021429,46,2.056290352934468,C.Palmer
2017,2017_05_ARI_PHI,PHI,00-0032950,31,17.590919203835817,C.Wentz
2017,2017_05_BAL_OAK,BAL,00-0026158,26,8.878376485561322,J.Flacco
2017,2017_05_BAL_OAK,LV,00-0030526,29,-1.4066921579664395,E.Manuel
2017,2017_05_BUF_CIN,BUF,00-0028118,43,-6.241334682284649,T.Taylor
2017,2017_05_BUF_CIN,CIN,00-0027973,37,6.440853851963288,A.Dalton
2017,2017_05_CAR_DET,CAR,00-0027939,36,17.28639675305656,C.Newton
2017,2017_05_CAR_DET,DET,00-0026498,41,-6.222526245994986,M.Stafford
2017,2017_05_GB_DAL,DAL,00-0033077,37,5.509405568176861,D.Prescott
2017,2017_05_GB_DAL,GB,00-0023459,34,10.472649655637273,A.Rodgers
2017,2017_05_JAX_PIT,JAX,00-0031407,16,-2.1215963620343246,B.Bortles
2017,2017_05_JAX_PIT,PIT,00-0022924,56,-19.493768530961923,B.Roethlisberger
2017,2017_05_KC_HOU,HOU,00-0033537,34,12.381768341380171,D.Watson
2017,2017_05_KC_HOU,KC,00-0023436,39,26.862311164788334,A.Smith
2017,2017_05_LAC_NYG,LAC,00-0022942,44,4.350676966576202,P.Rivers
2017,2017_05_LAC_NYG,NYG,00-0022803,42,-9.536285429450682,E.Manning
2017,2017_05_MIN_CHI,CHI,00-0031079,1,6.29359512636438,P.O'Donnell
2017,2017_05_MIN_CHI,CHI,00-0033869,26,-13.98436836421024,M.Trubisky
2017,2017_05_MIN_CHI,MIN,00-0027854,15,-8.081198960947704,S.Bradford
2017,2017_05_MIN_CHI,MIN,00-0028986,21,4.590368634730112,C.Keenum
2017,2017_05_NE_TB,NE,00-0019596,43,2.653190368838154,T.Brady
2017,2017_05_NE_TB,TB,00-0031503,47,0.23413105656794553,J.Winston
2017,2017_05_NYJ_CLE,CLE,00-0032784,19,6.897918993839994,K.Hogan
2017,2017_05_NYJ_CLE,CLE,00-0033899,18,-6.253429067799614,D.Kizer
2017,2017_05_NYJ_CLE,NYJ,00-0021206,33,-0.49564869670061107,J.McCown
2017,2017_05_SEA_LA,LA,00-0033106,48,-9.038227994736456,J.Goff
2017,2017_05_SEA_LA,SEA,00-0029263,39,-7.165225793319243,R.Wilson
2017,2017_05_SEA_LA,SEA,00-0032475,1,-2.076302295550704,T.McEvoy
2017,2017_05_SF_IND,IND,00-0033119,38,0.6709222968201978,J.Brissett
2017,2017_05_SF_IND,SF,00-0026625,48,14.966218616768014,B.Hoyer
2017,2017_05_TEN_MIA,MIA,00-0024226,27,-12.487029255919028,J.Cutler
2017,2017_05_TEN_MIA,MIA,00-0029878,1,-0.3691921569406986,M.Gray
2017,2017_05_TEN_MIA,TEN,00-0023662,38,-15.802568767199519,M.Cassel
2017,2017_06_CHI_BAL,BAL,00-0026158,45,-23.793702990320252,J.Flacco
2017,2017_06_CHI_BAL,CHI,00-0033556,1,3.5461971901822835,T.Cohen
2017,2017_06_CHI_BAL,CHI,00-0033869,20,-4.860591347240279,M.Trubisky
2017,2017_06_CLE_HOU,CLE,00-0032784,41,-25.03751477880331,K.Hogan
2017,2017_06_CLE_HOU,HOU,00-0033537,30,-1.0917233480647326,D.Watson
2017,2017_06_DET_NO,DET,00-0026498,57,-25.051499210979955,M.Stafford
2017,2017_06_DET_NO,NO,00-0020531,30,-10.26774504352171,D.Brees
2017,2017_06_GB_MIN,GB,00-0023459,4,-1.6521385284140706,A.Rodgers
2017,2017_06_GB_MIN,GB,00-0031589,37,-13.447669003605087,B.Hundley
2017,2017_06_GB_MIN,MIN,00-0028986,38,-1.396623487237565,C.Keenum
2017,2017_06_IND_TEN,IND,00-0033119,38,0.3393787559290691,J.Brissett
2017,2017_06_IND_TEN,TEN,00-0032268,33,3.9585591114274186,M.Mariota
2017,2017_06_LAC_OAK,LAC,00-0022942,37,7.914049455935111,P.Rivers
2017,2017_06_LAC_OAK,LV,00-0031280,31,-7.787864608497189,D.Carr
2017,2017_06_LA_JAX,JAX,00-0031407,40,-7.5150006642336535,B.Bortles
2017,2017_06_LA_JAX,LA,00-0033106,24,-3.498888907348583,J.Goff
2017,2017_06_MIA_ATL,ATL,00-0026143,36,3.963621374824494,M.Ryan
2017,2017_06_MIA_ATL,MIA,00-0024226,33,1.4348430730943975,J.Cutler
2017,2017_06_NE_NYJ,NE,00-0019596,38,12.770783685792688,T.Brady
2017,2017_06_NE_NYJ,NYJ,00-0021206,50,9.38219286056078,J.McCown
2017,2017_06_NYG_DEN,DEN,00-0029682,3,0.0342344299715478,B.Osweiler
2017,2017_06_NYG_DEN,DEN,00-0032156,54,-9.248162581646252,T.Siemian
2017,2017_06_NYG_DEN,NYG,00-0022803,22,0.848180848257907,E.Manning
2017,2017_06_PHI_CAR,CAR,00-0027939,54,-13.535482940009917,C.Newton
2017,2017_06_PHI_CAR,PHI,00-0032950,33,0.5534401495190213,C.Wentz
2017,2017_06_PIT_KC,KC,00-0023436,37,0.7453006237831237,A.Smith
2017,2017_06_PIT_KC,PIT,00-0022924,26,3.522620546116345,B.Roethlisberger
2017,2017_06_SF_WAS,SF,00-0026625,12,-7.174072573892772,B.Hoyer
2017,2017_06_SF_WAS,SF,00-0033936,38,6.378531001989264,C.Beathard
2017,2017_06_SF_WAS,WAS,00-0029604,38,18.301831184977182,K.Cousins
2017,2017_06_TB_ARI,ARI,00-0021429,24,9.12084734262218,C.Palmer
2017,2017_06_TB_ARI,TB,00-0023682,36,8.023214952904032,R.Fitzpatrick
2017,2017_06_TB_ARI,TB,00-0031503,10,-0.7265593304764479,J.Winston
2017,2017_07_ARI_LA,ARI,00-0021429,19,-4.548338713589814,C.Palmer
2017,2017_07_ARI_LA,ARI,00-0025430,16,-10.600817758939229,D.Stanton
2017,2017_07_ARI_LA,LA,00-0033106,38,3.636419584782688,J.Goff
2017,2017_07_ATL_NE,ATL,00-0026143,34,0.2720900162032742,M.Ryan
2017,2017_07_ATL_NE,NE,00-0019596,31,14.046952871611635,T.Brady
2017,2017_07_BAL_MIN,BAL,00-0026158,44,-5.747244961660035,J.Flacco
2017,2017_07_BAL_MIN,MIN,00-0028986,31,-0.04252000338342388,C.Keenum
2017,2017_07_CAR_CHI,CAR,00-0027939,39,-12.750585341953519,C.Newton
2017,2017_07_CAR_CHI,CHI,00-0033869,11,-2.976003487626488,M.Trubisky
2017,2017_07_CIN_PIT,CIN,00-0027973,34,-9.258329484378919,A.Dalton
2017,2017_07_CIN_PIT,PIT,00-0022924,24,5.661554440154264,B.Roethlisberger
2017,2017_07_CIN_PIT,PIT,00-0028954,1,4.970928155875299,R.Golden
2017,2017_07_DAL_SF,DAL,00-0033077,26,14.014642783659045,D.Prescott
2017,2017_07_DAL_SF,DAL,00-0033662,2,-3.471498803177383,C.Rush
2017,2017_07_DAL_SF,SF,00-0033936,43,-17.960801106681174,C.Beathard
2017,2017_07_DEN_LAC,DEN,00-0032156,40,-15.080694627948105,T.Siemian
2017,2017_07_DEN_LAC,LAC,00-0022942,29,0.8682070312206633,P.Rivers
2017,2017_07_JAX_IND,IND,00-0033119,47,-14.932445996673778,J.Brissett
2017,2017_07_JAX_IND,JAX,00-0031407,27,18.101732235234334,B.Bortles
2017,2017_07_JAX_IND,JAX,00-0031431,1,-0.37339910480659455,M.Lee
2017,2017_07_KC_OAK,KC,00-0023436,37,22.002175956677323,A.Smith
2017,2017_07_KC_OAK,LV,00-0031280,52,20.428231230335708,D.Carr
2017,2017_07_NO_GB,GB,00-0031589,26,-6.139097247846969,B.Hundley
2017,2017_07_NO_GB,NO,00-0020531,39,14.260343742037037,D.Brees
2017,2017_07_NYJ_MIA,MIA,00-0024226,18,-0.6507385286677163,J.Cutler
2017,2017_07_NYJ_MIA,MIA,00-0025708,22,4.10388650780078,M.Moore
2017,2017_07_NYJ_MIA,NYJ,00-0021206,30,4.478050368226832,J.McCown
2017,2017_07_SEA_NYG,NYG,00-0022803,40,-17.5741615594878,E.Manning
2017,2017_07_SEA_NYG,SEA,00-0029263,40,12.270051433435192,R.Wilson
2017,2017_07_TB_BUF,BUF,00-0028118,34,11.28186545639036,T.Taylor
2017,2017_07_TB_BUF,TB,00-0031503,45,20.889413243205887,J.Winston
2017,2017_07_TEN_CLE,CLE,00-0033104,21,-5.765820941239768,C.Kessler
2017,2017_07_TEN_CLE,CLE,00-0033899,20,-4.619222642221329,D.Kizer
2017,2017_07_TEN_CLE,TEN,00-0032268,36,2.1455628993395655,M.Mariota
2017,2017_07_WAS_PHI,PHI,00-0032950,28,12.510331258264877,C.Wentz
2017,2017_07_WAS_PHI,WAS,00-0029604,44,1.8772248195596344,K.Cousins
2017,2017_08_ATL_NYJ,ATL,00-0026143,30,9.79023257134303,M.Ryan
2017,2017_08_ATL_NYJ,NYJ,00-0021206,35,6.2267790159852945,J.McCown
2017,2017_08_CAR_TB,CAR,00-0027939,32,-2.211938359059406,C.Newton
2017,2017_08_CAR_TB,TB,00-0031503,41,-16.652682080088923,J.Winston
2017,2017_08_CHI_NO,CHI,00-0033869,35,-9.914652803620784,M.Trubisky
2017,2017_08_CHI_NO,NO,00-0020531,30,6.121450606062368,D.Brees
2017,2017_08_DAL_WAS,DAL,00-0033077,24,0.44949441499942266,D.Prescott
2017,2017_08_DAL_WAS,WAS,00-0029604,43,-6.489363234910867,K.Cousins
2017,2017_08_DEN_KC,DEN,00-0032156,40,-13.248558874204974,T.Siemian
2017,2017_08_DEN_KC,KC,00-0023436,32,-6.544138345362721,A.Smith
2017,2017_08_DEN_KC,KC,00-0033040,1,-5.1403229686548,T.Hill
2017,2017_08_HOU_SEA,HOU,00-0033537,35,9.231133097844822,D.Watson
2017,2017_08_HOU_SEA,SEA,00-0029263,43,14.536105232854101,R.Wilson
2017,2017_08_IND_CIN,CIN,00-0027973,32,8.487690440173086,A.Dalton
2017,2017_08_IND_CIN,IND,00-0033119,43,-4.312649062406891,J.Brissett
2017,2017_08_LAC_NE,LAC,00-0022942,31,1.8997440665782133,P.Rivers
2017,2017_08_LAC_NE,NE,00-0019596,50,9.12134471137032,T.Brady
2017,2017_08_MIA_BAL,BAL,00-0026158,15,1.2494562059214789,J.Flacco
2017,2017_08_MIA_BAL,BAL,00-0028012,8,-2.555913090545684,R.Mallett
2017,2017_08_MIA_BAL,MIA,00-0025708,47,-31.46507013242271,M.Moore
2017,2017_08_MIN_CLE,CLE,00-0033899,37,-11.830431417946176,D.Kizer
2017,2017_08_MIN_CLE,MIN,00-0028986,44,6.244690908988787,C.Keenum
2017,2017_08_OAK_BUF,BUF,00-0028118,27,7.344473164019972,T.Taylor
2017,2017_08_OAK_BUF,LV,00-0031280,49,-0.3889545216807164,D.Carr
2017,2017_08_PIT_DET,DET,00-0026498,47,6.7797600924308234,M.Stafford
2017,2017_08_PIT_DET,PIT,00-0022924,31,10.89399607959271,B.Roethlisberger
2017,2017_08_SF_PHI,PHI,00-0032950,36,-3.24161648155844,C.Wentz
2017,2017_08_SF_PHI,SF,00-0033936,40,-17.46214998494295,C.Beathard
2017,2017_09_ARI_SF,ARI,00-0025430,30,1.8933407168359166,D.Stanton
2017,2017_09_ARI_SF,SF,00-0033936,56,-16.242165038066183,C.Beathard
2017,2017_09_ATL_CAR,ATL,00-0026143,40,-1.4847640123785597,M.Ryan
2017,2017_09_ATL_CAR,CAR,00-0027939,25,-2.5811436107563672,C.Newton
2017,2017_09_BAL_TEN,BAL,00-0024417,1,5.173857766436413,S.Koch
2017,2017_09_BAL_TEN,BAL,00-0026158,54,-0.783656104022949,J.Flacco
2017,2017_09_BAL_TEN,TEN,00-0032268,31,0.34774430590032956,M.Mariota
2017,2017_09_BUF_NYJ,BUF,00-0028118,47,-0.2587674539827276,T.Taylor
2017,2017_09_BUF_NYJ,NYJ,00-0021206,21,5.507205426194958,J.McCown
2017,2017_09_CIN_JAX,CIN,00-0027973,20,-2.327363280171994,A.Dalton
2017,2017_09_CIN_JAX,JAX,00-0031407,38,14.750278605672928,B.Bortles
2017,2017_09_DEN_PHI,DEN,00-0029682,41,-7.654836866442183,B.Osweiler
2017,2017_09_DEN_PHI,PHI,00-0029567,2,-3.167179778305581,N.Foles
2017,2017_09_DEN_PHI,PHI,00-0032950,28,15.300665097698271,C.Wentz
2017,2017_09_DET_GB,DET,00-0026498,34,33.548489813344894,M.Stafford
2017,2017_09_DET_GB,GB,00-0031589,41,-8.855121933386847,B.Hundley
2017,2017_09_IND_HOU,HOU,00-0031064,46,-9.432338712141739,T.Savage
2017,2017_09_IND_HOU,IND,00-0033119,33,0.9364032073793829,J.Brissett
2017,2017_09_KC_DAL,DAL,00-0033077,34,8.589835785795003,D.Prescott
2017,2017_09_KC_DAL,KC,00-0023436,36,2.650572836800647,A.Smith
2017,2017_09_LA_NYG,LA,00-0033106,22,25.026323212862426,J.Goff
2017,2017_09_LA_NYG,NYG,00-0022803,38,1.4746610939275193,E.Manning
2017,2017_09_LA_NYG,NYG,00-0030565,2,-1.5587105160811916,G.Smith
2017,2017_09_OAK_MIA,LV,00-0031280,31,11.993590778660966,D.Carr
2017,2017_09_OAK_MIA,MIA,00-0024226,43,12.04316472443944,J.Cutler
2017,2017_09_TB_NO,NO,00-0020531,28,12.189741831982513,D.Brees
2017,2017_09_TB_NO,TB,00-0023682,17,-7.6028333443376965,R.Fitzpatrick
2017,2017_09_TB_NO,TB,00-0031503,15,-3.8204984955151273,J.Winston
2017,2017_09_WAS_SEA,SEA,00-0029263,48,-2.7689237348792792,R.Wilson
2017,2017_09_WAS_SEA,WAS,00-0029604,37,0.4445826913987392,K.Cousins
2017,2017_10_CIN_TEN,CIN,00-0027973,36,-3.3542790295323357,A.Dalton
2017,2017_10_CIN_TEN,TEN,00-0032268,48,-3.9418448870950056,M.Mariota
2017,2017_10_CLE_DET,CLE,00-0033104,6,-7.127368705580011,C.Kessler
2017,2017_10_CLE_DET,CLE,00-0033899,38,-0.7103268811980161,D.Kizer
2017,2017_10_CLE_DET,DET,00-0026498,30,2.306896189347464,M.Stafford
2017,2017_10_DAL_ATL,ATL,00-0026143,30,10.38711172970061,M.Ryan
2017,2017_10_DAL_ATL,DAL,00-0033077,38,-11.763051817264241,D.Prescott
2017,2017_10_GB_CHI,CHI,00-0033869,40,4.420296231509752,M.Trubisky
2017,2017_10_GB_CHI,GB,00-0031589,28,6.650828434416383,B.Hundley
2017,2017_10_HOU_LA,HOU,00-0031064,39,-17.147965737710535,T.Savage
2017,2017_10_HOU_LA,LA,00-0028872,1,-2.2480251833912916,J.Hekker
2017,2017_10_HOU_LA,LA,00-0033106,40,9.203178211586657,J.Goff
2017,2017_10_LAC_JAX,JAX,00-0031407,55,-8.576178732325042,B.Bortles
2017,2017_10_LAC_JAX,LAC,00-0022942,37,-0.29448160953295677,P.Rivers
2017,2017_10_MIA_CAR,CAR,00-0027939,35,19.627076838909865,C.Newton
2017,2017_10_MIA_CAR,MIA,00-0024226,37,5.466564233065583,J.Cutler
2017,2017_10_MIN_WAS,MIN,00-0028986,29,16.26709000852918,C.Keenum
2017,2017_10_MIN_WAS,WAS,00-0029604,46,3.0849411184370346,K.Cousins
2017,2017_10_NE_DEN,DEN,00-0029682,33,-0.6812333424444574,B.Osweiler
2017,2017_10_NE_DEN,NE,00-0019596,35,11.874299223489622,T.Brady
2017,2017_10_NE_DEN,NE,00-0026625,3,0.9090714501799084,B.Hoyer
2017,2017_10_NO_BUF,BUF,00-0028118,20,-13.976262462083064,T.Taylor
2017,2017_10_NO_BUF,BUF,00-0033958,10,5.084323030197993,N.Peterman
2017,2017_10_NO_BUF,NO,00-0020531,25,13.76107265174744,D.Brees
2017,2017_10_NYG_SF,NYG,00-0022803,40,8.579226597555866,E.Manning
2017,2017_10_NYG_SF,SF,00-0033936,25,19.12749673188978,C.Beathard
2017,2017_10_NYJ_TB,NYJ,00-0021206,45,-3.18204775598133,J.McCown
2017,2017_10_NYJ_TB,TB,00-0023682,35,-0.9054193620934763,R.Fitzpatrick
2017,2017_10_PIT_IND,IND,00-0033119,27,0.8963516618846556,J.Brissett
2017,2017_10_PIT_IND,PIT,00-0022924,33,7.734623911685473,B.Roethlisberger
2017,2017_10_SEA_ARI,ARI,00-0025430,49,-1.6394810881714745,D.Stanton
2017,2017_10_SEA_ARI,SEA,00-0029263,36,5.226881906084227,R.Wilson
2017,2017_11_ARI_HOU,ARI,00-0027948,36,0.23907903072540648,B.Gabbert
2017,2017_11_ARI_HOU,HOU,00-0031064,33,0.7884455513010331,T.Savage
2017,2017_11_ATL_SEA,ATL,00-0026143,28,12.498249238849464,M.Ryan
2017,2017_11_ATL_SEA,SEA,00-0023742,1,-2.359139459207654,J.Ryan
2017,2017_11_ATL_SEA,SEA,00-0029263,45,-1.1962361561516621,R.Wilson
2017,2017_11_BAL_GB,BAL,00-0026158,31,-6.200586802511379,J.Flacco
2017,2017_11_BAL_GB,GB,00-0031589,42,-29.29620542403427,B.Hundley
2017,2017_11_BUF_LAC,BUF,00-0028118,26,3.28060568443645,T.Taylor
2017,2017_11_BUF_LAC,BUF,00-0033958,14,-21.57139035651926,N.Peterman
2017,2017_11_BUF_LAC,LAC,00-0022942,32,9.9312620272021,P.Rivers
2017,2017_11_BUF_LAC,LAC,00-0024264,5,2.8222428977605887,K.Clemens
2017,2017_11_CIN_DEN,CIN,00-0027973,27,4.951331271848176,A.Dalton
2017,2017_11_CIN_DEN,DEN,00-0029682,45,-7.52183060696018,B.Osweiler
2017,2017_11_DET_CHI,CHI,00-0033869,31,3.87605364278164,M.Trubisky
2017,2017_11_DET_CHI,DET,00-0026498,34,11.336951111635434,M.Stafford
2017,2017_11_JAX_CLE,CLE,00-0033899,37,-31.420427620294504,D.Kizer
2017,2017_11_JAX_CLE,JAX,00-0031407,32,-6.408157021204025,B.Bortles
2017,2017_11_KC_NYG,KC,00-0023436,41,-10.301689480762459,A.Smith
2017,2017_11_KC_NYG,KC,00-0030506,1,-2.9973920532502234,T.Kelce
2017,2017_11_KC_NYG,NYG,00-0022803,35,0.05492392186078732,E.Manning
2017,2017_11_KC_NYG,NYG,00-0027994,1,-4.046502808923833,S.Vereen
2017,2017_11_LA_MIN,LA,00-0033106,38,0.761479185661301,J.Goff
2017,2017_11_LA_MIN,MIN,00-0028986,38,12.213733120606978,C.Keenum
2017,2017_11_NE_OAK,LV,00-0031280,51,1.2870347862627822,D.Carr
2017,2017_11_NE_OAK,NE,00-0019596,38,19.603818314353475,T.Brady
2017,2017_11_PHI_DAL,DAL,00-0033077,35,-28.426936648700117,D.Prescott
2017,2017_11_PHI_DAL,DAL,00-0033662,1,-0.8632725204806775,C.Rush
2017,2017_11_PHI_DAL,PHI,00-0032950,28,9.492371804602522,C.Wentz
2017,2017_11_TB_MIA,MIA,00-0024226,12,-7.985975877789315,J.Cutler
2017,2017_11_TB_MIA,MIA,00-0025708,29,15.268213222874085,M.Moore
2017,2017_11_TB_MIA,TB,00-0023682,38,6.33931985134498,R.Fitzpatrick
2017,2017_11_TEN_PIT,PIT,00-0022924,48,11.842223273509408,B.Roethlisberger
2017,2017_11_TEN_PIT,TEN,00-0027690,1,-0.8350026871776208,E.Decker
2017,2017_11_TEN_PIT,TEN,00-0032268,38,-10.308504722955364,M.Mariota
2017,2017_11_WAS_NO,NO,00-0020531,42,10.002459161229982,D.Brees
2017,2017_11_WAS_NO,WAS,00-0029604,34,13.945440784210327,K.Cousins
2017,2017_12_BUF_KC,BUF,00-0028118,31,3.491138308220571,T.Taylor
2017,2017_12_BUF_KC,KC,00-0023436,38,-10.33761119323718,A.Smith
2017,2017_12_CAR_NYJ,CAR,00-0027939,33,-1.132906986792114,C.Newton
2017,2017_12_CAR_NYJ,NYJ,00-0021206,37,-4.806323712697525,J.McCown
2017,2017_12_CHI_PHI,CHI,00-0033869,35,-12.259138956077505,M.Trubisky
2017,2017_12_CHI_PHI,PHI,00-0029567,3,1.861009058135096,N.Foles
2017,2017_12_CHI_PHI,PHI,00-0032950,37,5.140991047513611,C.Wentz
2017,2017_12_CLE_CIN,CIN,00-0027973,29,5.989895357827656,A.Dalton
2017,2017_12_CLE_CIN,CLE,00-0033104,2,-2.3957767167594284,C.Kessler
2017,2017_12_CLE_CIN,CLE,00-0033899,33,2.390633399529813,D.Kizer
2017,2017_12_DEN_OAK,DEN,00-0032156,22,10.067058088257909,T.Siemian
2017,2017_12_DEN_OAK,DEN,00-0033108,18,-14.837791336118244,P.Lynch
2017,2017_12_DEN_OAK,LV,00-0031280,26,5.922512447454405,D.Carr
2017,2017_12_GB_PIT,GB,00-0031589,30,10.078437181383004,B.Hundley
2017,2017_12_GB_PIT,PIT,00-0022924,47,15.074878950459063,B.Roethlisberger
2017,2017_12_HOU_BAL,BAL,00-0024417,1,4.251229121990036,S.Koch
2017,2017_12_HOU_BAL,BAL,00-0026158,33,-9.941042163687142,J.Flacco
2017,2017_12_HOU_BAL,HOU,00-0031064,39,-3.9748324062772458,T.Savage
2017,2017_12_JAX_ARI,ARI,00-0027948,40,-5.272765591349572,B.Gabbert
2017,2017_12_JAX_ARI,JAX,00-0031407,35,-9.168628514981036,B.Bortles
2017,2017_12_LAC_DAL,DAL,00-0033077,30,-15.713460903512779,D.Prescott
2017,2017_12_LAC_DAL,LAC,00-0022942,33,31.32698382298488,P.Rivers
2017,2017_12_MIA_NE,MIA,00-0025708,40,-9.20902736164133,M.Moore
2017,2017_12_MIA_NE,NE,00-0019596,29,8.555890520452522,T.Brady
2017,2017_12_MIN_DET,DET,00-0026498,38,-1.3114170372890666,M.Stafford
2017,2017_12_MIN_DET,MIN,00-0028986,32,15.588823004471166,C.Keenum
2017,2017_12_NO_LA,LA,00-0033106,47,8.368471322942261,J.Goff
2017,2017_12_NO_LA,LA,00-0033908,1,-0.39829582814127207,C.Kupp
2017,2017_12_NO_LA,NO,00-0020531,35,-1.2750765594046714,D.Brees
2017,2017_12_NYG_WAS,NYG,00-0022803,32,-17.59151643853373,E.Manning
2017,2017_12_NYG_WAS,WAS,00-0029604,37,-10.042196404218487,K.Cousins
2017,2017_12_SEA_SF,SEA,00-0029263,34,7.192549636766985,R.Wilson
2017,2017_12_SEA_SF,SF,00-0031345,2,4.617022091872059,J.Garoppolo
2017,2017_12_SEA_SF,SF,00-0033936,40,-14.71808328712359,C.Beathard
2017,2017_12_TB_ATL,ATL,00-0026143,34,16.551115344977536,M.Ryan
2017,2017_12_TB_ATL,ATL,00-0029632,1,4.45806786720641,M.Sanu
2017,2017_12_TB_ATL,TB,00-0023682,45,2.123396697540627,R.Fitzpatrick
2017,2017_12_TEN_IND,IND,00-0033119,37,-5.119789897797574,J.Brissett
2017,2017_12_TEN_IND,TEN,00-0032268,25,-2.326740581323792,M.Mariota
2017,2017_13_CAR_NO,CAR,00-0027939,29,-1.3502060263417661,C.Newton
2017,2017_13_CAR_NO,CAR,00-0031363,1,-2.962943117134273,M.Palardy
2017,2017_13_CAR_NO,NO,00-0020531,36,6.522258284387038,D.Brees
2017,2017_13_CLE_LAC,CLE,00-0033899,35,-3.64662520394087,D.Kizer
2017,2017_13_CLE_LAC,LAC,00-0022942,44,15.237301395890091,P.Rivers
2017,2017_13_DEN_MIA,DEN,00-0032156,45,-27.324414016332828,T.Siemian
2017,2017_13_DEN_MIA,MIA,00-0024226,33,-7.750693146443412,J.Cutler
2017,2017_13_DEN_MIA,MIA,00-0031076,1,-1.250685332575813,D.Fales
2017,2017_13_DET_BAL,BAL,00-0026158,36,5.921441111052124,J.Flacco
2017,2017_13_DET_BAL,DET,00-0026498,32,7.93316646854211,M.Stafford
2017,2017_13_DET_BAL,DET,00-0032431,5,-6.670547595946118,J.Rudock
2017,2017_13_HOU_TEN,HOU,00-0031064,52,10.450919974418495,T.Savage
2017,2017_13_HOU_TEN,TEN,00-0032268,25,1.327439089165933,M.Mariota
2017,2017_13_IND_JAX,IND,00-0033119,38,-5.95560726954136,J.Brissett
2017,2017_13_IND_JAX,JAX,00-0029304,2,3.5463922925265505,B.Nortman
2017,2017_13_IND_JAX,JAX,00-0031407,37,18.19548968666059,B.Bortles
2017,2017_13_KC_NYJ,KC,00-0023436,35,17.034276462647778,A.Smith
2017,2017_13_KC_NYJ,NYJ,00-0021206,36,18.742315125643554,J.McCown
2017,2017_13_LA_ARI,ARI,00-0027948,39,-15.777338228629688,B.Gabbert
2017,2017_13_LA_ARI,LA,00-0033106,32,3.680347383150889,J.Goff
2017,2017_13_MIN_ATL,ATL,00-0026143,29,-0.175340685877446,M.Ryan
2017,2017_13_MIN_ATL,MIN,00-0028986,32,5.862269827746786,C.Keenum
2017,2017_13_NE_BUF,BUF,00-0027796,1,-0.6011579819023609,J.Webb
2017,2017_13_NE_BUF,BUF,00-0028118,21,-13.986077553328,T.Taylor
2017,2017_13_NE_BUF,BUF,00-0033958,16,-12.080638868152164,N.Peterman
2017,2017_13_NE_BUF,NE,00-0019596,33,12.500992370592707,T.Brady
2017,2017_13_NYG_OAK,LV,00-0031280,37,11.903667229448697,D.Carr
2017,2017_13_NYG_OAK,NYG,00-0030565,37,-8.720061664203175,G.Smith
2017,2017_13_PHI_SEA,PHI,00-0032950,48,1.2908605381473173,C.Wentz
2017,2017_13_PHI_SEA,SEA,00-0029263,33,10.237108787085162,R.Wilson
2017,2017_13_PIT_CIN,CIN,00-0027973,38,6.775319388563315,A.Dalton
2017,2017_13_PIT_CIN,PIT,00-0022924,41,2.2311750000430015,B.Roethlisberger
2017,2017_13_SF_CHI,CHI,00-0033869,17,0.37767173763131723,M.Trubisky
2017,2017_13_SF_CHI,SF,00-0031345,39,9.640267067456927,J.Garoppolo
2017,2017_13_TB_GB,GB,00-0031589,24,-9.38956665349902,B.Hundley
2017,2017_13_TB_GB,TB,00-0031503,39,0.5587060455920021,J.Winston
2017,2017_13_WAS_DAL,DAL,00-0033077,23,-2.183218691335402,D.Prescott
2017,2017_13_WAS_DAL,WAS,00-0029604,41,-5.9803038438549265,K.Cousins
2017,2017_14_BAL_PIT,BAL,00-0026158,35,7.845589233846143,J.Flacco
2017,2017_14_BAL_PIT,PIT,00-0022924,67,16.29221172791864,B.Roethlisberger
2017,2017_14_CHI_CIN,CHI,00-0033869,33,13.559397022297835,M.Trubisky
2017,2017_14_CHI_CIN,CIN,00-0027973,31,-8.73703612072859,A.Dalton
2017,2017_14_CHI_CIN,CIN,00-0031288,9,-3.588688193820417,A.McCarron
2017,2017_14_DAL_NYG,DAL,00-0033077,30,16.880934315879216,D.Prescott
2017,2017_14_DAL_NYG,NYG,00-0022803,46,-8.96089992224006,E.Manning
2017,2017_14_DET_TB,DET,00-0026498,44,15.384567710687406,M.Stafford
2017,2017_14_DET_TB,TB,00-0031503,41,1.3613759949512314,J.Winston
2017,2017_14_GB_CLE,CLE,00-0033899,30,6.347951281466521,D.Kizer
2017,2017_14_GB_CLE,GB,00-0031589,47,12.596922787750373,B.Hundley
2017,2017_14_IND_BUF,BUF,00-0027796,6,-4.634323290665634,J.Webb
2017,2017_14_IND_BUF,BUF,00-0033958,8,-0.832033688784577,N.Peterman
2017,2017_14_IND_BUF,IND,00-0033119,22,-5.471455492253881,J.Brissett
2017,2017_14_MIN_CAR,CAR,00-0027939,27,-2.4591487874859013,C.Newton
2017,2017_14_MIN_CAR,MIN,00-0028986,51,-9.480214036809661,C.Keenum
2017,2017_14_NE_MIA,MIA,00-0024226,40,2.938839594386596,J.Cutler
2017,2017_14_NE_MIA,NE,00-0019596,45,-6.7076675817192335,T.Brady
2017,2017_14_NO_ATL,ATL,00-0026143,28,-3.6794164508959266,M.Ryan
2017,2017_14_NO_ATL,NO,00-0020531,37,1.38071291474031,D.Brees
2017,2017_14_NYJ_DEN,DEN,00-0032156,33,2.148240177093859,T.Siemian
2017,2017_14_NYJ_DEN,NYJ,00-0021206,16,-14.983055159216747,J.McCown
2017,2017_14_NYJ_DEN,NYJ,00-0031568,9,-8.119350740686059,B.Petty
2017,2017_14_OAK_KC,KC,00-0023436,38,1.6526327609540865,A.Smith
2017,2017_14_OAK_KC,LV,00-0031280,45,-6.773784868957475,D.Carr
2017,2017_14_PHI_LA,LA,00-0033106,28,0.46750798044377007,J.Goff
2017,2017_14_PHI_LA,PHI,00-0029567,11,-1.756526941373584,N.Foles
2017,2017_14_PHI_LA,PHI,00-0032950,42,18.07119019362347,C.Wentz
2017,2017_14_SEA_JAX,JAX,00-0031407,27,10.94756582795111,B.Bortles
2017,2017_14_SEA_JAX,SEA,00-0029263,33,-0.8319073160632211,R.Wilson
2017,2017_14_SF_HOU,HOU,00-0028090,27,4.566411245148629,T.Yates
2017,2017_14_SF_HOU,HOU,00-0031064,14,-6.310458829250883,T.Savage
2017,2017_14_SF_HOU,SF,00-0031345,34,8.182900064576751,J.Garoppolo
2017,2017_14_TEN_ARI,ARI,00-0027948,34,-7.884031627947265,B.Gabbert
2017,2017_14_TEN_ARI,TEN,00-0032268,34,-15.58582266784142,M.Mariota
2017,2017_14_WAS_LAC,LAC,00-0022942,33,11.45789111252813,P.Rivers
2017,2017_14_WAS_LAC,LAC,00-0024264,3,-12.563038175867405,K.Clemens
2017,2017_14_WAS_LAC,WAS,00-0029604,29,-9.872993869008496,K.Cousins
2017,2017_15_ARI_WAS,ARI,00-0027948,45,-24.9367473656551,B.Gabbert
2017,2017_15_ARI_WAS,WAS,00-0029604,27,4.518008879233971,K.Cousins
2017,2017_15_ATL_TB,ATL,00-0026143,32,7.029159105057456,M.Ryan
2017,2017_15_ATL_TB,TB,00-0031503,35,15.838091466459446,J.Winston
2017,2017_15_BAL_CLE,BAL,00-0026158,43,5.592744440860102,J.Flacco
2017,2017_15_BAL_CLE,CLE,00-0033899,39,-18.823565565357352,D.Kizer
2017,2017_15_CHI_DET,CHI,00-0033869,48,-2.6628818094813305,M.Trubisky
2017,2017_15_CHI_DET,DET,00-0026498,37,1.0709030662151982,M.Stafford
2017,2017_15_CIN_MIN,CIN,00-0027973,25,-21.273937300546095,A.Dalton
2017,2017_15_CIN_MIN,CIN,00-0031288,6,0.9996580987353809,A.McCarron
2017,2017_15_CIN_MIN,MIN,00-0028986,25,6.003587372953059,C.Keenum
2017,2017_15_CIN_MIN,MIN,00-0031237,2,-7.34884924441576,T.Bridgewater
2017,2017_15_DAL_OAK,DAL,00-0033077,29,-1.1516755574882316,D.Prescott
2017,2017_15_DAL_OAK,LV,00-0031280,38,2.1483450175797723,D.Carr
2017,2017_15_DEN_IND,DEN,00-0029682,18,16.188737899449166,B.Osweiler
2017,2017_15_DEN_IND,DEN,00-0032156,11,-2.449862783018034,T.Siemian
2017,2017_15_DEN_IND,IND,00-0033119,31,-2.429014246503464,J.Brissett
2017,2017_15_GB_CAR,CAR,00-0027939,32,12.29286263485709,C.Newton
2017,2017_15_GB_CAR,GB,00-0023459,47,0.5742249654706866,A.Rodgers
2017,2017_15_HOU_JAX,HOU,00-0028090,35,-14.010838781483471,T.Yates
2017,2017_15_HOU_JAX,JAX,00-0031407,30,18.676863357374373,B.Bortles
2017,2017_15_LAC_KC,KC,00-0023436,31,6.173489658154532,A.Smith
2017,2017_15_LAC_KC,LAC,00-0022942,38,-6.735179257171694,P.Rivers
2017,2017_15_LA_SEA,LA,00-0032245,2,-3.449966907617636,S.Mannion
2017,2017_15_LA_SEA,LA,00-0033106,23,2.0717904986092606,J.Goff
2017,2017_15_LA_SEA,SEA,00-0029263,37,-20.065707752190065,R.Wilson
2017,2017_15_MIA_BUF,BUF,00-0028118,31,2.001696863240795,T.Taylor
2017,2017_15_MIA_BUF,MIA,00-0024226,52,-9.600567349949436,J.Cutler
2017,2017_15_NE_PIT,NE,00-0019596,38,7.43092020876137,T.Brady
2017,2017_15_NE_PIT,PIT,00-0022924,32,11.748605575988464,B.Roethlisberger
2017,2017_15_NYJ_NO,NO,00-0020531,36,7.444066824993925,D.Brees
2017,2017_15_NYJ_NO,NYJ,00-0031568,41,-11.214784904409342,B.Petty
2017,2017_15_PHI_NYG,NYG,00-0022803,59,10.026504860071192,E.Manning
2017,2017_15_PHI_NYG,PHI,00-0029567,39,10.507238372306917,N.Foles
2017,2017_15_TEN_SF,SF,00-0031345,45,15.160048412800716,J.Garoppolo
2017,2017_15_TEN_SF,TEN,00-0032268,34,13.17899999576806,M.Mariota
2017,2017_16_ATL_NO,ATL,00-0026143,41,4.576031357948644,M.Ryan
2017,2017_16_ATL_NO,NO,00-0020531,29,-3.0042819757945836,D.Brees
2017,2017_16_BUF_NE,BUF,00-0028118,44,-5.253794007431903,T.Taylor
2017,2017_16_BUF_NE,NE,00-0019596,30,2.78524678916712,T.Brady
2017,2017_16_CLE_CHI,CHI,00-0033869,28,-2.5575173579272814,M.Trubisky
2017,2017_16_CLE_CHI,CLE,00-0033899,37,-10.716460587846303,D.Kizer
2017,2017_16_DEN_WAS,DEN,00-0029682,42,-20.70720685894866,B.Osweiler
2017,2017_16_DEN_WAS,WAS,00-0029604,37,8.631681808403808,K.Cousins
2017,2017_16_DET_CIN,CIN,00-0027973,44,-1.0887844029639577,A.Dalton
2017,2017_16_DET_CIN,DET,00-0026498,37,-7.391367720348323,M.Stafford
2017,2017_16_IND_BAL,BAL,00-0026158,39,8.473062782562142,J.Flacco
2017,2017_16_IND_BAL,IND,00-0033119,35,4.336030421146395,J.Brissett
2017,2017_16_JAX_SF,JAX,00-0031407,52,0.7003229879641211,B.Bortles
2017,2017_16_JAX_SF,SF,00-0031345,31,11.40058831273167,J.Garoppolo
2017,2017_16_LAC_NYJ,LAC,00-0022942,40,6.853066385218666,P.Rivers
2017,2017_16_LAC_NYJ,NYJ,00-0031568,31,-14.59893922728952,B.Petty
2017,2017_16_LA_TEN,LA,00-0028872,1,-3.4150009765289724,J.Hekker
2017,2017_16_LA_TEN,LA,00-0033106,39,15.86065892580147,J.Goff
2017,2017_16_LA_TEN,TEN,00-0032268,40,-2.6039565734873062,M.Mariota
2017,2017_16_MIA_KC,KC,00-0023436,40,14.66344538044618,A.Smith
2017,2017_16_MIA_KC,MIA,00-0024226,38,5.971212622820581,J.Cutler
2017,2017_16_MIN_GB,GB,00-0031589,41,-25.163801804475952,B.Hundley
2017,2017_16_MIN_GB,MIN,00-0028986,28,-3.1143215295718942,C.Keenum
2017,2017_16_NYG_ARI,ARI,00-0022921,1,1.2412540030200034,L.Fitzgerald
2017,2017_16_NYG_ARI,ARI,00-0025430,36,-6.939217711624622,D.Stanton
2017,2017_16_NYG_ARI,NYG,00-0022803,47,-18.064388918865006,E.Manning
2017,2017_16_OAK_PHI,LV,00-0031280,30,-15.155608943336535,D.Carr
2017,2017_16_OAK_PHI,PHI,00-0029567,40,-16.282053964658594,N.Foles
2017,2017_16_PIT_HOU,HOU,00-0028090,22,-17.23705498466734,T.Yates
2017,2017_16_PIT_HOU,HOU,00-0031800,2,-1.0418164716102183,T.Heinicke
2017,2017_16_PIT_HOU,PIT,00-0022924,29,13.048886514433265,B.Roethlisberger
2017,2017_16_PIT_HOU,PIT,00-0030524,1,-1.0639554047957063,L.Jones
2017,2017_16_SEA_DAL,DAL,00-0033077,38,-13.983648470901894,D.Prescott
2017,2017_16_SEA_DAL,SEA,00-0029263,24,-1.9294285935757216,R.Wilson
2017,2017_16_TB_CAR,CAR,00-0023645,1,-1.3662371939913975,D.Anderson
2017,2017_16_TB_CAR,CAR,00-0027939,27,-8.993288098385591,C.Newton
2017,2017_16_TB_CAR,TB,00-0031503,33,9.017166477580462,J.Winston
2017,2017_17_ARI_SEA,ARI,00-0025430,35,-4.9507820117468935,D.Stanton
2017,2017_17_ARI_SEA,SEA,00-0029263,32,1.4533084581492899,R.Wilson
2017,2017_17_BUF_MIA,BUF,00-0028118,31,8.212121250719333,T.Taylor
2017,2017_17_BUF_MIA,MIA,00-0024226,2,-1.1445422610267997,J.Cutler
2017,2017_17_BUF_MIA,MIA,00-0031076,44,-1.1005204347270405,D.Fales
2017,2017_17_CAR_ATL,ATL,00-0026143,45,6.3533100908992335,M.Ryan
2017,2017_17_CAR_ATL,CAR,00-0027939,35,-14.764246893543605,C.Newton
2017,2017_17_CHI_MIN,CHI,00-0033556,1,-0.4769312294665724,T.Cohen
2017,2017_17_CHI_MIN,CHI,00-0033869,37,-17.518088870751757,M.Trubisky
2017,2017_17_CHI_MIN,MIN,00-0028986,31,-0.9685739275725087,C.Keenum
2017,2017_17_CIN_BAL,BAL,00-0026158,48,-18.082896414938254,J.Flacco
2017,2017_17_CIN_BAL,CIN,00-0027973,44,2.6749739483106794,A.Dalton
2017,2017_17_CLE_PIT,CLE,00-0033899,36,6.74273147375444,D.Kizer
2017,2017_17_CLE_PIT,PIT,00-0030524,30,-2.7689164524781518,L.Jones
2017,2017_17_DAL_PHI,DAL,00-0033077,31,0.9051038228790276,D.Prescott
2017,2017_17_DAL_PHI,PHI,00-0029567,11,-7.927666953764856,N.Foles
2017,2017_17_DAL_PHI,PHI,00-0032792,26,-11.19024082395481,N.Sudfeld
2017,2017_17_GB_DET,DET,00-0026498,31,10.190039419586176,M.Stafford
2017,2017_17_GB_DET,DET,00-0027891,1,1.053,G.Tate
2017,2017_17_GB_DET,GB,00-0028002,1,0.6066524784546345,R.Cobb
2017,2017_17_GB_DET,GB,00-0031589,29,-11.705495100561919,B.Hundley
2017,2017_17_GB_DET,GB,00-0032630,7,-3.5542538697482087,J.Callahan
2017,2017_17_HOU_IND,HOU,00-0028090,26,-1.273476297361051,T.Yates
2017,2017_17_HOU_IND,IND,00-0033119,26,-1.1445853581798475,J.Brissett
2017,2017_17_JAX_TEN,JAX,00-0031407,36,-10.849873733320756,B.Bortles
2017,2017_17_JAX_TEN,TEN,00-0032268,24,-3.126083420012325,M.Mariota
2017,2017_17_KC_DEN,DEN,00-0033108,36,-4.845952278492417,P.Lynch
2017,2017_17_KC_DEN,KC,00-0030151,1,-1.1561214048415422,T.Bray
2017,2017_17_KC_DEN,KC,00-0033873,37,7.888877478114731,P.Mahomes
2017,2017_17_NO_TB,NO,00-0020531,32,8.964781196312355,D.Brees
2017,2017_17_NO_TB,TB,00-0031503,54,9.290594131113169,J.Winston
2017,2017_17_NYJ_NE,NE,00-0019596,39,-2.1985605307714358,T.Brady
2017,2017_17_NYJ_NE,NE,00-0026625,3,-2.6543952613137662,B.Hoyer
2017,2017_17_NYJ_NE,NYJ,00-0031568,40,-1.905546386102316,B.Petty
2017,2017_17_OAK_LAC,LAC,00-0022942,38,18.913477743252123,P.Rivers
2017,2017_17_OAK_LAC,LV,00-0031280,30,-0.4891295164937204,D.Carr
2017,2017_17_SF_LA,LA,00-0032245,37,-12.42569298083562,S.Mannion
2017,2017_17_SF_LA,SF,00-0031345,33,8.718401678609933,J.Garoppolo
2017,2017_17_WAS_NYG,NYG,00-0022803,31,-13.648675634970548,E.Manning
2017,2017_17_WAS_NYG,WAS,00-0029604,40,-22.48400423504512,K.Cousins
2017,2017_18_ATL_LA,ATL,00-0026143,33,7.000386802023117,M.Ryan
2017,2017_18_ATL_LA,LA,00-0033106,48,-3.94310880464036,J.Goff
2017,2017_18_BUF_JAX,BUF,00-0028118,39,-12.218245517020254,T.Taylor
2017,2017_18_BUF_JAX,BUF,00-0033958,3,-2.5778491460951045,N.Peterman
2017,2017_18_BUF_JAX,JAX,00-0031407,24,-8.417751880653668,B.Bortles
2017,2017_18_CAR_NO,CAR,00-0023645,1,-0.8926166850142181,D.Anderson
2017,2017_18_CAR_NO,CAR,00-0027939,44,7.811254240874225,C.Newton
2017,2017_18_CAR_NO,NO,00-0020531,34,16.44558028785235,D.Brees
2017,2017_18_TEN_KC,KC,00-0023436,37,5.593502337462269,A.Smith
2017,2017_18_TEN_KC,TEN,00-0032268,35,-0.33567338532763713,M.Mariota
2017,2017_19_ATL_PHI,ATL,00-0026143,39,-2.3191079380338846,M.Ryan
2017,2017_19_ATL_PHI,PHI,00-0029567,31,8.651653360781813,N.Foles
2017,2017_19_JAX_PIT,JAX,00-0031407,26,10.115983826166485,B.Bortles
2017,2017_19_JAX_PIT,PIT,00-0022924,60,14.541454313293798,B.Roethlisberger
2017,2017_19_NO_MIN,MIN,00-0028986,42,4.337436659221581,C.Keenum
2017,2017_19_NO_MIN,NO,00-0020531,42,6.680354327078822,D.Brees
2017,2017_19_NO_MIN,NO,00-0030663,1,-1.537476388271898,W.Snead
2017,2017_19_TEN_NE,NE,00-0019596,53,15.632548817216298,T.Brady
2017,2017_19_TEN_NE,TEN,00-0032268,46,1.624800753314048,M.Mariota
2017,2017_20_JAX_NE,JAX,00-0031407,39,7.628390466009604,B.Bortles
2017,2017_20_JAX_NE,NE,00-0019596,41,8.661785667039767,T.Brady
2017,2017_20_JAX_NE,NE,00-0026035,1,1.2379772750427946,D.Amendola
2017,2017_20_MIN_PHI,MIN,00-0028986,49,-10.800451128336135,C.Keenum
2017,2017_20_MIN_PHI,PHI,00-0029567,34,23.88105464590387,N.Foles
2017,2017_21_PHI_NE,NE,00-0019596,47,19.98474261960878,T.Brady
2017,2017_21_PHI_NE,NE,00-0026035,1,-1.0007834495045245,D.Amendola
2017,2017_21_PHI_NE,PHI,00-0029567,45,19.81613691103164,N.Foles
2017,2017_21_PHI_NE,PHI,00-0030710,1,3.1393572246888652,T.Burton
2018,2018_01_ATL_PHI,ATL,00-0026143,47,-11.715433984411526,M.Ryan
2018,2018_01_ATL_PHI,PHI,00-0029567,36,-11.164289463953674,N.Foles
2018,2018_01_ATL_PHI,PHI,00-0031549,1,1.931480368715711,N.Agholor
2018,2018_01_BUF_BAL,BAL,00-0026158,36,8.984330046490426,J.Flacco
2018,2018_01_BUF_BAL,BAL,00-0034796,5,-1.8455138732679188,L.Jackson
2018,2018_01_BUF_BAL,BUF,00-0033958,21,-23.950864203081302,N.Peterman
2018,2018_01_BUF_BAL,BUF,00-0034857,18,-3.9133048206950014,J.Allen
2018,2018_01_CHI_GB,CHI,00-0033869,39,-5.01043308635835,M.Trubisky
2018,2018_01_CHI_GB,GB,00-0023459,32,9.927506220425231,A.Rodgers
2018,2018_01_CHI_GB,GB,00-0033899,9,-7.904370742791798,D.Kizer
2018,2018_01_CIN_IND,CIN,00-0027973,30,2.6774968590396497,A.Dalton
2018,2018_01_CIN_IND,IND,00-0029668,55,7.078572847209988,A.Luck
2018,2018_01_DAL_CAR,CAR,00-0027939,28,-0.6139762498496566,C.Newton
2018,2018_01_DAL_CAR,DAL,00-0033077,35,-8.960020205598092,D.Prescott
2018,2018_01_HOU_NE,HOU,00-0033537,37,-9.509828350359676,D.Watson
2018,2018_01_HOU_NE,NE,00-0019596,41,8.182893924308008,T.Brady
2018,2018_01_JAX_NYG,JAX,00-0031407,34,-4.275158427774458,B.Bortles
2018,2018_01_JAX_NYG,NYG,00-0022803,39,-11.79819566015601,E.Manning
2018,2018_01_KC_LAC,KC,00-0033873,28,12.752110731986871,P.Mahomes
2018,2018_01_KC_LAC,LAC,00-0022942,54,16.117956372414145,P.Rivers
2018,2018_01_LA_OAK,LA,00-0033106,34,5.476922014947328,J.Goff
2018,2018_01_LA_OAK,LV,00-0031280,41,-12.649219629196766,D.Carr
2018,2018_01_NYJ_DET,DET,00-0023662,6,-8.034381276112981,M.Cassel
2018,2018_01_NYJ_DET,DET,00-0026498,46,-15.735497826109686,M.Stafford
2018,2018_01_NYJ_DET,NYJ,00-0034869,23,7.283899776113685,S.Darnold
2018,2018_01_PIT_CLE,CLE,00-0028118,46,-19.018024949444225,T.Taylor
2018,2018_01_PIT_CLE,PIT,00-0022924,45,-6.687471224036439,B.Roethlisberger
2018,2018_01_SEA_DEN,DEN,00-0028986,40,-3.8372416100535447,C.Keenum
2018,2018_01_SEA_DEN,SEA,00-0029263,39,4.0963912148054895,R.Wilson
2018,2018_01_SF_MIN,MIN,00-0029604,39,0.20115023544720367,K.Cousins
2018,2018_01_SF_MIN,SF,00-0031345,36,-13.548579723725075,J.Garoppolo
2018,2018_01_TB_NO,NO,00-0020531,47,23.326555751027698,D.Brees
2018,2018_01_TB_NO,TB,00-0023682,28,29.170436745339323,R.Fitzpatrick
2018,2018_01_TEN_MIA,MIA,00-0029701,29,2.210084789735221,R.Tannehill
2018,2018_01_TEN_MIA,TEN,00-0027948,22,-6.951273646496702,B.Gabbert
2018,2018_01_TEN_MIA,TEN,00-0032268,16,-12.363002613615507,M.Mariota
2018,2018_01_WAS_ARI,ARI,00-0027854,37,-14.832660128929884,S.Bradford
2018,2018_01_WAS_ARI,WAS,00-0023436,33,13.331766827388144,A.Smith
2018,2018_02_ARI_LA,ARI,00-0027854,28,-13.068715461879037,S.Bradford
2018,2018_02_ARI_LA,LA,00-0033106,35,16.00131085128291,J.Goff
2018,2018_02_BAL_CIN,BAL,00-0026158,58,-9.05580405786985,J.Flacco
2018,2018_02_BAL_CIN,CIN,00-0027973,42,9.404591333770956,A.Dalton
2018,2018_02_CAR_ATL,ATL,00-0026143,28,13.188189202279318,M.Ryan
2018,2018_02_CAR_ATL,CAR,00-0027939,47,2.6363372343446954,C.Newton
2018,2018_02_CLE_NO,CLE,00-0028118,33,-0.6375168008367909,T.Taylor
2018,2018_02_CLE_NO,NO,00-0020531,38,3.469323783522916,D.Brees
2018,2018_02_DET_SF,DET,00-0026498,55,7.738284011150768,M.Stafford
2018,2018_02_DET_SF,SF,00-0031345,32,4.388481060848342,J.Garoppolo
2018,2018_02_HOU_TEN,HOU,00-0033537,35,6.5508701499074355,D.Watson
2018,2018_02_HOU_TEN,TEN,00-0027948,21,-0.5225280869957727,B.Gabbert
2018,2018_02_HOU_TEN,TEN,00-0032764,1,0.44136215187609196,D.Henry
2018,2018_02_HOU_TEN,TEN,00-0033132,1,7.646471031475812,K.Byard
2018,2018_02_IND_WAS,IND,00-0029668,32,0.7386546944617294,A.Luck
2018,2018_02_IND_WAS,WAS,00-0023436,47,-0.395944031979262,A.Smith
2018,2018_02_KC_PIT,KC,00-0033873,29,28.5966408366221,P.Mahomes
2018,2018_02_KC_PIT,PIT,00-0022924,62,15.135606445293782,B.Roethlisberger
2018,2018_02_LAC_BUF,BUF,00-0034857,37,-2.3244356268994624,J.Allen
2018,2018_02_LAC_BUF,LAC,00-0022942,29,17.629779187786276,P.Rivers
2018,2018_02_MIA_NYJ,MIA,00-0029701,27,-5.637412711221259,R.Tannehill
2018,2018_02_MIA_NYJ,NYJ,00-0034869,44,-5.936915642441511,S.Darnold
2018,2018_02_MIN_GB,GB,00-0023459,45,1.7199135963569328,A.Rodgers
2018,2018_02_MIN_GB,MIN,00-0029604,51,16.01553644857904,K.Cousins
2018,2018_02_NE_JAX,JAX,00-0031407,45,19.470376243478352,B.Bortles
2018,2018_02_NE_JAX,NE,00-0019596,37,4.945606922660005,T.Brady
2018,2018_02_NYG_DAL,DAL,00-0033077,25,-2.1361278085322812,D.Prescott
2018,2018_02_NYG_DAL,NYG,00-0022803,50,-6.930392205639055,E.Manning
2018,2018_02_OAK_DEN,DEN,00-0028986,36,-0.7741718313914374,C.Keenum
2018,2018_02_OAK_DEN,LV,00-0031280,33,10.02736494758944,D.Carr
2018,2018_02_PHI_TB,PHI,00-0029567,50,-4.889530979633657,N.Foles
2018,2018_02_PHI_TB,TB,00-0023682,35,19.270699014305137,R.Fitzpatrick
2018,2018_02_SEA_CHI,CHI,00-0033869,36,-2.053940970636063,M.Trubisky
2018,2018_02_SEA_CHI,SEA,00-0029263,39,-10.647775390621973,R.Wilson
2018,2018_03_BUF_MIN,BUF,00-0034857,25,3.0701352151596684,J.Allen
2018,2018_03_BUF_MIN,MIN,00-0029604,60,-21.413281923756468,K.Cousins
2018,2018_03_CHI_ARI,ARI,00-0027854,22,-4.122015894157812,S.Bradford
2018,2018_03_CHI_ARI,ARI,00-0034343,8,-0.6645292839384638,J.Rosen
2018,2018_03_CHI_ARI,CHI,00-0033869,38,-3.248134196622906,M.Trubisky
2018,2018_03_CIN_CAR,CAR,00-0027939,25,4.0837776773259975,C.Newton
2018,2018_03_CIN_CAR,CIN,00-0027973,47,3.470906215868595,A.Dalton
2018,2018_03_DAL_SEA,DAL,00-0033077,39,-13.209463649992227,D.Prescott
2018,2018_03_DAL_SEA,SEA,00-0029263,28,8.012911418506341,R.Wilson
2018,2018_03_DEN_BAL,BAL,00-0026158,41,6.409745048640063,J.Flacco
2018,2018_03_DEN_BAL,DEN,00-0028986,37,-7.07734198088292,C.Keenum
2018,2018_03_GB_WAS,GB,00-0023459,48,-5.251213477108672,A.Rodgers
2018,2018_03_GB_WAS,GB,00-0034162,1,-0.6521800860646181,J.Scott
2018,2018_03_GB_WAS,WAS,00-0023436,20,6.01085813328973,A.Smith
2018,2018_03_IND_PHI,IND,00-0029668,42,-12.427061149626105,A.Luck
2018,2018_03_IND_PHI,IND,00-0033119,1,-0.1577712714788504,J.Brissett
2018,2018_03_IND_PHI,PHI,00-0032950,42,-6.572577315929394,C.Wentz
2018,2018_03_LAC_LA,LA,00-0033106,37,21.07711400937048,J.Goff
2018,2018_03_LAC_LA,LAC,00-0022942,31,9.17517190068802,P.Rivers
2018,2018_03_LAC_LA,LAC,00-0030279,1,-1.5853307330980897,K.Allen
2018,2018_03_NE_DET,DET,00-0026498,36,5.93685319489953,M.Stafford
2018,2018_03_NE_DET,NE,00-0019596,28,-10.869922926241998,T.Brady
2018,2018_03_NO_ATL,ATL,00-0026143,40,21.891023692878896,M.Ryan
2018,2018_03_NO_ATL,NO,00-0020531,50,19.16651251464429,D.Brees
2018,2018_03_NYG_HOU,HOU,00-0033537,42,13.829819722145524,D.Watson
2018,2018_03_NYG_HOU,NYG,00-0022803,33,15.53474240148605,E.Manning
2018,2018_03_NYJ_CLE,CLE,00-0028118,17,-11.897218947764486,T.Taylor
2018,2018_03_NYJ_CLE,CLE,00-0031382,1,1.053,J.Landry
2018,2018_03_NYJ_CLE,CLE,00-0034855,24,9.266856938987313,B.Mayfield
2018,2018_03_NYJ_CLE,NYJ,00-0034869,33,-2.0185071221248907,S.Darnold
2018,2018_03_OAK_MIA,LV,00-0031280,42,9.376027565700332,D.Carr
2018,2018_03_OAK_MIA,MIA,00-0029701,24,11.693693768465891,R.Tannehill
2018,2018_03_OAK_MIA,MIA,00-0030669,1,4.3519763082731515,A.Wilson
2018,2018_03_PIT_TB,PIT,00-0022924,41,12.520667470851526,B.Roethlisberger
2018,2018_03_PIT_TB,TB,00-0023682,53,5.485200843803524,R.Fitzpatrick
2018,2018_03_SF_KC,KC,00-0033873,40,18.612729434728095,P.Mahomes
2018,2018_03_SF_KC,SF,00-0031345,35,8.675984731884967,J.Garoppolo
2018,2018_03_TEN_JAX,JAX,00-0031407,37,-6.001817497203257,B.Bortles
2018,2018_03_TEN_JAX,TEN,00-0027948,5,-3.64401145465672,B.Gabbert
2018,2018_03_TEN_JAX,TEN,00-0032268,19,0.615202867737386,M.Mariota
2018,2018_04_BAL_PIT,BAL,00-0026158,44,11.536173811514567,J.Flacco
2018,2018_04_BAL_PIT,PIT,00-0022924,49,-5.851337649511663,B.Roethlisberger
2018,2018_04_BUF_GB,BUF,00-0034857,40,-17.663812608865555,J.Allen
2018,2018_04_BUF_GB,GB,00-0023459,42,-1.5980610172791279,A.Rodgers
2018,2018_04_CIN_ATL,ATL,00-0026143,43,16.958076102897977,M.Ryan
2018,2018_04_CIN_ATL,CIN,00-0027973,45,15.25527814932753,A.Dalton
2018,2018_04_CLE_OAK,CLE,00-0034855,44,-6.807089131717275,B.Mayfield
2018,2018_04_CLE_OAK,LV,00-0031280,61,4.069611852877148,D.Carr
2018,2018_04_DET_DAL,DAL,00-0033077,30,8.539612593643803,D.Prescott
2018,2018_04_DET_DAL,DET,00-0026498,33,16.56264525196666,M.Stafford
2018,2018_04_HOU_IND,HOU,00-0033537,47,9.795130143205547,D.Watson
2018,2018_04_HOU_IND,IND,00-0029668,68,11.59112773974976,A.Luck
2018,2018_04_KC_DEN,DEN,00-0028986,37,-5.368589956611619,C.Keenum
2018,2018_04_KC_DEN,KC,00-0033873,46,8.393884111170063,P.Mahomes
2018,2018_04_MIA_NE,MIA,00-0029682,5,6.820417120470665,B.Osweiler
2018,2018_04_MIA_NE,MIA,00-0029701,22,-12.372161184815923,R.Tannehill
2018,2018_04_MIA_NE,NE,00-0019596,35,11.914712483420145,T.Brady
2018,2018_04_MIN_LA,LA,00-0028872,1,-2.717895060777664,J.Hekker
2018,2018_04_MIN_LA,LA,00-0033106,34,27.641033171598355,J.Goff
2018,2018_04_MIN_LA,MIN,00-0029604,55,15.394268518617336,K.Cousins
2018,2018_04_NO_NYG,NO,00-0020531,33,5.2123040438362835,D.Brees
2018,2018_04_NO_NYG,NO,00-0033357,2,2.545289164816495,T.Hill
2018,2018_04_NO_NYG,NYG,00-0022803,45,5.647249560046374,E.Manning
2018,2018_04_NYJ_JAX,JAX,00-0031407,41,15.97849575267245,B.Bortles
2018,2018_04_NYJ_JAX,NYJ,00-0034869,38,-8.451592710940837,S.Darnold
2018,2018_04_PHI_TEN,PHI,00-0032950,54,3.811769867157485,C.Wentz
2018,2018_04_PHI_TEN,TEN,00-0032268,46,10.118409857308453,M.Mariota
2018,2018_04_SEA_ARI,ARI,00-0034343,28,4.464519335358948,J.Rosen
2018,2018_04_SEA_ARI,SEA,00-0029263,27,-1.4452292425636513,R.Wilson
2018,2018_04_SF_LAC,LAC,00-0022942,41,-1.05004021060819,P.Rivers
2018,2018_04_SF_LAC,SF,00-0033936,38,-1.834534431195988,C.Beathard
2018,2018_04_TB_CHI,CHI,00-0033869,27,23.28201890984938,M.Trubisky
2018,2018_04_TB_CHI,TB,00-0023682,20,-6.230911494878396,R.Fitzpatrick
2018,2018_04_TB_CHI,TB,00-0031503,22,1.9085333006223664,J.Winston
2018,2018_05_ARI_SF,ARI,00-0034343,25,-3.6385559572372586,J.Rosen
2018,2018_05_ARI_SF,SF,00-0033936,60,-6.150313834989496,C.Beathard
2018,2018_05_ATL_PIT,ATL,00-0022787,7,-2.4365082403528504,M.Schaub
2018,2018_05_ATL_PIT,ATL,00-0026143,44,-1.7651161898484515,M.Ryan
2018,2018_05_ATL_PIT,PIT,00-0022924,29,10.397446055430919,B.Roethlisberger
2018,2018_05_BAL_CLE,BAL,00-0026158,58,-10.237717597784687,J.Flacco
2018,2018_05_BAL_CLE,BAL,00-0034796,1,-0.49082890385761857,L.Jackson
2018,2018_05_BAL_CLE,CLE,00-0034855,47,-3.4463429073728085,B.Mayfield
2018,2018_05_DAL_HOU,DAL,00-0033077,31,-4.356140005728742,D.Prescott
2018,2018_05_DAL_HOU,HOU,00-0033537,45,4.117513804850394,D.Watson
2018,2018_05_DEN_NYJ,DEN,00-0028986,56,-1.5007869123036794,C.Keenum
2018,2018_05_DEN_NYJ,NYJ,00-0034869,23,3.9209119713375697,S.Darnold
2018,2018_05_GB_DET,DET,00-0026498,29,7.110421192929359,M.Stafford
2018,2018_05_GB_DET,GB,00-0023459,58,10.181270968658135,A.Rodgers
2018,2018_05_IND_NE,IND,00-0029668,60,5.489264950767945,A.Luck
2018,2018_05_IND_NE,NE,00-0019596,44,9.879804473090307,T.Brady
2018,2018_05_JAX_KC,JAX,00-0031407,66,-21.013684991310583,B.Bortles
2018,2018_05_JAX_KC,KC,00-0033873,39,10.143255564894977,P.Mahomes
2018,2018_05_LA_SEA,LA,00-0033106,33,10.22361345065292,J.Goff
2018,2018_05_LA_SEA,SEA,00-0029263,23,8.241571439912867,R.Wilson
2018,2018_05_MIA_CIN,CIN,00-0027973,32,1.4994522178406706,A.Dalton
2018,2018_05_MIA_CIN,MIA,00-0029701,37,-14.633197465736885,R.Tannehill
2018,2018_05_MIN_PHI,MIN,00-0029604,38,10.419472418085984,K.Cousins
2018,2018_05_MIN_PHI,PHI,00-0032950,37,-0.36374714872800107,C.Wentz
2018,2018_05_NYG_CAR,CAR,00-0027939,35,-2.019968117156117,C.Newton
2018,2018_05_NYG_CAR,NYG,00-0022803,38,3.3095842299078226,E.Manning
2018,2018_05_NYG_CAR,NYG,00-0031235,1,5.627907112706453,O.Beckham
2018,2018_05_OAK_LAC,LAC,00-0022942,28,19.1448427965183,P.Rivers
2018,2018_05_OAK_LAC,LV,00-0031280,34,0.1981719693185422,D.Carr
2018,2018_05_TEN_BUF,BUF,00-0034721,1,-2.963832698354963,C.Bojorquez
2018,2018_05_TEN_BUF,BUF,00-0034857,20,-8.209538819906617,J.Allen
2018,2018_05_TEN_BUF,TEN,00-0032268,28,-3.61984209589805,M.Mariota
2018,2018_05_WAS_NO,NO,00-0020531,31,24.540740185591858,D.Brees
2018,2018_05_WAS_NO,WAS,00-0023436,43,-10.305790173137076,A.Smith
2018,2018_06_ARI_MIN,ARI,00-0034343,35,-11.858432476811934,J.Rosen
2018,2018_06_ARI_MIN,MIN,00-0029604,37,-11.922752127549074,K.Cousins
2018,2018_06_BAL_TEN,BAL,00-0026158,37,10.215830697445199,J.Flacco
2018,2018_06_BAL_TEN,TEN,00-0032268,26,-11.73162964603398,M.Mariota
2018,2018_06_BUF_HOU,BUF,00-0033958,12,-5.3272693686639485,N.Peterman
2018,2018_06_BUF_HOU,BUF,00-0034857,19,-5.848764938638656,J.Allen
2018,2018_06_BUF_HOU,HOU,00-0030564,1,-0.4455960457562469,D.Hopkins
2018,2018_06_BUF_HOU,HOU,00-0033537,32,-17.725381333160612,D.Watson
2018,2018_06_CAR_WAS,CAR,00-0027939,42,8.50154836934461,C.Newton
2018,2018_06_CAR_WAS,WAS,00-0023436,39,-7.925809117013012,A.Smith
2018,2018_06_CHI_MIA,CHI,00-0033869,33,12.964265919523314,M.Trubisky
2018,2018_06_CHI_MIA,MIA,00-0029682,44,9.583459134584128,B.Osweiler
2018,2018_06_IND_NYJ,IND,00-0029668,43,-4.467947899589865,A.Luck
2018,2018_06_IND_NYJ,NYJ,00-0034869,31,13.047229873267579,S.Darnold
2018,2018_06_JAX_DAL,DAL,00-0033077,30,1.9505358036928195,D.Prescott
2018,2018_06_JAX_DAL,JAX,00-0031407,29,-13.932604209694546,B.Bortles
2018,2018_06_KC_NE,KC,00-0033873,36,8.296052301110926,P.Mahomes
2018,2018_06_KC_NE,NE,00-0019596,37,2.1071922555254803,T.Brady
2018,2018_06_LAC_CLE,CLE,00-0034855,52,-22.186528713257875,B.Mayfield
2018,2018_06_LAC_CLE,LAC,00-0022942,21,4.576883916219231,P.Rivers
2018,2018_06_LAC_CLE,LAC,00-0030565,1,0.24944937998060945,G.Smith
2018,2018_06_LA_DEN,DEN,00-0028986,43,-0.1794270084103573,C.Keenum
2018,2018_06_LA_DEN,LA,00-0033106,33,-4.8375530311340285,J.Goff
2018,2018_06_PHI_NYG,NYG,00-0022803,47,-15.449423364383255,E.Manning
2018,2018_06_PHI_NYG,PHI,00-0032950,37,18.981246690704058,C.Wentz
2018,2018_06_PIT_CIN,CIN,00-0027973,45,4.625507544435095,A.Dalton
2018,2018_06_PIT_CIN,PIT,00-0022924,47,20.10177144029413,B.Roethlisberger
2018,2018_06_SEA_OAK,LV,00-0031280,37,-13.936836733719261,D.Carr
2018,2018_06_SEA_OAK,SEA,00-0029263,24,12.019701860230981,R.Wilson
2018,2018_06_SF_GB,GB,00-0023459,48,5.792648913255001,A.Rodgers
2018,2018_06_SF_GB,SF,00-0033936,25,9.623562916385081,C.Beathard
2018,2018_06_TB_ATL,ATL,00-0026143,42,16.4509026355684,M.Ryan
2018,2018_06_TB_ATL,TB,00-0031503,43,13.605592094355924,J.Winston
2018,2018_07_BUF_IND,BUF,00-0023645,33,-22.78009707366518,D.Anderson
2018,2018_07_BUF_IND,IND,00-0029668,23,9.286951920134015,A.Luck
2018,2018_07_CAR_PHI,CAR,00-0027939,42,7.659428320403211,C.Newton
2018,2018_07_CAR_PHI,PHI,00-0032950,41,6.500292709377525,C.Wentz
2018,2018_07_CIN_KC,CIN,00-0027973,31,-11.209622573272936,A.Dalton
2018,2018_07_CIN_KC,CIN,00-0032436,4,2.555404937651474,J.Driskel
2018,2018_07_CIN_KC,KC,00-0033873,41,20.793432630122457,P.Mahomes
2018,2018_07_CLE_TB,CLE,00-0034855,39,-2.218055245350115,B.Mayfield
2018,2018_07_CLE_TB,TB,00-0031503,56,-5.725633531948028,J.Winston
2018,2018_07_DAL_WAS,DAL,00-0033077,39,-0.47804430651495267,D.Prescott
2018,2018_07_DAL_WAS,WAS,00-0023436,26,6.734257885376498,A.Smith
2018,2018_07_DEN_ARI,ARI,00-0034343,45,-38.896609647505485,J.Rosen
2018,2018_07_DEN_ARI,DEN,00-0027685,1,2.5614739569136873,E.Sanders
2018,2018_07_DEN_ARI,DEN,00-0028986,23,-0.7603312222345897,C.Keenum
2018,2018_07_DET_MIA,DET,00-0026498,23,14.111909707494918,M.Stafford
2018,2018_07_DET_MIA,MIA,00-0029682,35,6.262210297168791,B.Osweiler
2018,2018_07_HOU_JAX,HOU,00-0033537,25,2.6823281206991845,D.Watson
2018,2018_07_HOU_JAX,JAX,00-0031407,12,-1.966331483796239,B.Bortles
2018,2018_07_HOU_JAX,JAX,00-0033104,34,-4.687010032823309,C.Kessler
2018,2018_07_LA_SF,LA,00-0033106,25,8.894014867809378,J.Goff
2018,2018_07_LA_SF,SF,00-0033936,34,-23.402593992971504,C.Beathard
2018,2018_07_MIN_NYJ,MIN,00-0029604,41,2.2275522055612367,K.Cousins
2018,2018_07_MIN_NYJ,NYJ,00-0034869,45,-27.981399837221375,S.Darnold
2018,2018_07_NE_CHI,CHI,00-0033869,51,-5.773076121150008,M.Trubisky
2018,2018_07_NE_CHI,NE,00-0019596,37,14.705605775836803,T.Brady
2018,2018_07_NO_BAL,BAL,00-0026158,40,7.772040934942197,J.Flacco
2018,2018_07_NO_BAL,BAL,00-0034796,1,-0.41335801791504334,L.Jackson
2018,2018_07_NO_BAL,NO,00-0020531,31,7.135005423553389,D.Brees
2018,2018_07_NYG_ATL,ATL,00-0026143,42,17.43686496719754,M.Ryan
2018,2018_07_NYG_ATL,NYG,00-0022803,43,10.91610609283779,E.Manning
2018,2018_07_TEN_LAC,LAC,00-0022942,28,15.844671225181626,P.Rivers
2018,2018_07_TEN_LAC,TEN,00-0032268,35,9.418344724380349,M.Mariota
2018,2018_08_BAL_CAR,BAL,00-0026158,41,-6.479369779641274,J.Flacco
2018,2018_08_BAL_CAR,BAL,00-0034796,5,2.8064767416217364,L.Jackson
2018,2018_08_BAL_CAR,CAR,00-0027939,30,9.91352899589413,C.Newton
2018,2018_08_BAL_CAR,CAR,00-0031800,1,1.4484938479023595,T.Heinicke
2018,2018_08_CLE_PIT,CLE,00-0034855,39,-5.774726652596937,B.Mayfield
2018,2018_08_CLE_PIT,PIT,00-0022924,37,7.951697156204814,B.Roethlisberger
2018,2018_08_DEN_KC,DEN,00-0028986,39,0.5840330281113162,C.Keenum
2018,2018_08_DEN_KC,KC,00-0033873,36,12.312624551297631,P.Mahomes
2018,2018_08_GB_LA,GB,00-0023459,33,6.35248997876832,A.Rodgers
2018,2018_08_GB_LA,LA,00-0028872,1,3.1472080661915243,J.Hekker
2018,2018_08_GB_LA,LA,00-0033106,41,8.190356162999382,J.Goff
2018,2018_08_IND_OAK,IND,00-0029668,32,17.670837791753748,A.Luck
2018,2018_08_IND_OAK,LV,00-0031280,28,12.651435397157911,D.Carr
2018,2018_08_MIA_HOU,HOU,00-0033537,20,15.49307358590886,D.Watson
2018,2018_08_MIA_HOU,MIA,00-0026035,1,2.501789590693079,D.Amendola
2018,2018_08_MIA_HOU,MIA,00-0029682,39,-8.614925193329219,B.Osweiler
2018,2018_08_NE_BUF,BUF,00-0023645,42,-15.817688984526141,D.Anderson
2018,2018_08_NE_BUF,BUF,00-0033958,2,-0.5690811207750812,N.Peterman
2018,2018_08_NE_BUF,NE,00-0019596,47,7.701421385115045,T.Brady
2018,2018_08_NO_MIN,MIN,00-0029604,44,2.9989076465717517,K.Cousins
2018,2018_08_NO_MIN,NO,00-0020531,23,1.0721144459177,D.Brees
2018,2018_08_NO_MIN,NO,00-0033357,1,3.2023138132644817,T.Hill
2018,2018_08_NYJ_CHI,CHI,00-0033869,31,7.4620755807356325,M.Trubisky
2018,2018_08_NYJ_CHI,NYJ,00-0034869,30,1.3257823365565855,S.Darnold
2018,2018_08_PHI_JAX,JAX,00-0031407,46,-1.7679607954212417,B.Bortles
2018,2018_08_PHI_JAX,PHI,00-0032950,34,7.738375446885658,C.Wentz
2018,2018_08_SEA_DET,DET,00-0026498,43,1.870397615391994,M.Stafford
2018,2018_08_SEA_DET,SEA,00-0029263,19,15.82408848463092,R.Wilson
2018,2018_08_SF_ARI,ARI,00-0034343,44,0.030545316156465496,J.Rosen
2018,2018_08_SF_ARI,SF,00-0033936,32,-4.41158733228624,C.Beathard
2018,2018_08_TB_CIN,CIN,00-0027973,35,9.958056177390972,A.Dalton
2018,2018_08_TB_CIN,TB,00-0023682,17,13.963990191274323,R.Fitzpatrick
2018,2018_08_TB_CIN,TB,00-0031503,40,-11.900253384474912,J.Winston
2018,2018_08_WAS_NYG,NYG,00-0022803,53,-8.306000293513426,E.Manning
2018,2018_08_WAS_NYG,WAS,00-0023436,32,4.69212539519487,A.Smith
2018,2018_09_ATL_WAS,ATL,00-0026143,40,18.923770569705358,M.Ryan
2018,2018_09_ATL_WAS,WAS,00-0023436,49,-1.8825018150964752,A.Smith
2018,2018_09_CHI_BUF,BUF,00-0033958,54,-16.185267537674132,N.Peterman
2018,2018_09_CHI_BUF,CHI,00-0033869,21,-2.312383003528693,M.Trubisky
2018,2018_09_DET_MIN,DET,00-0026498,46,-8.94734336718552,M.Stafford
2018,2018_09_DET_MIN,MIN,00-0029604,23,1.9268558672206395,K.Cousins
2018,2018_09_GB_NE,GB,00-0023459,44,5.339622991034432,A.Rodgers
2018,2018_09_GB_NE,NE,00-0019596,37,0.21164952870348497,T.Brady
2018,2018_09_GB_NE,NE,00-0027150,1,3.39579070644686,J.Edelman
2018,2018_09_HOU_DEN,DEN,00-0028986,44,6.57698734996063,C.Keenum
2018,2018_09_HOU_DEN,HOU,00-0033537,28,7.230977313622693,D.Watson
2018,2018_09_KC_CLE,CLE,00-0028118,1,2.6865233868011273,T.Taylor
2018,2018_09_KC_CLE,CLE,00-0034855,47,-0.36893101324944233,B.Mayfield
2018,2018_09_KC_CLE,KC,00-0033873,33,24.34463034180297,P.Mahomes
2018,2018_09_LAC_SEA,LAC,00-0022942,29,6.554091712213432,P.Rivers
2018,2018_09_LAC_SEA,SEA,00-0029263,41,-10.887897041495352,R.Wilson
2018,2018_09_LA_NO,LA,00-0033106,41,15.822149877996942,J.Goff
2018,2018_09_LA_NO,NO,00-0020531,36,22.802751372760213,D.Brees
2018,2018_09_NYJ_MIA,MIA,00-0029682,28,-7.663986229556496,B.Osweiler
2018,2018_09_NYJ_MIA,NYJ,00-0034869,43,-17.504837171157885,S.Darnold
2018,2018_09_OAK_SF,LV,00-0031280,28,-2.818442233402151,D.Carr
2018,2018_09_OAK_SF,LV,00-0031288,4,-2.6052306575584225,A.McCarron
2018,2018_09_OAK_SF,SF,00-0033319,22,18.613880079083966,N.Mullens
2018,2018_09_PIT_BAL,BAL,00-0026158,39,-2.3622778386763557,J.Flacco
2018,2018_09_PIT_BAL,BAL,00-0034796,1,1.2236330843297765,L.Jackson
2018,2018_09_PIT_BAL,PIT,00-0022924,48,16.7185409672223,B.Roethlisberger
2018,2018_09_PIT_BAL,PIT,00-0033949,1,2.4286538404412568,J.Dobbs
2018,2018_09_TB_CAR,CAR,00-0027939,27,8.597569656878477,C.Newton
2018,2018_09_TB_CAR,TB,00-0023682,43,6.55159819801338,R.Fitzpatrick
2018,2018_09_TB_CAR,TB,00-0029692,1,-2.9034433721681125,B.Anger
2018,2018_09_TEN_DAL,DAL,00-0029000,1,-0.48140335240168497,C.Beasley
2018,2018_09_TEN_DAL,DAL,00-0033077,36,-5.4588265145687735,D.Prescott
2018,2018_09_TEN_DAL,TEN,00-0032268,33,8.76520185411633,M.Mariota
2018,2018_10_ARI_KC,ARI,00-0034343,44,-10.97917525054072,J.Rosen
2018,2018_10_ARI_KC,KC,00-0033873,34,5.843777468611234,P.Mahomes
2018,2018_10_ATL_CLE,ATL,00-0026143,54,8.944704364332303,M.Ryan
2018,2018_10_ATL_CLE,CLE,00-0034253,1,-6.418368357233703,D.Hilliard
2018,2018_10_ATL_CLE,CLE,00-0034855,20,18.98399450391298,B.Mayfield
2018,2018_10_BUF_NYJ,BUF,00-0030533,26,14.352384895724782,M.Barkley
2018,2018_10_BUF_NYJ,BUF,00-0031260,1,3.8066323082894087,L.Thomas
2018,2018_10_BUF_NYJ,NYJ,00-0021206,37,-21.178739119661557,J.McCown
2018,2018_10_CAR_PIT,CAR,00-0027939,34,-4.6398615020443685,C.Newton
2018,2018_10_CAR_PIT,PIT,00-0022924,26,27.658561375869134,B.Roethlisberger
2018,2018_10_CAR_PIT,PIT,00-0033949,2,-2.208423664327711,J.Dobbs
2018,2018_10_DAL_PHI,DAL,00-0033077,40,7.205087397374692,D.Prescott
2018,2018_10_DAL_PHI,PHI,00-0032950,45,-0.23685630722886764,C.Wentz
2018,2018_10_DET_CHI,CHI,00-0033869,32,16.890588252667843,M.Trubisky
2018,2018_10_DET_CHI,DET,00-0026498,50,-4.83160248040739,M.Stafford
2018,2018_10_JAX_IND,IND,00-0029668,29,13.604582106700613,A.Luck
2018,2018_10_JAX_IND,JAX,00-0031407,38,18.27160234443339,B.Bortles
2018,2018_10_JAX_IND,JAX,00-0034437,1,2.7448694991180673,L.Cooke
2018,2018_10_LAC_OAK,LAC,00-0022942,27,7.131024487408744,P.Rivers
2018,2018_10_LAC_OAK,LV,00-0031280,41,-11.654176644346954,D.Carr
2018,2018_10_MIA_GB,GB,00-0023459,30,1.4339097452315581,A.Rodgers
2018,2018_10_MIA_GB,MIA,00-0029682,43,-14.723644009817397,B.Osweiler
2018,2018_10_NE_TEN,NE,00-0019596,43,-3.8374553441630472,T.Brady
2018,2018_10_NE_TEN,NE,00-0026625,1,-0.1665413943119347,B.Hoyer
2018,2018_10_NE_TEN,NE,00-0027150,1,-0.22058557346463203,J.Edelman
2018,2018_10_NE_TEN,TEN,00-0031972,1,1.2712851711548865,D.Jennings
2018,2018_10_NE_TEN,TEN,00-0032268,26,9.324798964802554,M.Mariota
2018,2018_10_NO_CIN,CIN,00-0027973,23,-14.5259874551557,A.Dalton
2018,2018_10_NO_CIN,CIN,00-0032436,3,2.6286861146218143,J.Driskel
2018,2018_10_NO_CIN,NO,00-0020531,25,23.49721505539941,D.Brees
2018,2018_10_NO_CIN,NO,00-0031237,1,-1.166729175427918,T.Bridgewater
2018,2018_10_NO_CIN,NO,00-0033357,1,-0.31077154900413007,T.Hill
2018,2018_10_NYG_SF,NYG,00-0022803,32,5.522762064498597,E.Manning
2018,2018_10_NYG_SF,SF,00-0033319,37,0.09542037916356216,N.Mullens
2018,2018_10_SEA_LA,LA,00-0033106,41,12.22319722249337,J.Goff
2018,2018_10_SEA_LA,SEA,00-0029263,29,4.046438602899831,R.Wilson
2018,2018_10_WAS_TB,TB,00-0023682,43,0.5852678798673407,R.Fitzpatrick
2018,2018_10_WAS_TB,WAS,00-0023436,30,2.2854452548013917,A.Smith
2018,2018_11_CAR_DET,CAR,00-0027939,41,13.030296424239843,C.Newton
2018,2018_11_CAR_DET,CAR,00-0031800,1,-1.411477031186223,T.Heinicke
2018,2018_11_CAR_DET,DET,00-0026498,38,3.008933942385607,M.Stafford
2018,2018_11_CIN_BAL,BAL,00-0034796,22,-4.561684145407725,L.Jackson
2018,2018_11_CIN_BAL,CIN,00-0027973,37,3.691154306173397,A.Dalton
2018,2018_11_CIN_BAL,CIN,00-0033009,1,-0.5125943651655689,T.Boyd
2018,2018_11_DAL_ATL,ATL,00-0026143,37,0.6264150064561504,M.Ryan
2018,2018_11_DAL_ATL,DAL,00-0033077,34,2.963848625025069,D.Prescott
2018,2018_11_DEN_LAC,DEN,00-0028986,31,-1.0404215566522907,C.Keenum
2018,2018_11_DEN_LAC,DEN,00-0034064,1,3.3937394814565778,C.Wadman
2018,2018_11_DEN_LAC,LAC,00-0022942,46,14.037894401295228,P.Rivers
2018,2018_11_GB_SEA,GB,00-0023459,35,9.01290835886361,A.Rodgers
2018,2018_11_GB_SEA,SEA,00-0029263,34,4.952107059216441,R.Wilson
2018,2018_11_HOU_WAS,HOU,00-0033537,27,-1.8562891333910965,D.Watson
2018,2018_11_HOU_WAS,WAS,00-0023436,30,-20.09569342478062,A.Smith
2018,2018_11_HOU_WAS,WAS,00-0027688,12,-0.7039106074767123,C.McCoy
2018,2018_11_KC_LA,KC,00-0033873,49,9.35210398340132,P.Mahomes
2018,2018_11_KC_LA,LA,00-0033106,54,9.302107261105764,J.Goff
2018,2018_11_MIN_CHI,CHI,00-0033869,34,1.0404817300296865,M.Trubisky
2018,2018_11_MIN_CHI,MIN,00-0029604,50,-0.6066677135145627,K.Cousins
2018,2018_11_OAK_ARI,ARI,00-0034343,21,-7.715039451024495,J.Rosen
2018,2018_11_OAK_ARI,LV,00-0031280,33,0.2818591852586705,D.Carr
2018,2018_11_PHI_NO,NO,00-0020531,30,28.4637937453532,D.Brees
2018,2018_11_PHI_NO,NO,00-0033357,2,0.5003072316758335,T.Hill
2018,2018_11_PHI_NO,PHI,00-0032950,36,-19.630945391312707,C.Wentz
2018,2018_11_PIT_JAX,JAX,00-0031407,24,-6.901055931377689,B.Bortles
2018,2018_11_PIT_JAX,PIT,00-0022924,48,-7.898149376051035,B.Roethlisberger
2018,2018_11_TB_NYG,NYG,00-0022803,22,9.771985462246118,E.Manning
2018,2018_11_TB_NYG,TB,00-0023682,22,-8.175059748347849,R.Fitzpatrick
2018,2018_11_TB_NYG,TB,00-0031503,16,16.440531046071555,J.Winston
2018,2018_11_TEN_IND,IND,00-0029668,29,21.505083721945994,A.Luck
2018,2018_11_TEN_IND,IND,00-0031387,1,-1.6242491749035612,E.Ebron
2018,2018_11_TEN_IND,IND,00-0033119,2,-2.613399479072541,J.Brissett
2018,2018_11_TEN_IND,TEN,00-0027948,17,0.4178435573987187,B.Gabbert
2018,2018_11_TEN_IND,TEN,00-0032268,17,-4.425767669978086,M.Mariota
2018,2018_12_ARI_LAC,ARI,00-0034343,21,-9.888509871679387,J.Rosen
2018,2018_12_ARI_LAC,LAC,00-0022942,33,13.509012349211844,P.Rivers
2018,2018_12_ARI_LAC,LAC,00-0030565,3,-2.690533959675174,G.Smith
2018,2018_12_ATL_NO,ATL,00-0026143,53,4.573647225385968,M.Ryan
2018,2018_12_ATL_NO,NO,00-0020531,23,4.905633606712139,D.Brees
2018,2018_12_ATL_NO,NO,00-0033357,1,-1.0872052621562034,T.Hill
2018,2018_12_CHI_DET,CHI,00-0026544,42,1.2925958665477855,C.Daniel
2018,2018_12_CHI_DET,CHI,00-0034353,1,1.5813229362247512,A.Miller
2018,2018_12_CHI_DET,DET,00-0026498,41,-12.199781228877258,M.Stafford
2018,2018_12_CLE_CIN,CIN,00-0027973,17,1.8544549411648865,A.Dalton
2018,2018_12_CLE_CIN,CIN,00-0032436,30,1.1330598692293279,J.Driskel
2018,2018_12_CLE_CIN,CLE,00-0034855,26,22.3920373590081,B.Mayfield
2018,2018_12_GB_MIN,GB,00-0023459,32,-4.14451807138907,A.Rodgers
2018,2018_12_GB_MIN,MIN,00-0029604,39,12.278811415788265,K.Cousins
2018,2018_12_JAX_BUF,BUF,00-0034857,19,4.564811740827281,J.Allen
2018,2018_12_JAX_BUF,JAX,00-0031407,26,-8.649212133614743,B.Bortles
2018,2018_12_MIA_IND,IND,00-0029668,38,11.643114136050372,A.Luck
2018,2018_12_MIA_IND,IND,00-0033119,1,2.093132859270554,J.Brissett
2018,2018_12_MIA_IND,MIA,00-0029701,26,5.832384850443236,R.Tannehill
2018,2018_12_NE_NYJ,NE,00-0019596,31,15.240787663503898,T.Brady
2018,2018_12_NE_NYJ,NYJ,00-0021206,46,-3.5847164973397794,J.McCown
2018,2018_12_NYG_PHI,NYG,00-0022803,40,8.17802180981563,E.Manning
2018,2018_12_NYG_PHI,PHI,00-0032950,31,8.937418870068285,C.Wentz
2018,2018_12_OAK_BAL,BAL,00-0034796,26,-0.26388673216716674,L.Jackson
2018,2018_12_OAK_BAL,LV,00-0031280,37,-3.9071444824260144,D.Carr
2018,2018_12_PIT_DEN,DEN,00-0028986,30,2.9398188243503682,C.Keenum
2018,2018_12_PIT_DEN,PIT,00-0022924,58,11.286952957139775,B.Roethlisberger
2018,2018_12_PIT_DEN,PIT,00-0027793,1,-0.45709213684313,A.Brown
2018,2018_12_PIT_DEN,PIT,00-0031136,1,3.991391037561698,C.Boswell
2018,2018_12_SEA_CAR,CAR,00-0027939,30,8.47551739112955,C.Newton
2018,2018_12_SEA_CAR,SEA,00-0029263,32,21.08457116408116,R.Wilson
2018,2018_12_SF_TB,SF,00-0033319,36,-8.33738507173257,N.Mullens
2018,2018_12_SF_TB,TB,00-0031503,39,16.34146784056761,J.Winston
2018,2018_12_TEN_HOU,HOU,00-0033537,27,7.946944122028071,D.Watson
2018,2018_12_TEN_HOU,TEN,00-0032268,29,8.556618214434106,M.Mariota
2018,2018_12_WAS_DAL,DAL,00-0033077,35,7.864143891872304,D.Prescott
2018,2018_12_WAS_DAL,WAS,00-0027688,41,-5.2889878033632005,C.McCoy
2018,2018_13_ARI_GB,ARI,00-0034343,28,-2.0660581849240445,J.Rosen
2018,2018_13_ARI_GB,GB,00-0023459,51,2.5203272694326997,A.Rodgers
2018,2018_13_BAL_ATL,ATL,00-0026143,30,-13.783699940028306,M.Ryan
2018,2018_13_BAL_ATL,ATL,00-0029632,1,-1.7794958665035665,M.Sanu
2018,2018_13_BAL_ATL,BAL,00-0024417,1,4.490723728435114,S.Koch
2018,2018_13_BAL_ATL,BAL,00-0029665,4,0.5508823046218714,R.Griffin III
2018,2018_13_BAL_ATL,BAL,00-0034796,23,-13.105216288617775,L.Jackson
2018,2018_13_BUF_MIA,BUF,00-0034857,36,-1.8175204436629337,J.Allen
2018,2018_13_BUF_MIA,MIA,00-0029701,27,-0.6576108965091407,R.Tannehill
2018,2018_13_CAR_TB,CAR,00-0027939,45,-9.983239903409064,C.Newton
2018,2018_13_CAR_TB,CAR,00-0031800,1,-0.2525350940122735,T.Heinicke
2018,2018_13_CAR_TB,TB,00-0031503,34,9.276888440042967,J.Winston
2018,2018_13_CHI_NYG,CHI,00-0026544,44,-7.066627838533689,C.Daniel
2018,2018_13_CHI_NYG,CHI,00-0033556,1,3.157696620968636,T.Cohen
2018,2018_13_CHI_NYG,NYG,00-0022803,38,-5.924723118652745,E.Manning
2018,2018_13_CHI_NYG,NYG,00-0031235,1,3.853602353716269,O.Beckham
2018,2018_13_CLE_HOU,CLE,00-0034855,42,-3.4456522793769837,B.Mayfield
2018,2018_13_CLE_HOU,HOU,00-0033537,35,5.39221787243029,D.Watson
2018,2018_13_DEN_CIN,CIN,00-0032436,41,-8.821556689352171,J.Driskel
2018,2018_13_DEN_CIN,DEN,00-0028986,23,2.7695164462541824,C.Keenum
2018,2018_13_IND_JAX,IND,00-0029668,55,-11.000652328890283,A.Luck
2018,2018_13_IND_JAX,JAX,00-0033104,27,-1.3263962435038095,C.Kessler
2018,2018_13_KC_OAK,KC,00-0033873,38,17.364509399235075,P.Mahomes
2018,2018_13_KC_OAK,LV,00-0031280,41,12.476373976431834,D.Carr
2018,2018_13_LAC_PIT,LAC,00-0022942,40,18.28204765347094,P.Rivers
2018,2018_13_LAC_PIT,PIT,00-0022924,46,5.876179324479033,B.Roethlisberger
2018,2018_13_LA_DET,DET,00-0026498,37,-8.854254336121583,M.Stafford
2018,2018_13_LA_DET,DET,00-0031326,1,-0.44012234231922776,B.Ellington
2018,2018_13_LA_DET,LA,00-0033106,35,-5.031632285777805,J.Goff
2018,2018_13_MIN_NE,MIN,00-0029604,46,-11.606062870786815,K.Cousins
2018,2018_13_MIN_NE,NE,00-0019596,32,9.387925648456106,T.Brady
2018,2018_13_NO_DAL,DAL,00-0033077,35,2.728595862578726,D.Prescott
2018,2018_13_NO_DAL,NO,00-0020531,30,-9.376035984732923,D.Brees
2018,2018_13_NYJ_TEN,NYJ,00-0021206,32,-6.877847557925289,J.McCown
2018,2018_13_NYJ_TEN,TEN,00-0032268,38,-8.27238945509022,M.Mariota
2018,2018_13_SF_SEA,SEA,00-0029263,20,10.746720588759601,R.Wilson
2018,2018_13_SF_SEA,SF,00-0033319,49,5.513246330170659,N.Mullens
2018,2018_13_WAS_PHI,PHI,00-0032950,40,13.559661423705354,C.Wentz
2018,2018_13_WAS_PHI,WAS,00-0026898,23,-8.60116828757888,M.Sanchez
2018,2018_13_WAS_PHI,WAS,00-0027688,5,0.30039123630289755,C.McCoy
2018,2018_14_ATL_GB,ATL,00-0026143,44,6.577107786972951,M.Ryan
2018,2018_14_ATL_GB,GB,00-0023459,36,2.7931486753386565,A.Rodgers
2018,2018_14_BAL_KC,BAL,00-0029665,2,-0.4909141840180382,R.Griffin III
2018,2018_14_BAL_KC,BAL,00-0034796,26,6.658533020943153,L.Jackson
2018,2018_14_BAL_KC,KC,00-0033873,56,11.843110061586906,P.Mahomes
2018,2018_14_CAR_CLE,CAR,00-0027939,43,-1.620818223842976,C.Newton
2018,2018_14_CAR_CLE,CAR,00-0031800,1,-0.3156629945151508,T.Heinicke
2018,2018_14_CAR_CLE,CLE,00-0031382,1,-0.4268367775948718,J.Landry
2018,2018_14_CAR_CLE,CLE,00-0034855,23,7.795391534365727,B.Mayfield
2018,2018_14_CIN_LAC,CIN,00-0032436,32,3.3266725739323495,J.Driskel
2018,2018_14_CIN_LAC,LAC,00-0022942,31,3.607112901611325,P.Rivers
2018,2018_14_DEN_SF,DEN,00-0028986,44,-6.6911701211938635,C.Keenum
2018,2018_14_DEN_SF,SF,00-0033319,36,7.46069634057212,N.Mullens
2018,2018_14_DET_ARI,ARI,00-0034343,44,-12.990056433400156,J.Rosen
2018,2018_14_DET_ARI,DET,00-0026498,24,-5.586610378231853,M.Stafford
2018,2018_14_IND_HOU,HOU,00-0033537,43,3.617449871439021,D.Watson
2018,2018_14_IND_HOU,IND,00-0029668,43,11.074070079096325,A.Luck
2018,2018_14_JAX_TEN,JAX,00-0033104,47,-9.661639354482759,C.Kessler
2018,2018_14_JAX_TEN,TEN,00-0032268,25,2.1726481741009005,M.Mariota
2018,2018_14_LA_CHI,CHI,00-0033869,31,-14.511609145710727,M.Trubisky
2018,2018_14_LA_CHI,LA,00-0028872,1,2.5491983310785145,J.Hekker
2018,2018_14_LA_CHI,LA,00-0033106,47,-22.330966611209664,J.Goff
2018,2018_14_MIN_SEA,MIN,00-0029604,35,-11.927494941038338,K.Cousins
2018,2018_14_MIN_SEA,SEA,00-0029263,23,-13.040801968403958,R.Wilson
2018,2018_14_NE_MIA,MIA,00-0029682,1,-0.2663094864692539,B.Osweiler
2018,2018_14_NE_MIA,MIA,00-0029701,23,9.06508200604003,R.Tannehill
2018,2018_14_NE_MIA,NE,00-0019596,45,19.845912786265306,T.Brady
2018,2018_14_NO_TB,NO,00-0020531,32,1.3047120887628108,D.Brees
2018,2018_14_NO_TB,TB,00-0031503,42,-3.589767270943941,J.Winston
2018,2018_14_NYG_WAS,NYG,00-0022803,24,7.934800026629807,E.Manning
2018,2018_14_NYG_WAS,NYG,00-0034369,5,-6.705424459069036,K.Lauletta
2018,2018_14_NYG_WAS,WAS,00-0026300,18,8.598257754027378,J.Johnson
2018,2018_14_NYG_WAS,WAS,00-0026898,19,-23.08641109371092,M.Sanchez
2018,2018_14_NYJ_BUF,BUF,00-0033891,1,-1.4740563493601413,Z.Jones
2018,2018_14_NYJ_BUF,BUF,00-0034857,39,-5.301521312339528,J.Allen
2018,2018_14_NYJ_BUF,NYJ,00-0021206,1,-0.8017318688798696,J.McCown
2018,2018_14_NYJ_BUF,NYJ,00-0034869,24,6.13816303826934,S.Darnold
2018,2018_14_PHI_DAL,DAL,00-0033077,57,12.347931181089924,D.Prescott
2018,2018_14_PHI_DAL,PHI,00-0032950,34,5.1367695961473965,C.Wentz
2018,2018_14_PIT_OAK,LV,00-0031280,38,12.681608108192108,D.Carr
2018,2018_14_PIT_OAK,PIT,00-0022924,30,21.627844461630886,B.Roethlisberger
2018,2018_14_PIT_OAK,PIT,00-0033949,9,-10.874359199078754,J.Dobbs
2018,2018_15_ARI_ATL,ARI,00-0030520,15,5.011377869930584,M.Glennon
2018,2018_15_ARI_ATL,ARI,00-0034343,28,-22.38319648144534,J.Rosen
2018,2018_15_ARI_ATL,ATL,00-0026143,39,2.6096345937278174,M.Ryan
2018,2018_15_CLE_DEN,CLE,00-0034855,33,-2.2820318743715973,B.Mayfield
2018,2018_15_CLE_DEN,DEN,00-0028986,49,0.23485313218021542,C.Keenum
2018,2018_15_DAL_IND,DAL,00-0033077,42,-11.748634672411317,D.Prescott
2018,2018_15_DAL_IND,IND,00-0029668,26,6.672312843422878,A.Luck
2018,2018_15_DET_BUF,BUF,00-0034857,27,2.6441802412155084,J.Allen
2018,2018_15_DET_BUF,DET,00-0026498,29,3.14436079561034,M.Stafford
2018,2018_15_DET_BUF,DET,00-0030092,1,-0.947,S.Martin
2018,2018_15_GB_CHI,CHI,00-0033869,29,12.722823576309686,M.Trubisky
2018,2018_15_GB_CHI,GB,00-0023459,48,-1.224826258727949,A.Rodgers
2018,2018_15_HOU_NYJ,HOU,00-0033537,34,6.714972402280481,D.Watson
2018,2018_15_HOU_NYJ,NYJ,00-0034869,41,5.57386388787436,S.Darnold
2018,2018_15_LAC_KC,KC,00-0033873,36,10.18210533389356,P.Mahomes
2018,2018_15_LAC_KC,LAC,00-0022942,44,6.6275281536947,P.Rivers
2018,2018_15_MIA_MIN,MIA,00-0029701,33,-24.13856577223304,R.Tannehill
2018,2018_15_MIA_MIN,MIN,00-0029604,23,-1.61943543068183,K.Cousins
2018,2018_15_NE_PIT,NE,00-0019596,37,1.6708169225603342,T.Brady
2018,2018_15_NE_PIT,PIT,00-0022924,36,3.9538565472711107,B.Roethlisberger
2018,2018_15_NO_CAR,CAR,00-0027939,32,-11.351806280901656,C.Newton
2018,2018_15_NO_CAR,CAR,00-0033280,1,6.549201502930373,C.McCaffrey
2018,2018_15_NO_CAR,NO,00-0020531,38,-7.627305285002344,D.Brees
2018,2018_15_OAK_CIN,CIN,00-0032436,34,-5.7193790291453475,J.Driskel
2018,2018_15_OAK_CIN,LV,00-0031280,41,-4.153554435567047,D.Carr
2018,2018_15_PHI_LA,LA,00-0028872,1,-2.9254040635423735,J.Hekker
2018,2018_15_PHI_LA,LA,00-0033106,54,-2.108885895282358,J.Goff
2018,2018_15_PHI_LA,PHI,00-0029567,31,7.749633160033678,N.Foles
2018,2018_15_SEA_SF,SEA,00-0029263,34,8.628185285855881,R.Wilson
2018,2018_15_SEA_SF,SF,00-0033319,32,9.219761528255436,N.Mullens
2018,2018_15_TB_BAL,BAL,00-0034796,25,-0.016417037785522393,L.Jackson
2018,2018_15_TB_BAL,TB,00-0031503,26,-9.094646369476052,J.Winston
2018,2018_15_TEN_NYG,NYG,00-0022803,47,-11.655017948389286,E.Manning
2018,2018_15_TEN_NYG,TEN,00-0032268,21,-3.676522500412124,M.Mariota
2018,2018_15_TEN_NYG,TEN,00-0032764,1,0.43930181255564094,D.Henry
2018,2018_15_WAS_JAX,JAX,00-0033104,23,-21.31729784571962,C.Kessler
2018,2018_15_WAS_JAX,WAS,00-0026300,28,2.6624575299284317,J.Johnson
2018,2018_16_ATL_CAR,ATL,00-0026143,27,6.081744610352409,M.Ryan
2018,2018_16_ATL_CAR,CAR,00-0031800,54,-16.531174548494164,T.Heinicke
2018,2018_16_ATL_CAR,CAR,00-0034577,4,2.171928832656704,K.Allen
2018,2018_16_BAL_LAC,BAL,00-0034796,25,2.7359859769213326,L.Jackson
2018,2018_16_BAL_LAC,LAC,00-0022942,41,-10.293822553751617,P.Rivers
2018,2018_16_BUF_NE,BUF,00-0031716,1,-0.947,M.Darr
2018,2018_16_BUF_NE,BUF,00-0034857,41,-10.95709158367183,J.Allen
2018,2018_16_BUF_NE,NE,00-0019596,25,-12.241974662407301,T.Brady
2018,2018_16_BUF_NE,NE,00-0026625,1,-2.835396614158526,B.Hoyer
2018,2018_16_CHI_SF,CHI,00-0033869,32,10.043304651180954,M.Trubisky
2018,2018_16_CHI_SF,SF,00-0033319,39,-2.1397534874237434,N.Mullens
2018,2018_16_CIN_CLE,CIN,00-0032436,23,2.076802835415908,J.Driskel
2018,2018_16_CIN_CLE,CLE,00-0031382,1,3.99683427112177,J.Landry
2018,2018_16_CIN_CLE,CLE,00-0034855,37,14.685388359343309,B.Mayfield
2018,2018_16_DEN_OAK,DEN,00-0028986,38,-2.7436899838716036,C.Keenum
2018,2018_16_DEN_OAK,LV,00-0031280,27,4.14407780887119,D.Carr
2018,2018_16_GB_NYJ,GB,00-0023459,59,15.91200858362359,A.Rodgers
2018,2018_16_GB_NYJ,NYJ,00-0034869,37,20.11229764709951,S.Darnold
2018,2018_16_HOU_PHI,HOU,00-0033537,44,7.920985762997141,D.Watson
2018,2018_16_HOU_PHI,PHI,00-0029567,50,18.735046669127886,N.Foles
2018,2018_16_HOU_PHI,PHI,00-0032792,1,-0.27875079365912825,N.Sudfeld
2018,2018_16_JAX_MIA,JAX,00-0031407,7,0.7346683010816646,B.Bortles
2018,2018_16_JAX_MIA,JAX,00-0033104,22,-2.820096393872518,C.Kessler
2018,2018_16_JAX_MIA,JAX,00-0033839,1,-0.463822640478611,D.Westbrook
2018,2018_16_JAX_MIA,MIA,00-0029701,25,-8.278498843009814,R.Tannehill
2018,2018_16_KC_SEA,KC,00-0033873,41,7.724639018428455,P.Mahomes
2018,2018_16_KC_SEA,SEA,00-0029263,32,13.018152937503991,R.Wilson
2018,2018_16_LA_ARI,ARI,00-0022921,1,3.088042840885464,L.Fitzgerald
2018,2018_16_LA_ARI,ARI,00-0030520,7,3.7301398012205027,M.Glennon
2018,2018_16_LA_ARI,ARI,00-0034343,27,-12.00474118246365,J.Rosen
2018,2018_16_LA_ARI,LA,00-0033106,26,4.290715198002439,J.Goff
2018,2018_16_MIN_DET,DET,00-0023662,12,-7.932598804822192,M.Cassel
2018,2018_16_MIN_DET,DET,00-0026498,34,-13.389878007466287,M.Stafford
2018,2018_16_MIN_DET,MIN,00-0029604,30,9.854740493668013,K.Cousins
2018,2018_16_NYG_IND,IND,00-0029668,47,13.158004472468747,A.Luck
2018,2018_16_NYG_IND,NYG,00-0022803,33,18.503647317028758,E.Manning
2018,2018_16_PIT_NO,NO,00-0020531,41,9.41163430387462,D.Brees
2018,2018_16_PIT_NO,NO,00-0033357,1,-5.287774017546326,T.Hill
2018,2018_16_PIT_NO,PIT,00-0022924,53,17.377593727911133,B.Roethlisberger
2018,2018_16_TB_DAL,DAL,00-0033077,26,2.4865526465247214,D.Prescott
2018,2018_16_TB_DAL,TB,00-0031503,51,8.108424953223784,J.Winston
2018,2018_16_WAS_TEN,TEN,00-0027948,12,2.7666645174065354,B.Gabbert
2018,2018_16_WAS_TEN,TEN,00-0032268,15,3.33275826528552,M.Mariota
2018,2018_16_WAS_TEN,TEN,00-0032764,1,-0.41870754037518054,D.Henry
2018,2018_16_WAS_TEN,WAS,00-0026300,25,-2.784363169969052,J.Johnson
2018,2018_17_ARI_SEA,ARI,00-0034343,40,-21.22010680354531,J.Rosen
2018,2018_17_ARI_SEA,SEA,00-0029263,27,-10.088028335098858,R.Wilson
2018,2018_17_ATL_TB,ATL,00-0026143,45,14.262470254405173,M.Ryan
2018,2018_17_ATL_TB,ATL,00-0029632,1,2.7171994153759442,M.Sanu
2018,2018_17_ATL_TB,TB,00-0031503,38,8.556413776242682,J.Winston
2018,2018_17_CAR_NO,CAR,00-0031395,4,-0.35654913168400526,G.Gilbert
2018,2018_17_CAR_NO,CAR,00-0034577,27,10.921690390515245,K.Allen
2018,2018_17_CAR_NO,NO,00-0031237,24,-7.1145000829710625,T.Bridgewater
2018,2018_17_CHI_MIN,CHI,00-0033869,27,2.560917684619315,M.Trubisky
2018,2018_17_CHI_MIN,MIN,00-0029604,37,-22.892392994439593,K.Cousins
2018,2018_17_CIN_PIT,CIN,00-0032436,28,-12.280903726100194,J.Driskel
2018,2018_17_CIN_PIT,PIT,00-0022924,46,-3.2208767050899225,B.Roethlisberger
2018,2018_17_CLE_BAL,BAL,00-0034796,26,0.11878494844699627,L.Jackson
2018,2018_17_CLE_BAL,CLE,00-0034855,42,7.672706969632342,B.Mayfield
2018,2018_17_DAL_NYG,DAL,00-0033077,48,24.69278330000641,D.Prescott
2018,2018_17_DAL_NYG,NYG,00-0022803,43,4.1728322159083024,E.Manning
2018,2018_17_DET_GB,DET,00-0023853,1,4.070927621796727,M.Prater
2018,2018_17_DET_GB,DET,00-0026498,33,17.518835642948954,M.Stafford
2018,2018_17_DET_GB,GB,00-0023459,6,-4.561179609736428,A.Rodgers
2018,2018_17_DET_GB,GB,00-0033899,36,-18.85374335531378,D.Kizer
2018,2018_17_IND_TEN,IND,00-0029668,36,10.925210048215813,A.Luck
2018,2018_17_IND_TEN,TEN,00-0027948,29,-15.34206027356652,B.Gabbert
2018,2018_17_JAX_HOU,HOU,00-0033537,41,-2.396857024054336,D.Watson
2018,2018_17_JAX_HOU,JAX,00-0031407,31,-14.25383810087246,B.Bortles
2018,2018_17_LAC_DEN,DEN,00-0028986,50,-4.066086258293969,C.Keenum
2018,2018_17_LAC_DEN,LAC,00-0022942,24,0.20349850901402533,P.Rivers
2018,2018_17_LAC_DEN,LAC,00-0030565,1,-4.424216494197026,G.Smith
2018,2018_17_MIA_BUF,BUF,00-0034857,27,6.244505532114999,J.Allen
2018,2018_17_MIA_BUF,MIA,00-0029701,35,-16.84476944174809,R.Tannehill
2018,2018_17_MIA_BUF,MIA,00-0030085,1,1.2839272805140354,K.Stills
2018,2018_17_NYJ_NE,NE,00-0019596,34,12.980893960751294,T.Brady
2018,2018_17_NYJ_NE,NYJ,00-0034869,32,-10.088214210369319,S.Darnold
2018,2018_17_OAK_KC,KC,00-0026197,3,0.37695603776955977,C.Henne
2018,2018_17_OAK_KC,KC,00-0033873,24,15.96290556609165,P.Mahomes
2018,2018_17_OAK_KC,LV,00-0031280,36,-16.24728716755431,D.Carr
2018,2018_17_PHI_WAS,PHI,00-0029567,36,6.014133188217536,N.Foles
2018,2018_17_PHI_WAS,PHI,00-0032792,1,3.040024552610703,N.Sudfeld
2018,2018_17_PHI_WAS,WAS,00-0026300,31,-18.604551973578054,J.Johnson
2018,2018_17_PHI_WAS,WAS,00-0030140,1,2.7343886659946293,T.Way
2018,2018_17_SF_LA,LA,00-0032245,3,1.2564425312073348,S.Mannion
2018,2018_17_SF_LA,LA,00-0033106,25,13.912921448238194,J.Goff
2018,2018_17_SF_LA,SF,00-0033319,37,1.8879660513340495,N.Mullens
2018,2018_18_IND_HOU,HOU,00-0033537,52,-12.567946621507872,D.Watson
2018,2018_18_IND_HOU,IND,00-0029668,32,4.068261967448052,A.Luck
2018,2018_18_LAC_BAL,BAL,00-0034796,34,-4.8107338504632935,L.Jackson
2018,2018_18_LAC_BAL,LAC,00-0022942,34,-1.4061353211120198,P.Rivers
2018,2018_18_PHI_CHI,CHI,00-0033869,45,5.195608825823193,M.Trubisky
2018,2018_18_PHI_CHI,PHI,00-0029567,41,5.669450914022115,N.Foles
2018,2018_18_SEA_DAL,DAL,00-0033077,34,-1.678097550468606,D.Prescott
2018,2018_18_SEA_DAL,SEA,00-0029263,28,3.1194206712800083,R.Wilson
2018,2018_19_DAL_LA,DAL,00-0033077,33,5.922619347868022,D.Prescott
2018,2018_19_DAL_LA,LA,00-0033106,27,2.3004893275292377,J.Goff
2018,2018_19_IND_KC,IND,00-0029668,39,-15.196594071634227,A.Luck
2018,2018_19_IND_KC,KC,00-0033873,45,-0.7167118332557991,P.Mahomes
2018,2018_19_LAC_NE,LAC,00-0022942,55,8.80037413700507,P.Rivers
2018,2018_19_LAC_NE,NE,00-0019596,44,13.966160070592904,T.Brady
2018,2018_19_PHI_NO,NO,00-0020531,39,10.297078121683814,D.Brees
2018,2018_19_PHI_NO,PHI,00-0029567,31,-2.122146455629263,N.Foles
2018,2018_20_LA_NO,LA,00-0028872,1,3.347126215696335,J.Hekker
2018,2018_20_LA_NO,LA,00-0033106,41,1.0665062695712084,J.Goff
2018,2018_20_LA_NO,NO,00-0020531,42,1.3964532214803707,D.Brees
2018,2018_20_LA_NO,NO,00-0033357,1,-0.7643934868974611,T.Hill
2018,2018_20_NE_KC,KC,00-0033873,35,7.347626668587607,P.Mahomes
2018,2018_20_NE_KC,NE,00-0019596,46,12.540144872386009,T.Brady
2018,2018_21_NE_LA,LA,00-0033106,41,-11.525154927894944,J.Goff
2018,2018_21_NE_LA,NE,00-0019596,36,-2.6483250650993644,T.Brady
2019,2019_01_ATL_MIN,ATL,00-0026143,52,-7.880094879801385,M.Ryan
2019,2019_01_ATL_MIN,MIN,00-0029604,11,8.41886515065562,K.Cousins
2019,2019_01_BAL_MIA,BAL,00-0029665,6,8.937259258527774,R.Griffin
2019,2019_01_BAL_MIA,BAL,00-0034796,21,29.05243714518991,L.Jackson
2019,2019_01_BAL_MIA,MIA,00-0023682,31,0.4408684245119882,R.Fitzpatrick
2019,2019_01_BAL_MIA,MIA,00-0034343,4,-6.2659767244476825,J.Rosen
2019,2019_01_BUF_NYJ,BUF,00-0034857,38,-6.49079678784474,J.Allen
2019,2019_01_BUF_NYJ,NYJ,00-0034869,46,-3.570285405067562,S.Darnold
2019,2019_01_CIN_SEA,CIN,00-0027973,56,8.67743584828683,A.Dalton
2019,2019_01_CIN_SEA,SEA,00-0029263,24,4.026023040176369,R.Wilson
2019,2019_01_DEN_OAK,DEN,00-0026158,34,7.573604200706965,J.Flacco
2019,2019_01_DEN_OAK,LV,00-0031280,26,17.30340976442676,D.Carr
2019,2019_01_DET_ARI,ARI,00-0035228,60,-7.415795028411471,K.Murray
2019,2019_01_DET_ARI,DET,00-0026498,46,11.513459106300688,M.Stafford
2019,2019_01_GB_CHI,CHI,00-0033869,50,-14.581126674993754,M.Trubisky
2019,2019_01_GB_CHI,GB,00-0023459,35,-3.790537767054048,A.Rodgers
2019,2019_01_HOU_NO,HOU,00-0033537,36,7.570613407006022,D.Watson
2019,2019_01_HOU_NO,NO,00-0020531,42,13.503157870762006,D.Brees
2019,2019_01_IND_LAC,IND,00-0033119,29,6.569265783417714,J.Brissett
2019,2019_01_IND_LAC,LAC,00-0022942,38,7.975745781830012,P.Rivers
2019,2019_01_KC_JAX,JAX,00-0029567,8,6.1070978759089485,N.Foles
2019,2019_01_KC_JAX,JAX,00-0035289,27,8.786609229168027,G.Minshew
2019,2019_01_KC_JAX,KC,00-0025708,1,-0.3029050289360713,M.Moore
2019,2019_01_KC_JAX,KC,00-0033873,33,23.56154658283861,P.Mahomes
2019,2019_01_LA_CAR,CAR,00-0027939,40,-3.057616831352587,C.Newton
2019,2019_01_LA_CAR,LA,00-0033106,40,-1.9010606191861104,J.Goff
2019,2019_01_NYG_DAL,DAL,00-0033077,32,30.21752614644356,D.Prescott
2019,2019_01_NYG_DAL,NYG,00-0022803,45,1.707419518383622,E.Manning
2019,2019_01_NYG_DAL,NYG,00-0035710,4,0.3213784534018487,D.Jones
2019,2019_01_PIT_NE,NE,00-0019596,37,17.000392686236893,T.Brady
2019,2019_01_PIT_NE,NE,00-0027150,1,1.9238021319033576,J.Edelman
2019,2019_01_PIT_NE,PIT,00-0022924,48,-8.184870418769794,B.Roethlisberger
2019,2019_01_SF_TB,SF,00-0031345,29,0.1302024559937808,J.Garoppolo
2019,2019_01_SF_TB,TB,00-0031503,39,-23.019777031966736,J.Winston
2019,2019_01_TEN_CLE,CLE,00-0034855,43,-17.78464951738715,B.Mayfield
2019,2019_01_TEN_CLE,TEN,00-0032268,28,6.292000749559662,M.Mariota
2019,2019_01_WAS_PHI,PHI,00-0032950,40,17.389839017203876,C.Wentz
2019,2019_01_WAS_PHI,WAS,00-0028986,44,22.10245549335775,C.Keenum
2019,2019_02_ARI_BAL,ARI,00-0035228,43,10.457013250592547,K.Murray
2019,2019_02_ARI_BAL,BAL,00-0034796,39,8.932649838816676,L.Jackson
2019,2019_02_BUF_NYG,BUF,00-0034857,33,6.32332148833666,J.Allen
2019,2019_02_BUF_NYG,NYG,00-0022803,46,-8.68127586922741,E.Manning
2019,2019_02_CHI_DEN,CHI,00-0033869,27,-0.1226466291834409,M.Trubisky
2019,2019_02_CHI_DEN,DEN,00-0026158,53,8.05582141854253,J.Flacco
2019,2019_02_CLE_NYJ,CLE,00-0034855,37,1.6444845819781788,B.Mayfield
2019,2019_02_CLE_NYJ,NYJ,00-0032156,8,-5.561112757772207,T.Siemian
2019,2019_02_CLE_NYJ,NYJ,00-0034412,27,-4.962313338066451,L.Falk
2019,2019_02_DAL_WAS,DAL,00-0033077,31,12.421493609144868,D.Prescott
2019,2019_02_DAL_WAS,WAS,00-0028986,38,6.979027136927471,C.Keenum
2019,2019_02_IND_TEN,IND,00-0033119,30,-4.749171311123064,J.Brissett
2019,2019_02_IND_TEN,TEN,00-0032268,30,-3.197440523410619,M.Mariota
2019,2019_02_JAX_HOU,HOU,00-0033537,33,-5.807588512839654,D.Watson
2019,2019_02_JAX_HOU,JAX,00-0035289,37,-6.443293279581585,G.Minshew
2019,2019_02_KC_OAK,KC,00-0033873,46,25.75272763503017,P.Mahomes
2019,2019_02_KC_OAK,LV,00-0031280,41,-12.77904789778404,D.Carr
2019,2019_02_LAC_DET,DET,00-0026498,30,4.73803765916035,M.Stafford
2019,2019_02_LAC_DET,LAC,00-0022942,37,0.919869128293258,P.Rivers
2019,2019_02_MIN_GB,GB,00-0023459,36,5.121589428046718,A.Rodgers
2019,2019_02_MIN_GB,MIN,00-0029604,33,-13.416736880704743,K.Cousins
2019,2019_02_NE_MIA,MIA,00-0023682,25,-31.65814066980965,R.Fitzpatrick
2019,2019_02_NE_MIA,MIA,00-0034343,21,-8.817218028823845,J.Rosen
2019,2019_02_NE_MIA,NE,00-0019596,30,15.971405789570728,T.Brady
2019,2019_02_NO_LA,LA,00-0033106,31,7.715028638180169,J.Goff
2019,2019_02_NO_LA,NO,00-0020531,5,-2.475386181846261,D.Brees
2019,2019_02_NO_LA,NO,00-0031237,32,-1.4359951010482916,T.Bridgewater
2019,2019_02_PHI_ATL,ATL,00-0026143,44,1.7372072657552184,M.Ryan
2019,2019_02_PHI_ATL,PHI,00-0021206,5,1.1289297543116843,J.McCown
2019,2019_02_PHI_ATL,PHI,00-0032950,47,-4.372109904166204,C.Wentz
2019,2019_02_SEA_PIT,PIT,00-0022924,16,-4.980387801736264,B.Roethlisberger
2019,2019_02_SEA_PIT,PIT,00-0034771,20,-1.755844188659966,M.Rudolph
2019,2019_02_SEA_PIT,SEA,00-0029263,39,13.496241067398502,R.Wilson
2019,2019_02_SF_CIN,CIN,00-0027973,46,5.914097207342017,A.Dalton
2019,2019_02_SF_CIN,SF,00-0031345,25,16.610586905027617,J.Garoppolo
2019,2019_02_SF_CIN,SF,00-0034860,1,1.241805540630594,D.Pettis
2019,2019_02_TB_CAR,CAR,00-0027939,54,-4.105722198695153,C.Newton
2019,2019_02_TB_CAR,TB,00-0031503,28,4.696494561837657,J.Winston
2019,2019_03_ATL_IND,ATL,00-0026143,34,21.29821440214066,M.Ryan
2019,2019_03_ATL_IND,IND,00-0033119,38,17.46533436703717,J.Brissett
2019,2019_03_BAL_KC,BAL,00-0034796,47,0.6125163814535126,L.Jackson
2019,2019_03_BAL_KC,KC,00-0033873,38,16.303340877884878,P.Mahomes
2019,2019_03_CAR_ARI,ARI,00-0035228,51,-15.179669894452308,K.Murray
2019,2019_03_CAR_ARI,CAR,00-0034577,28,13.654386465292191,K.Allen
2019,2019_03_CHI_WAS,CHI,00-0033869,34,8.873983878752787,M.Trubisky
2019,2019_03_CHI_WAS,WAS,00-0028986,48,-11.2945777260449,C.Keenum
2019,2019_03_CIN_BUF,BUF,00-0034857,37,0.7097643171487471,J.Allen
2019,2019_03_CIN_BUF,CIN,00-0027973,37,-1.9134878578948111,A.Dalton
2019,2019_03_DEN_GB,DEN,00-0026158,34,-6.257949111411651,J.Flacco
2019,2019_03_DEN_GB,GB,00-0023459,29,6.420951008701673,A.Rodgers
2019,2019_03_DET_PHI,DET,00-0026498,32,5.2533305042558265,M.Stafford
2019,2019_03_DET_PHI,PHI,00-0032950,39,3.0773154396926548,C.Wentz
2019,2019_03_HOU_LAC,HOU,00-0033537,36,20.535220017701647,D.Watson
2019,2019_03_HOU_LAC,LAC,00-0022942,51,4.111933337264597,P.Rivers
2019,2019_03_LA_CLE,CLE,00-0034855,39,-4.861868006893545,B.Mayfield
2019,2019_03_LA_CLE,LA,00-0033106,40,2.098128508112693,J.Goff
2019,2019_03_MIA_DAL,DAL,00-0033077,33,5.036249645610975,D.Prescott
2019,2019_03_MIA_DAL,MIA,00-0023682,2,2.3178906643297523,R.Fitzpatrick
2019,2019_03_MIA_DAL,MIA,00-0034343,42,-10.293725394654157,J.Rosen
2019,2019_03_NO_SEA,NO,00-0031237,27,9.242063632409554,T.Bridgewater
2019,2019_03_NO_SEA,SEA,00-0029263,49,10.084095305704976,R.Wilson
2019,2019_03_NYG_TB,NYG,00-0035710,42,4.792724654898014,D.Jones
2019,2019_03_NYG_TB,TB,00-0031503,40,9.63020344966007,J.Winston
2019,2019_03_NYJ_NE,NE,00-0019596,42,10.751856933755334,T.Brady
2019,2019_03_NYJ_NE,NE,00-0035264,4,-9.22778603178449,J.Stidham
2019,2019_03_NYJ_NE,NYJ,00-0034412,27,-16.799893592484295,L.Falk
2019,2019_03_OAK_MIN,LV,00-0031280,38,0.1234912291347676,D.Carr
2019,2019_03_OAK_MIN,MIN,00-0029604,21,8.07680048845334,K.Cousins
2019,2019_03_PIT_SF,PIT,00-0034771,29,-6.578894193888742,M.Rudolph
2019,2019_03_PIT_SF,SF,00-0031345,33,3.5850174798397347,J.Garoppolo
2019,2019_03_TEN_JAX,JAX,00-0035289,30,1.4990724810042115,G.Minshew
2019,2019_03_TEN_JAX,TEN,00-0032268,49,-6.715727513714228,M.Mariota
2019,2019_04_CAR_HOU,CAR,00-0034577,37,-7.515192479546621,K.Allen
2019,2019_04_CAR_HOU,HOU,00-0030564,1,-6.88184687262401,D.Hopkins
2019,2019_04_CAR_HOU,HOU,00-0033537,38,-16.4352380522188,D.Watson
2019,2019_04_CIN_PIT,CIN,00-0027973,45,-26.17844489023817,A.Dalton
2019,2019_04_CIN_PIT,PIT,00-0034331,3,1.9826908117393032,J.Samuels
2019,2019_04_CIN_PIT,PIT,00-0034771,28,15.115513170603665,M.Rudolph
2019,2019_04_CLE_BAL,BAL,00-0034796,38,-1.755175004250864,L.Jackson
2019,2019_04_CLE_BAL,CLE,00-0031235,1,-0.4514114907942712,O.Beckham
2019,2019_04_CLE_BAL,CLE,00-0034855,32,14.887906034448656,B.Mayfield
2019,2019_04_DAL_NO,DAL,00-0033077,33,2.033156991500548,D.Prescott
2019,2019_04_DAL_NO,NO,00-0031237,35,-7.748189229201381,T.Bridgewater
2019,2019_04_JAX_DEN,DEN,00-0026158,38,4.681225194146818,J.Flacco
2019,2019_04_JAX_DEN,JAX,00-0035289,38,3.07527083142683,G.Minshew
2019,2019_04_KC_DET,DET,00-0026498,38,4.878112213468005,M.Stafford
2019,2019_04_KC_DET,KC,00-0033873,42,9.033451291520716,P.Mahomes
2019,2019_04_LAC_MIA,LAC,00-0022942,31,20.413421136008992,P.Rivers
2019,2019_04_LAC_MIA,LAC,00-0028118,1,1.1148185852216557,T.Taylor
2019,2019_04_LAC_MIA,MIA,00-0034343,28,-3.7953294080269377,J.Rosen
2019,2019_04_LAC_MIA,MIA,00-0035350,1,-0.9268504946958274,P.Williams
2019,2019_04_MIN_CHI,CHI,00-0026544,31,6.6673351100929015,C.Daniel
2019,2019_04_MIN_CHI,CHI,00-0033869,3,0.248881860403344,M.Trubisky
2019,2019_04_MIN_CHI,MIN,00-0029604,43,-10.096219994462327,K.Cousins
2019,2019_04_NE_BUF,BUF,00-0030533,17,-2.2074164889054373,M.Barkley
2019,2019_04_NE_BUF,BUF,00-0034857,31,-17.285171040424483,J.Allen
2019,2019_04_NE_BUF,NE,00-0019596,39,-15.861764478959971,T.Brady
2019,2019_04_OAK_IND,IND,00-0033119,46,1.6171189212002035,J.Brissett
2019,2019_04_OAK_IND,LV,00-0031280,32,7.454986670559107,D.Carr
2019,2019_04_PHI_GB,GB,00-0023459,53,13.343624228164613,A.Rodgers
2019,2019_04_PHI_GB,PHI,00-0032950,28,7.444635642299661,C.Wentz
2019,2019_04_SEA_ARI,ARI,00-0035228,36,-8.288578021645819,K.Murray
2019,2019_04_SEA_ARI,SEA,00-0029263,32,4.522079540905769,R.Wilson
2019,2019_04_TB_LA,LA,00-0033106,71,-2.881016569086883,J.Goff
2019,2019_04_TB_LA,TB,00-0031503,43,23.594103504784982,J.Winston
2019,2019_04_TEN_ATL,ATL,00-0026143,58,-4.734634936883603,M.Ryan
2019,2019_04_TEN_ATL,TEN,00-0032268,27,7.970272871153424,M.Mariota
2019,2019_04_WAS_NYG,NYG,00-0035710,31,6.413958172372077,D.Jones
2019,2019_04_WAS_NYG,WAS,00-0028986,12,-7.926565712550655,C.Keenum
2019,2019_04_WAS_NYG,WAS,00-0035232,19,-14.218382069017691,D.Haskins
2019,2019_05_ARI_CIN,ARI,00-0035228,32,10.059913802194938,K.Murray
2019,2019_05_ARI_CIN,CIN,00-0027973,39,9.418702324414207,A.Dalton
2019,2019_05_ATL_HOU,ATL,00-0026143,49,6.450351606856893,M.Ryan
2019,2019_05_ATL_HOU,HOU,00-0033537,33,32.197029992914494,D.Watson
2019,2019_05_BAL_PIT,BAL,00-0034796,33,-7.0969890291599125,L.Jackson
2019,2019_05_BAL_PIT,PIT,00-0034331,2,-5.494149733101949,J.Samuels
2019,2019_05_BAL_PIT,PIT,00-0034771,21,2.5232278101471803,M.Rudolph
2019,2019_05_BAL_PIT,PIT,00-0035577,9,2.652877118473824,D.Hodges
2019,2019_05_BUF_TEN,BUF,00-0034857,36,-3.870688497845549,J.Allen
2019,2019_05_BUF_TEN,TEN,00-0032268,27,-1.1384845080795023,M.Mariota
2019,2019_05_CHI_OAK,CHI,00-0026544,34,2.8956836182333063,C.Daniel
2019,2019_05_CHI_OAK,LV,00-0031280,32,7.175755536947246,D.Carr
2019,2019_05_CLE_SF,CLE,00-0031235,1,1.3543364126235249,O.Beckham
2019,2019_05_CLE_SF,CLE,00-0031395,1,-1.0041984762065113,G.Gilbert
2019,2019_05_CLE_SF,CLE,00-0034855,26,-23.269429728828456,B.Mayfield
2019,2019_05_CLE_SF,SF,00-0031345,31,6.755732430484077,J.Garoppolo
2019,2019_05_DEN_LAC,DEN,00-0026158,23,-5.349962226304837,J.Flacco
2019,2019_05_DEN_LAC,LAC,00-0022942,47,-15.869033358349265,P.Rivers
2019,2019_05_GB_DAL,DAL,00-0033077,47,1.7205161232360329,D.Prescott
2019,2019_05_GB_DAL,GB,00-0023459,36,2.171625465829771,A.Rodgers
2019,2019_05_IND_KC,IND,00-0033119,29,-6.284829201263923,J.Brissett
2019,2019_05_IND_KC,KC,00-0033873,43,3.291964547222777,P.Mahomes
2019,2019_05_JAX_CAR,CAR,00-0033280,1,-1.4129622866748832,C.McCaffrey
2019,2019_05_JAX_CAR,CAR,00-0034577,33,1.5439030935850953,K.Allen
2019,2019_05_JAX_CAR,JAX,00-0035289,46,-0.3759445805916721,G.Minshew
2019,2019_05_LA_SEA,LA,00-0033106,49,14.950029448701612,J.Goff
2019,2019_05_LA_SEA,SEA,00-0029263,25,17.194284842297336,R.Wilson
2019,2019_05_MIN_NYG,MIN,00-0029604,30,20.15892363541926,K.Cousins
2019,2019_05_MIN_NYG,NYG,00-0035710,42,-10.837936937342402,D.Jones
2019,2019_05_NE_WAS,NE,00-0019596,46,13.163979986698584,T.Brady
2019,2019_05_NE_WAS,NE,00-0035264,1,-0.9220796087756752,J.Stidham
2019,2019_05_NE_WAS,WAS,00-0027688,33,-22.01641057850793,C.McCoy
2019,2019_05_NYJ_PHI,NYJ,00-0031076,1,-0.8420424275100231,D.Fales
2019,2019_05_NYJ_PHI,NYJ,00-0034412,36,-34.13406071106516,L.Falk
2019,2019_05_NYJ_PHI,PHI,00-0032950,30,-0.0207817273410628,C.Wentz
2019,2019_05_TB_NO,NO,00-0031237,34,9.740943350280718,T.Bridgewater
2019,2019_05_TB_NO,NO,00-0033357,1,1.186817316687666,T.Hill
2019,2019_05_TB_NO,NO,00-0033906,1,0.9648147185798734,A.Kamara
2019,2019_05_TB_NO,TB,00-0031503,33,1.524636602792084,J.Winston
2019,2019_06_ATL_ARI,ARI,00-0035228,36,20.84961952025048,K.Murray
2019,2019_06_ATL_ARI,ATL,00-0026143,38,19.520304600304467,M.Ryan
2019,2019_06_CAR_TB,CAR,00-0034577,34,5.5319310932329735,K.Allen
2019,2019_06_CAR_TB,TB,00-0031503,62,-13.763563822851188,J.Winston
2019,2019_06_CIN_BAL,BAL,00-0034796,33,6.919105700955718,L.Jackson
2019,2019_06_CIN_BAL,CIN,00-0027973,41,-1.2792956426802462,A.Dalton
2019,2019_06_DAL_NYJ,DAL,00-0033077,42,11.209139482347789,D.Prescott
2019,2019_06_DAL_NYJ,NYJ,00-0034869,34,9.157033408834131,S.Darnold
2019,2019_06_DET_GB,DET,00-0026498,35,0.987792783080798,M.Stafford
2019,2019_06_DET_GB,GB,00-0023459,40,-2.4029161726187382,A.Rodgers
2019,2019_06_HOU_KC,HOU,00-0033537,43,15.265212335769272,D.Watson
2019,2019_06_HOU_KC,KC,00-0033873,36,1.5785097486524051,P.Mahomes
2019,2019_06_NO_JAX,JAX,00-0035289,31,-8.223406968872027,G.Minshew
2019,2019_06_NO_JAX,NO,00-0031237,39,2.5408198489443787,T.Bridgewater
2019,2019_06_NYG_NE,NE,00-0019596,44,-2.469827356711532,T.Brady
2019,2019_06_NYG_NE,NYG,00-0035710,32,-17.757883654820034,D.Jones
2019,2019_06_PHI_MIN,MIN,00-0029604,30,16.515344821395047,K.Cousins
2019,2019_06_PHI_MIN,PHI,00-0032950,42,5.559232614044117,C.Wentz
2019,2019_06_PHI_MIN,PHI,00-0033787,1,-2.403068722342141,J.Elliott
2019,2019_06_PIT_LAC,LAC,00-0022942,45,5.734995656104911,P.Rivers
2019,2019_06_PIT_LAC,PIT,00-0035577,20,2.595785058222424,D.Hodges
2019,2019_06_SEA_CLE,CLE,00-0034855,37,-2.139115841506282,B.Mayfield
2019,2019_06_SEA_CLE,SEA,00-0029263,36,17.381087264127938,R.Wilson
2019,2019_06_SF_LA,LA,00-0033106,28,-18.18959006399382,J.Goff
2019,2019_06_SF_LA,SF,00-0031345,35,-0.1373105095611464,J.Garoppolo
2019,2019_06_TEN_DEN,DEN,00-0026158,29,-3.3285842785526385,J.Flacco
2019,2019_06_TEN_DEN,TEN,00-0029701,20,-4.964917499804869,R.Tannehill
2019,2019_06_TEN_DEN,TEN,00-0032268,21,-11.536861487664282,M.Mariota
2019,2019_06_WAS_MIA,MIA,00-0023682,18,4.250180257586297,R.Fitzpatrick
2019,2019_06_WAS_MIA,MIA,00-0034343,30,-20.29288352158619,J.Rosen
2019,2019_06_WAS_MIA,WAS,00-0028986,25,1.022856547057934,C.Keenum
2019,2019_07_ARI_NYG,ARI,00-0035228,23,4.333609688697955,K.Murray
2019,2019_07_ARI_NYG,NYG,00-0035710,43,-14.817202244739748,D.Jones
2019,2019_07_BAL_SEA,BAL,00-0034796,21,0.7134101325470068,L.Jackson
2019,2019_07_BAL_SEA,SEA,00-0029263,42,-7.155095989316014,R.Wilson
2019,2019_07_HOU_IND,HOU,00-0033537,37,1.9117577140879092,D.Watson
2019,2019_07_HOU_IND,IND,00-0033119,40,18.440417701291157,J.Brissett
2019,2019_07_HOU_IND,IND,00-0033251,1,-0.7042251150123775,Z.Pascal
2019,2019_07_JAX_CIN,CIN,00-0027973,45,-12.01128219144154,A.Dalton
2019,2019_07_JAX_CIN,JAX,00-0035289,34,4.550762067080781,G.Minshew II
2019,2019_07_KC_DEN,DEN,00-0026158,42,-20.408420240532244,J.Flacco
2019,2019_07_KC_DEN,DEN,00-0034064,1,-3.1850804274436086,C.Wadman
2019,2019_07_KC_DEN,KC,00-0025708,20,-2.9121598508208004,M.Moore
2019,2019_07_KC_DEN,KC,00-0033873,11,4.93127063263715,P.Mahomes
2019,2019_07_LAC_TEN,LAC,00-0022942,39,14.097997065232567,P.Rivers
2019,2019_07_LAC_TEN,TEN,00-0025825,1,3.6674283910542727,B.Kern
2019,2019_07_LAC_TEN,TEN,00-0029701,31,11.351029124794596,R.Tannehill
2019,2019_07_LA_ATL,ATL,00-0022787,6,5.308697259170003,M.Schaub
2019,2019_07_LA_ATL,ATL,00-0026143,32,-16.760598527426026,M.Ryan
2019,2019_07_LA_ATL,LA,00-0028872,1,3.900732734298799,J.Hekker
2019,2019_07_LA_ATL,LA,00-0033106,37,14.471647819431336,J.Goff
2019,2019_07_MIA_BUF,BUF,00-0034857,28,7.955241858063982,J.Allen
2019,2019_07_MIA_BUF,MIA,00-0023682,34,9.121384209196547,R.Fitzpatrick
2019,2019_07_MIA_BUF,MIA,00-0030669,1,-1.760609155287966,A.Wilson
2019,2019_07_MIN_DET,DET,00-0026498,48,11.808803153466284,M.Stafford
2019,2019_07_MIN_DET,MIN,00-0029604,34,25.224982681999176,K.Cousins
2019,2019_07_NE_NYJ,NE,00-0019596,45,4.303886520670988,T.Brady
2019,2019_07_NE_NYJ,NYJ,00-0034869,33,-31.661473809042946,S.Darnold
2019,2019_07_NO_CHI,CHI,00-0033869,57,-1.8209348601995687,M.Trubisky
2019,2019_07_NO_CHI,NO,00-0031237,39,10.772286143073677,T.Bridgewater
2019,2019_07_OAK_GB,GB,00-0023459,32,31.815392494900152,A.Rodgers
2019,2019_07_OAK_GB,LV,00-0030520,3,4.706848090805579,M.Glennon
2019,2019_07_OAK_GB,LV,00-0031280,28,18.08033559300149,D.Carr
2019,2019_07_PHI_DAL,DAL,00-0033077,30,8.0832003745193,D.Prescott
2019,2019_07_PHI_DAL,PHI,00-0032950,29,-7.612117565133296,C.Wentz
2019,2019_07_SF_WAS,SF,00-0031345,23,0.9336152416778476,J.Garoppolo
2019,2019_07_SF_WAS,WAS,00-0028986,15,-0.6780487125077341,C.Keenum
2019,2019_08_ARI_NO,ARI,00-0031589,2,-1.849896989762783,B.Hundley
2019,2019_08_ARI_NO,ARI,00-0035228,36,-8.799851977082806,K.Murray
2019,2019_08_ARI_NO,NO,00-0020531,43,13.713395725530512,D.Brees
2019,2019_08_CAR_SF,CAR,00-0034577,44,-31.14930291194223,K.Allen
2019,2019_08_CAR_SF,SF,00-0031345,25,5.10622141539352,J.Garoppolo
2019,2019_08_CAR_SF,SF,00-0034941,1,-0.947,M.Wishnowsky
2019,2019_08_CIN_LA,CIN,00-0027973,54,-0.6786366243608435,A.Dalton
2019,2019_08_CIN_LA,LA,00-0033106,31,23.486439635844093,J.Goff
2019,2019_08_CLE_NE,CLE,00-0034855,36,-9.197321541844524,B.Mayfield
2019,2019_08_CLE_NE,NE,00-0019596,39,5.203697566407288,T.Brady
2019,2019_08_DEN_IND,DEN,00-0026158,35,-7.112248691653232,J.Flacco
2019,2019_08_DEN_IND,IND,00-0033119,28,-5.440964222625548,J.Brissett
2019,2019_08_GB_KC,GB,00-0023459,38,13.788599677070836,A.Rodgers
2019,2019_08_GB_KC,KC,00-0025708,38,7.400892836258557,M.Moore
2019,2019_08_LAC_CHI,CHI,00-0033869,38,-3.722353285545678,M.Trubisky
2019,2019_08_LAC_CHI,LAC,00-0022942,30,-0.5908210777966616,P.Rivers
2019,2019_08_MIA_PIT,MIA,00-0023682,38,-3.2320515802130103,R.Fitzpatrick
2019,2019_08_MIA_PIT,PIT,00-0034771,38,3.619760311245917,M.Rudolph
2019,2019_08_NYG_DET,DET,00-0026498,36,16.986739607612257,M.Stafford
2019,2019_08_NYG_DET,NYG,00-0035710,45,0.8155498884008265,D.Jones
2019,2019_08_NYJ_JAX,JAX,00-0035289,36,12.338720282982957,G.Minshew II
2019,2019_08_NYJ_JAX,NYJ,00-0034869,39,-9.65003450647043,S.Darnold
2019,2019_08_OAK_HOU,HOU,00-0033537,42,10.615891871995498,D.Watson
2019,2019_08_OAK_HOU,LV,00-0031280,30,14.74048679560623,D.Carr
2019,2019_08_PHI_BUF,BUF,00-0034857,38,-4.970023579720873,J.Allen
2019,2019_08_PHI_BUF,PHI,00-0032950,27,3.8239763149861408,C.Wentz
2019,2019_08_SEA_ATL,ATL,00-0022787,54,17.86753664822274,M.Schaub
2019,2019_08_SEA_ATL,SEA,00-0029263,22,8.225665668682835,R.Wilson
2019,2019_08_TB_TEN,TB,00-0031503,47,2.781986812299854,J.Winston
2019,2019_08_TB_TEN,TEN,00-0029701,36,3.225798157706355,R.Tannehill
2019,2019_08_WAS_MIN,MIN,00-0029604,29,12.152222205652096,K.Cousins
2019,2019_08_WAS_MIN,WAS,00-0028986,18,0.8701659142868698,C.Keenum
2019,2019_08_WAS_MIN,WAS,00-0035232,7,-9.431494514611297,D.Haskins
2019,2019_09_CHI_PHI,CHI,00-0033869,24,-6.46577211539261,M.Trubisky
2019,2019_09_CHI_PHI,PHI,00-0032950,43,6.534390269299422,C.Wentz
2019,2019_09_CLE_DEN,CLE,00-0034855,44,7.056043088470124,B.Mayfield
2019,2019_09_CLE_DEN,DEN,00-0032434,23,2.0701878344668967,B.Allen
2019,2019_09_DAL_NYG,DAL,00-0033077,35,9.074842749452865,D.Prescott
2019,2019_09_DAL_NYG,NYG,00-0035710,46,-12.924077086202052,D.Jones
2019,2019_09_DET_OAK,DET,00-0026498,43,12.59269914346346,M.Stafford
2019,2019_09_DET_OAK,LV,00-0031280,32,12.18612634869652,D.Carr
2019,2019_09_GB_LAC,GB,00-0023459,38,-3.262672418682988,A.Rodgers
2019,2019_09_GB_LAC,LAC,00-0022942,30,9.793150316929156,P.Rivers
2019,2019_09_HOU_JAX,HOU,00-0033537,29,14.430471978937655,D.Watson
2019,2019_09_HOU_JAX,JAX,00-0034437,1,-3.830033043283038,L.Cooke
2019,2019_09_HOU_JAX,JAX,00-0035289,50,-12.307640848373932,G.Minshew II
2019,2019_09_IND_PIT,IND,00-0026625,31,-9.53608423554385,B.Hoyer
2019,2019_09_IND_PIT,IND,00-0033119,6,3.287900064548012,J.Brissett
2019,2019_09_IND_PIT,PIT,00-0034771,36,-0.8456301456319144,M.Rudolph
2019,2019_09_MIN_KC,KC,00-0025708,39,2.5455976401526783,M.Moore
2019,2019_09_MIN_KC,MIN,00-0029604,39,10.425600109331825,K.Cousins
2019,2019_09_NE_BAL,BAL,00-0034796,24,12.71847817426922,L.Jackson
2019,2019_09_NE_BAL,NE,00-0019596,48,2.100136071663657,T.Brady
2019,2019_09_NYJ_MIA,MIA,00-0023682,40,12.872626873627242,R.Fitzpatrick
2019,2019_09_NYJ_MIA,NYJ,00-0034869,41,2.7564704831035165,S.Darnold
2019,2019_09_SF_ARI,ARI,00-0035228,28,5.414916700556964,K.Murray
2019,2019_09_SF_ARI,SF,00-0031345,38,21.886934804613706,J.Garoppolo
2019,2019_09_TB_SEA,SEA,00-0029263,47,16.47228930761717,R.Wilson
2019,2019_09_TB_SEA,TB,00-0031503,46,10.777608861619049,J.Winston
2019,2019_09_TEN_CAR,CAR,00-0034577,35,4.271298810151205,K.Allen
2019,2019_09_TEN_CAR,TEN,00-0029701,42,3.994524911203288,R.Tannehill
2019,2019_09_WAS_BUF,BUF,00-0034857,22,7.5570413155280916,Jos.Allen
2019,2019_09_WAS_BUF,WAS,00-0035232,26,-5.298543296337437,D.Haskins
2019,2019_10_ARI_TB,ARI,00-0022824,1,4.240687240380794,A.Lee
2019,2019_10_ARI_TB,ARI,00-0035228,46,5.7762987127748655,K.Murray
2019,2019_10_ARI_TB,TB,00-0031503,52,0.623025261548892,J.Winston
2019,2019_10_ATL_NO,ATL,00-0026143,36,-0.6525643447244307,M.Ryan
2019,2019_10_ATL_NO,NO,00-0020531,49,-17.505181685771543,D.Brees
2019,2019_10_ATL_NO,NO,00-0033357,1,1.0697987357270904,T.Hill
2019,2019_10_BAL_CIN,BAL,00-0029665,6,-3.4283384409500286,R.Griffin III
2019,2019_10_BAL_CIN,BAL,00-0034796,16,23.07903510270989,L.Jackson
2019,2019_10_BAL_CIN,CIN,00-0035652,32,-23.89351424214841,R.Finley
2019,2019_10_BUF_CLE,BUF,00-0034857,42,-2.662629081165818,Jos.Allen
2019,2019_10_BUF_CLE,CLE,00-0034855,40,5.021019199754509,B.Mayfield
2019,2019_10_CAR_GB,CAR,00-0034577,47,1.9839694073265333,K.Allen
2019,2019_10_CAR_GB,GB,00-0023459,31,4.1606072379800025,A.Rodgers
2019,2019_10_DET_CHI,CHI,00-0033869,28,-1.2139273391803729,M.Trubisky
2019,2019_10_DET_CHI,DET,00-0032436,46,-10.651676323781905,J.Driskel
2019,2019_10_KC_TEN,KC,00-0023534,1,-2.305290963675361,D.Colquitt
2019,2019_10_KC_TEN,KC,00-0033873,52,24.450631090026132,P.Mahomes
2019,2019_10_KC_TEN,TEN,00-0029701,23,-2.676523348607589,R.Tannehill
2019,2019_10_LAC_OAK,LAC,00-0022942,36,-12.220282213792364,P.Rivers
2019,2019_10_LAC_OAK,LV,00-0031280,34,4.6442396644321775,D.Carr
2019,2019_10_LA_PIT,LA,00-0028872,1,-3.512392898788676,J.Hekker
2019,2019_10_LA_PIT,LA,00-0033106,45,-18.064404790597795,J.Goff
2019,2019_10_LA_PIT,PIT,00-0034771,41,0.3700505386805162,M.Rudolph
2019,2019_10_MIA_IND,IND,00-0026625,40,-17.505054362314024,B.Hoyer
2019,2019_10_MIA_IND,MIA,00-0023682,36,-4.715776869212277,R.Fitzpatrick
2019,2019_10_MIN_DAL,DAL,00-0028002,1,-0.398940063547343,R.Cobb
2019,2019_10_MIN_DAL,DAL,00-0033077,47,20.737867520321704,D.Prescott
2019,2019_10_MIN_DAL,MIN,00-0029604,34,11.761838272964225,K.Cousins
2019,2019_10_NYG_NYJ,NYG,00-0032943,1,-0.947,R.Dixon
2019,2019_10_NYG_NYJ,NYG,00-0035710,47,5.451047148366459,D.Jones
2019,2019_10_NYG_NYJ,NYJ,00-0034869,32,4.433457751161545,S.Darnold
2019,2019_10_SEA_SF,SEA,00-0029263,38,-13.364068443566794,R.Wilson
2019,2019_10_SEA_SF,SF,00-0031345,51,-20.70559854364174,J.Garoppolo
2019,2019_11_ARI_SF,ARI,00-0035228,37,2.1612225840719663,K.Murray
2019,2019_11_ARI_SF,SF,00-0031345,48,12.359066119635944,J.Garoppolo
2019,2019_11_ATL_CAR,ATL,00-0026143,35,12.91192101676331,M.Ryan
2019,2019_11_ATL_CAR,ATL,00-0030465,1,-0.1481077503412962,K.Barner
2019,2019_11_ATL_CAR,CAR,00-0034577,55,-17.93791938434834,K.Allen
2019,2019_11_BUF_MIA,BUF,00-0034857,33,12.109179094266384,Jos.Allen
2019,2019_11_BUF_MIA,MIA,00-0023682,53,-6.209069774820702,R.Fitzpatrick
2019,2019_11_CHI_LA,CHI,00-0026544,6,-4.849137832876295,C.Daniel
2019,2019_11_CHI_LA,CHI,00-0033869,44,-7.8386996621154434,M.Trubisky
2019,2019_11_CHI_LA,LA,00-0033106,18,5.149333823850611,J.Goff
2019,2019_11_CIN_OAK,CIN,00-0035652,36,-20.533691165949843,R.Finley
2019,2019_11_CIN_OAK,LV,00-0031280,32,6.931831704900247,D.Carr
2019,2019_11_DAL_DET,DAL,00-0033077,47,21.15775475890036,D.Prescott
2019,2019_11_DAL_DET,DET,00-0032436,30,4.532903495463077,J.Driskel
2019,2019_11_DEN_MIN,DEN,00-0032434,41,-6.15327095373989,B.Allen
2019,2019_11_DEN_MIN,DEN,00-0034348,1,2.553815155522898,C.Sutton
2019,2019_11_DEN_MIN,MIN,00-0029604,41,6.849909079421312,K.Cousins
2019,2019_11_HOU_BAL,BAL,00-0024417,1,-2.624801553087309,S.Koch
2019,2019_11_HOU_BAL,BAL,00-0029665,2,0.8829059146810323,R.Griffin III
2019,2019_11_HOU_BAL,BAL,00-0034796,24,20.09327173876881,L.Jackson
2019,2019_11_HOU_BAL,HOU,00-0031288,2,-4.611413627571892,A.McCarron
2019,2019_11_HOU_BAL,HOU,00-0033537,35,-17.663476990528228,D.Watson
2019,2019_11_JAX_IND,IND,00-0033119,27,-0.3232262677651341,J.Brissett
2019,2019_11_JAX_IND,JAX,00-0029567,50,-5.675666715112677,N.Foles
2019,2019_11_KC_LAC,KC,00-0033873,33,-1.7647045655362672,P.Mahomes
2019,2019_11_KC_LAC,LAC,00-0022942,53,-2.317023142946332,P.Rivers
2019,2019_11_NE_PHI,NE,00-0019596,48,-5.90288433864299,T.Brady
2019,2019_11_NE_PHI,NE,00-0027150,1,3.612264456693083,J.Edelman
2019,2019_11_NE_PHI,PHI,00-0032950,44,-15.842970790836135,C.Wentz
2019,2019_11_NO_TB,NO,00-0020531,35,11.7335873374257,D.Brees
2019,2019_11_NO_TB,NO,00-0033357,1,-2.2278687220532447,T.Hill
2019,2019_11_NO_TB,TB,00-0031503,53,-10.20114450884779,J.Winston
2019,2019_11_NYJ_WAS,NYJ,00-0028064,1,-0.5224094889126718,B.Powell
2019,2019_11_NYJ_WAS,NYJ,00-0034869,32,11.110092963160064,S.Darnold
2019,2019_11_NYJ_WAS,WAS,00-0035232,43,-13.57301381715363,D.Haskins
2019,2019_11_PIT_CLE,CLE,00-0034855,33,1.083247806824918,B.Mayfield
2019,2019_11_PIT_CLE,PIT,00-0034771,48,-29.0768252029465,M.Rudolph
2019,2019_12_BAL_LA,BAL,00-0029665,4,0.9771440128180008,R.Griffin III
2019,2019_12_BAL_LA,BAL,00-0034796,22,23.36248613253701,L.Jackson
2019,2019_12_BAL_LA,LA,00-0033106,39,-9.27333971042414,J.Goff
2019,2019_12_CAR_NO,CAR,00-0034577,41,12.527069943798278,K.Allen
2019,2019_12_CAR_NO,NO,00-0020531,40,8.779703674194804,D.Brees
2019,2019_12_DAL_NE,DAL,00-0033077,33,-6.486218234025767,D.Prescott
2019,2019_12_DAL_NE,NE,00-0019596,39,-6.427478578120861,T.Brady
2019,2019_12_DEN_BUF,BUF,00-0034857,25,3.2645569240044723,J.Allen
2019,2019_12_DEN_BUF,DEN,00-0032434,29,-17.46525665276597,B.Allen
2019,2019_12_DET_WAS,DET,00-0032436,39,-3.060989034789696,J.Driskel
2019,2019_12_DET_WAS,WAS,00-0034928,1,-0.3598180672270246,S.Sims
2019,2019_12_DET_WAS,WAS,00-0035232,32,-13.104089282985012,D.Haskins
2019,2019_12_GB_SF,GB,00-0023459,39,-17.03164490051847,A.Rodgers
2019,2019_12_GB_SF,GB,00-0034177,4,-0.454420716734603,T.Boyle
2019,2019_12_GB_SF,SF,00-0031345,22,8.171917855273517,J.Garoppolo
2019,2019_12_IND_HOU,HOU,00-0033537,31,7.496709455318575,D.Watson
2019,2019_12_IND_HOU,IND,00-0033119,25,-0.8763364603960389,J.Brissett
2019,2019_12_JAX_TEN,JAX,00-0029567,53,-0.3292120964075631,N.Foles
2019,2019_12_JAX_TEN,TEN,00-0029701,19,12.157669562118826,R.Tannehill
2019,2019_12_MIA_CLE,CLE,00-0034855,35,13.642490753519668,B.Mayfield
2019,2019_12_MIA_CLE,MIA,00-0023682,42,-4.805927489418536,R.Fitzpatrick
2019,2019_12_NYG_CHI,CHI,00-0033869,43,-5.523383856229131,M.Trubisky
2019,2019_12_NYG_CHI,NYG,00-0035710,37,-14.12860940907298,D.Jones
2019,2019_12_OAK_NYJ,LV,00-0030520,7,-3.6604125986341383,M.Glennon
2019,2019_12_OAK_NYJ,LV,00-0031280,27,-7.196215271231909,D.Carr
2019,2019_12_OAK_NYJ,NYJ,00-0034869,30,15.29562134842308,S.Darnold
2019,2019_12_PIT_CIN,CIN,00-0035652,30,-8.209553244411424,R.Finley
2019,2019_12_PIT_CIN,PIT,00-0034771,17,-6.171285589978724,M.Rudolph
2019,2019_12_PIT_CIN,PIT,00-0035577,13,0.5910031308723072,D.Hodges
2019,2019_12_SEA_PHI,PHI,00-0032950,48,-9.672012997340726,C.Wentz
2019,2019_12_SEA_PHI,SEA,00-0029263,31,-3.7124950770200336,R.Wilson
2019,2019_12_TB_ATL,ATL,00-0022787,10,3.485923742977437,M.Schaub
2019,2019_12_TB_ATL,ATL,00-0026143,52,-14.449115160395104,M.Ryan
2019,2019_12_TB_ATL,TB,00-0031503,28,13.716532181046768,J.Winston
2019,2019_13_BUF_DAL,BUF,00-0031051,1,3.1874308812548406,J.Brown
2019,2019_13_BUF_DAL,BUF,00-0034857,28,10.554694567948449,J.Allen
2019,2019_13_BUF_DAL,DAL,00-0033077,54,-5.236010317697872,D.Prescott
2019,2019_13_CHI_DET,CHI,00-0033869,39,11.145416222454514,M.Trubisky
2019,2019_13_CHI_DET,DET,00-0035040,40,4.354348865508415,D.Blough
2019,2019_13_CLE_PIT,CLE,00-0031395,2,-0.0556808564870152,G.Gilbert
2019,2019_13_CLE_PIT,CLE,00-0034855,37,-4.571336100043382,B.Mayfield
2019,2019_13_CLE_PIT,PIT,00-0035577,22,4.455062852737383,D.Hodges
2019,2019_13_GB_NYG,GB,00-0023459,33,18.354591350344165,A.Rodgers
2019,2019_13_GB_NYG,NYG,00-0035710,37,-4.173330319645915,D.Jones
2019,2019_13_LAC_DEN,DEN,00-0035704,28,-2.501771021323337,D.Lock
2019,2019_13_LAC_DEN,LAC,00-0022942,32,3.952793497236488,P.Rivers
2019,2019_13_LA_ARI,ARI,00-0035228,40,-24.736148893774956,K.Murray
2019,2019_13_LA_ARI,LA,00-0031407,2,-1.4286358838435262,B.Bortles
2019,2019_13_LA_ARI,LA,00-0033106,43,23.650386435538607,J.Goff
2019,2019_13_MIN_SEA,MIN,00-0029604,38,1.1532936525716688,K.Cousins
2019,2019_13_MIN_SEA,SEA,00-0029263,33,3.217296578132535,R.Wilson
2019,2019_13_NE_HOU,HOU,00-0030564,1,1.30336453410564,D.Hopkins
2019,2019_13_NE_HOU,HOU,00-0033537,28,11.26257529092254,D.Watson
2019,2019_13_NE_HOU,NE,00-0019596,51,2.358980955610384,T.Brady
2019,2019_13_NO_ATL,ATL,00-0026143,59,-15.7993066507741,M.Ryan
2019,2019_13_NO_ATL,NO,00-0020531,30,-0.6099195163120907,D.Brees
2019,2019_13_NO_ATL,NO,00-0033357,1,-0.6327455985592678,T.Hill
2019,2019_13_NYJ_CIN,CIN,00-0027973,38,1.9380814304857192,A.Dalton
2019,2019_13_NYJ_CIN,NYJ,00-0034869,52,-9.570951322816894,S.Darnold
2019,2019_13_OAK_KC,KC,00-0033873,30,4.820503929965443,P.Mahomes
2019,2019_13_OAK_KC,LV,00-0031280,32,-4.718927375815832,D.Carr
2019,2019_13_PHI_MIA,MIA,00-0023682,44,13.648302068206482,R.Fitzpatrick
2019,2019_13_PHI_MIA,MIA,00-0033400,1,2.270358375797514,M.Haack
2019,2019_13_PHI_MIA,PHI,00-0032950,48,9.645712658844774,C.Wentz
2019,2019_13_SF_BAL,BAL,00-0034796,24,-1.7514426118803197,L.Jackson
2019,2019_13_SF_BAL,SF,00-0031345,23,2.095020421970609,J.Garoppolo
2019,2019_13_TB_JAX,JAX,00-0029567,17,-16.524362469441257,N.Foles
2019,2019_13_TB_JAX,JAX,00-0035289,30,-10.503099735491444,G.Minshew II
2019,2019_13_TB_JAX,TB,00-0031503,37,-0.6321676111113401,J.Winston
2019,2019_13_TEN_IND,IND,00-0033119,43,2.0311345767800493,J.Brissett
2019,2019_13_TEN_IND,TEN,00-0029701,28,-5.286026863336655,R.Tannehill
2019,2019_13_WAS_CAR,CAR,00-0034577,53,-4.927919475536328,K.Allen
2019,2019_13_WAS_CAR,WAS,00-0035232,31,-7.454845916209514,D.Haskins
2019,2019_14_BAL_BUF,BAL,00-0034796,26,0.8848434259480875,L.Jackson
2019,2019_14_BAL_BUF,BUF,00-0034857,46,-21.165468544086924,J.Allen
2019,2019_14_CAR_ATL,ATL,00-0026143,35,6.021550605096908,M.Ryan
2019,2019_14_CAR_ATL,CAR,00-0034577,46,-7.063137498996623,K.Allen
2019,2019_14_CIN_CLE,CIN,00-0027973,38,-5.403794318249083,A.Dalton
2019,2019_14_CIN_CLE,CIN,00-0032543,1,1.738960771006532,A.Erickson
2019,2019_14_CIN_CLE,CLE,00-0034855,25,-2.052593808679936,B.Mayfield
2019,2019_14_DAL_CHI,CHI,00-0033869,33,6.325277312227298,M.Trubisky
2019,2019_14_DAL_CHI,DAL,00-0033077,51,3.320981071596726,D.Prescott
2019,2019_14_DEN_HOU,DEN,00-0035704,28,18.062158874870907,D.Lock
2019,2019_14_DEN_HOU,HOU,00-0033537,52,-2.662071828475332,D.Watson
2019,2019_14_DET_MIN,DET,00-0035040,45,-9.511849442909838,D.Blough
2019,2019_14_DET_MIN,MIN,00-0029604,31,5.661337909140102,K.Cousins
2019,2019_14_IND_TB,IND,00-0033119,38,3.675900602770521,J.Brissett
2019,2019_14_IND_TB,TB,00-0029857,4,-0.6239215268287808,R.Griffin
2019,2019_14_IND_TB,TB,00-0031503,46,11.369366629482126,J.Winston
2019,2019_14_KC_NE,KC,00-0033873,41,4.093982738826991,P.Mahomes
2019,2019_14_KC_NE,NE,00-0019596,39,-19.551673256053785,T.Brady
2019,2019_14_KC_NE,NE,00-0031062,1,2.000194003863726,J.White
2019,2019_14_LAC_JAX,JAX,00-0034437,1,3.129167773993686,L.Cooke
2019,2019_14_LAC_JAX,JAX,00-0035289,39,-14.160623687203042,G.Minshew II
2019,2019_14_LAC_JAX,LAC,00-0022942,23,25.13448201718436,P.Rivers
2019,2019_14_LAC_JAX,LAC,00-0028118,5,2.537555277114734,T.Taylor
2019,2019_14_MIA_NYJ,MIA,00-0023682,39,-0.146767140255567,R.Fitzpatrick
2019,2019_14_MIA_NYJ,NYJ,00-0034869,36,7.150493877548684,S.Darnold
2019,2019_14_NYG_PHI,NYG,00-0022803,32,-1.8309809216416104,E.Manning
2019,2019_14_NYG_PHI,PHI,00-0032950,53,4.140943845743566,C.Wentz
2019,2019_14_PIT_ARI,ARI,00-0035228,35,-6.1941266137987885,K.Murray
2019,2019_14_PIT_ARI,PIT,00-0035577,22,6.424207757214121,D.Hodges
2019,2019_14_SEA_LA,LA,00-0033106,31,7.798918965476332,J.Goff
2019,2019_14_SEA_LA,LA,00-0033908,1,-1.315011633846808,C.Kupp
2019,2019_14_SEA_LA,SEA,00-0029263,41,-6.852135051816544,R.Wilson
2019,2019_14_SF_NO,NO,00-0020531,41,17.10962359574371,D.Brees
2019,2019_14_SF_NO,NO,00-0033357,1,-2.269321998814121,T.Hill
2019,2019_14_SF_NO,SF,00-0027685,1,3.320115084410645,E.Sanders
2019,2019_14_SF_NO,SF,00-0031345,38,16.077425007985433,J.Garoppolo
2019,2019_14_TEN_OAK,LV,00-0031280,36,5.895140688720858,D.Carr
2019,2019_14_TEN_OAK,TEN,00-0029701,27,20.8976362926187,R.Tannehill
2019,2019_14_WAS_GB,GB,00-0023459,32,-4.439448292237184,A.Rodgers
2019,2019_14_WAS_GB,WAS,00-0035232,30,-1.2482837844371746,D.Haskins
2019,2019_15_ATL_SF,ATL,00-0026143,41,6.3931145418127935,M.Ryan
2019,2019_15_ATL_SF,SF,00-0031345,35,1.909074875855743,J.Garoppolo
2019,2019_15_BUF_PIT,BUF,00-0034857,26,-2.177453528624028,J.Allen
2019,2019_15_BUF_PIT,PIT,00-0035577,42,-15.777383124010331,D.Hodges
2019,2019_15_CHI_GB,CHI,00-0033869,55,-4.16544578886025,M.Trubisky
2019,2019_15_CHI_GB,GB,00-0023459,34,-4.578084721055348,A.Rodgers
2019,2019_15_CLE_ARI,ARI,00-0035228,25,8.26595224342881,K.Murray
2019,2019_15_CLE_ARI,CLE,00-0034855,43,5.820094584514786,B.Mayfield
2019,2019_15_DEN_KC,DEN,00-0035704,42,-11.684357240162868,D.Lock
2019,2019_15_DEN_KC,KC,00-0023534,1,-0.947,D.Colquitt
2019,2019_15_DEN_KC,KC,00-0033873,38,11.102840472713131,P.Mahomes
2019,2019_15_HOU_TEN,HOU,00-0033537,28,4.84309092577314,D.Watson
2019,2019_15_HOU_TEN,TEN,00-0025825,1,-2.171806056809146,B.Kern
2019,2019_15_HOU_TEN,TEN,00-0029701,37,3.218491718972409,R.Tannehill
2019,2019_15_IND_NO,IND,00-0033119,35,-9.298494739778109,J.Brissett
2019,2019_15_IND_NO,NO,00-0020531,30,21.45337705979734,D.Brees
2019,2019_15_JAX_OAK,JAX,00-0035289,31,5.197744974069693,G.Minshew II
2019,2019_15_JAX_OAK,LV,00-0031280,40,4.54085112974043,D.Carr
2019,2019_15_LA_DAL,DAL,00-0033077,23,7.546712799960852,D.Prescott
2019,2019_15_LA_DAL,LA,00-0028872,1,2.856620193691924,J.Hekker
2019,2019_15_LA_DAL,LA,00-0033106,54,-7.040711897789035,J.Goff
2019,2019_15_MIA_NYG,MIA,00-0023682,44,0.8965209187145731,R.Fitzpatrick
2019,2019_15_MIA_NYG,NYG,00-0022803,29,1.8245274427172264,E.Manning
2019,2019_15_MIA_NYG,NYG,00-0029623,1,-0.0452440076041966,A.Tanney
2019,2019_15_MIN_LAC,LAC,00-0022942,42,-5.544166259584406,P.Rivers
2019,2019_15_MIN_LAC,MIN,00-0029604,25,6.197829872212926,K.Cousins
2019,2019_15_NE_CIN,CIN,00-0027973,31,-12.47257234520264,A.Dalton
2019,2019_15_NE_CIN,NE,00-0019596,31,-2.432835970476878,T.Brady
2019,2019_15_NYJ_BAL,BAL,00-0029665,1,-0.4054707589093596,R.Griffin III
2019,2019_15_NYJ_BAL,BAL,00-0034796,24,16.660204839456128,L.Jackson
2019,2019_15_NYJ_BAL,NYJ,00-0034869,34,-6.94061278392874,S.Darnold
2019,2019_15_PHI_WAS,PHI,00-0032950,45,8.343518647963023,C.Wentz
2019,2019_15_PHI_WAS,WAS,00-0035232,29,2.310648237058869,D.Haskins
2019,2019_15_SEA_CAR,CAR,00-0033280,1,-0.5022525833919644,C.McCaffrey
2019,2019_15_SEA_CAR,CAR,00-0034577,41,-3.428155710259505,K.Allen
2019,2019_15_SEA_CAR,SEA,00-0029263,28,18.20190075770164,R.Wilson
2019,2019_15_SEA_CAR,SEA,00-0029664,1,-2.873463816009462,J.Gordon
2019,2019_15_TB_DET,DET,00-0035040,45,-17.774516751581064,D.Blough
2019,2019_15_TB_DET,TB,00-0031503,44,25.19753678555223,J.Winston
2019,2019_16_ARI_SEA,ARI,00-0031589,10,-1.011624104329182,B.Hundley
2019,2019_16_ARI_SEA,ARI,00-0035228,19,1.1456330394642924,K.Murray
2019,2019_16_ARI_SEA,SEA,00-0029263,36,-4.792532508837832,R.Wilson
2019,2019_16_BAL_CLE,BAL,00-0034796,31,11.637955202615062,L.Jackson
2019,2019_16_BAL_CLE,CLE,00-0033923,1,-1.2235224395990372,K.Hunt
2019,2019_16_BAL_CLE,CLE,00-0034855,34,0.7955105660646726,B.Mayfield
2019,2019_16_BUF_NE,BUF,00-0034857,30,2.794375504800187,J.Allen
2019,2019_16_BUF_NE,NE,00-0019596,34,13.238162050741288,T.Brady
2019,2019_16_CAR_IND,CAR,00-0031363,1,3.804443590459414,M.Palardy
2019,2019_16_CAR_IND,CAR,00-0035251,49,-13.358381865001643,W.Grier
2019,2019_16_CAR_IND,IND,00-0033119,30,-7.468024883182581,J.Brissett
2019,2019_16_CIN_MIA,CIN,00-0027973,61,12.634464835428169,A.Dalton
2019,2019_16_CIN_MIA,MIA,00-0023682,54,18.073566658829805,R.Fitzpatrick
2019,2019_16_DAL_PHI,DAL,00-0033077,46,-4.595026499383961,D.Prescott
2019,2019_16_DAL_PHI,PHI,00-0032950,41,8.312862941083367,C.Wentz
2019,2019_16_DET_DEN,DEN,00-0034959,1,2.3515461592469364,A.Beck
2019,2019_16_DET_DEN,DEN,00-0035704,33,4.99092150248779,D.Lock
2019,2019_16_DET_DEN,DET,00-0035040,28,-5.202768579759034,D.Blough
2019,2019_16_GB_MIN,GB,00-0023459,44,-7.240831446230075,A.Rodgers
2019,2019_16_GB_MIN,MIN,00-0029604,36,-22.886030545295142,K.Cousins
2019,2019_16_GB_MIN,MIN,00-0031588,1,-1.8194127251044847,S.Diggs
2019,2019_16_HOU_TB,HOU,00-0033537,37,-7.386854507294796,D.Watson
2019,2019_16_HOU_TB,TB,00-0031503,51,-5.349955617297429,J.Winston
2019,2019_16_JAX_ATL,ATL,00-0026143,46,10.30442307759338,M.Ryan
2019,2019_16_JAX_ATL,JAX,00-0034437,1,3.0307770369108766,L.Cooke
2019,2019_16_JAX_ATL,JAX,00-0035289,35,-5.710334351941012,G.Minshew II
2019,2019_16_KC_CHI,CHI,00-0033869,36,-13.87872943990328,M.Trubisky
2019,2019_16_KC_CHI,KC,00-0033873,34,13.73159974877264,P.Mahomes
2019,2019_16_LA_SF,LA,00-0033106,46,3.8130333844402817,J.Goff
2019,2019_16_LA_SF,SF,00-0031345,33,-7.011212694991933,J.Garoppolo
2019,2019_16_NO_TEN,NO,00-0020531,41,8.603932130417347,D.Brees
2019,2019_16_NO_TEN,NO,00-0033357,2,-0.7296276144916192,T.Hill
2019,2019_16_NO_TEN,TEN,00-0029701,32,7.584374770696741,R.Tannehill
2019,2019_16_NYG_WAS,NYG,00-0035710,43,25.374578873227488,D.Jones
2019,2019_16_NYG_WAS,WAS,00-0028986,23,3.081538733706111,C.Keenum
2019,2019_16_NYG_WAS,WAS,00-0035232,17,10.157755331660155,D.Haskins
2019,2019_16_NYG_WAS,WAS,00-0035297,1,0.9028711734572424,K.Harmon
2019,2019_16_OAK_LAC,LAC,00-0022942,40,4.629811713743044,P.Rivers
2019,2019_16_OAK_LAC,LV,00-0031280,33,14.51761896442622,D.Carr
2019,2019_16_PIT_NYJ,NYJ,00-0034869,28,-5.245636233811811,S.Darnold
2019,2019_16_PIT_NYJ,PIT,00-0034771,21,4.497013232449198,M.Rudolph
2019,2019_16_PIT_NYJ,PIT,00-0035577,20,-8.992433355015237,D.Hodges
2019,2019_17_ARI_LA,ARI,00-0031589,1,-0.5045322114601731,B.Hundley
2019,2019_17_ARI_LA,ARI,00-0035228,42,8.141943324136106,K.Murray
2019,2019_17_ARI_LA,LA,00-0033106,46,14.837684163383049,J.Goff
2019,2019_17_ATL_TB,ATL,00-0026143,57,-6.256774169398276,M.Ryan
2019,2019_17_ATL_TB,TB,00-0031503,25,-6.649327619275794,J.Winston
2019,2019_17_CHI_MIN,CHI,00-0033869,41,-1.791231699577068,M.Trubisky
2019,2019_17_CHI_MIN,MIN,00-0032245,21,-4.060896042318954,S.Mannion
2019,2019_17_CLE_CIN,CIN,00-0027973,29,6.086425417309972,A.Dalton
2019,2019_17_CLE_CIN,CLE,00-0034855,33,2.1772667544331625,B.Mayfield
2019,2019_17_GB_DET,DET,00-0026035,1,1.9585355066228656,D.Amendola
2019,2019_17_GB_DET,DET,00-0035040,30,-15.530891248474004,D.Blough
2019,2019_17_GB_DET,GB,00-0023459,56,7.578175550006425,A.Rodgers
2019,2019_17_IND_JAX,IND,00-0033119,28,-6.352993607986505,J.Brissett
2019,2019_17_IND_JAX,JAX,00-0035289,43,10.125502467587332,G.Minshew II
2019,2019_17_LAC_KC,KC,00-0033873,25,-2.1406239386015176,P.Mahomes
2019,2019_17_LAC_KC,LAC,00-0022942,49,8.980427288101055,P.Rivers
2019,2019_17_MIA_NE,MIA,00-0023682,43,12.111085671861163,R.Fitzpatrick
2019,2019_17_MIA_NE,MIA,00-0030669,2,0.9425211698981002,A.Wilson
2019,2019_17_MIA_NE,MIA,00-0033400,1,-2.855100739281625,M.Haack
2019,2019_17_MIA_NE,NE,00-0019596,30,0.1555018883801326,T.Brady
2019,2019_17_NO_CAR,CAR,00-0034577,42,2.7234107259542784,K.Allen
2019,2019_17_NO_CAR,CAR,00-0035251,9,-14.820948919514194,W.Grier
2019,2019_17_NO_CAR,NO,00-0020531,30,18.676652229914907,D.Brees
2019,2019_17_NO_CAR,NO,00-0031237,2,0.8439147740136832,T.Bridgewater
2019,2019_17_NYJ_BUF,BUF,00-0030533,35,-7.374310926419881,M.Barkley
2019,2019_17_NYJ_BUF,BUF,00-0034857,5,-4.213322689058259,J.Allen
2019,2019_17_NYJ_BUF,NYJ,00-0034869,38,1.8268700735310095,S.Darnold
2019,2019_17_OAK_DEN,DEN,00-0035704,30,4.8579753252678906,D.Lock
2019,2019_17_OAK_DEN,LV,00-0031280,48,9.105802987678064,D.Carr
2019,2019_17_PHI_NYG,NYG,00-0035710,51,-8.73405437365131,D.Jones
2019,2019_17_PHI_NYG,PHI,00-0032950,41,5.756273360587841,C.Wentz
2019,2019_17_PIT_BAL,BAL,00-0029665,24,-7.272128388899868,R.Griffin III
2019,2019_17_PIT_BAL,PIT,00-0035577,27,-13.891910077316645,D.Hodges
2019,2019_17_SF_SEA,SEA,00-0029263,40,11.315391886630096,R.Wilson
2019,2019_17_SF_SEA,SF,00-0031345,25,14.276620725294734,J.Garoppolo
2019,2019_17_TEN_HOU,HOU,00-0031288,40,-3.636668124614516,A.McCarron
2019,2019_17_TEN_HOU,TEN,00-0029701,20,13.83002557992586,R.Tannehill
2019,2019_17_TEN_HOU,TEN,00-0032268,1,1.7300607514334845,M.Mariota
2019,2019_17_WAS_DAL,DAL,00-0033077,36,8.373965136810554,D.Prescott
2019,2019_17_WAS_DAL,WAS,00-0028986,39,-18.784486305229137,C.Keenum
2019,2019_18_BUF_HOU,BUF,00-0031051,1,2.355218402517494,J.Brown
2019,2019_18_BUF_HOU,BUF,00-0034857,48,-2.2684457291077007,J.Allen
2019,2019_18_BUF_HOU,HOU,00-0033537,33,6.051862829046311,D.Watson
2019,2019_18_MIN_NO,MIN,00-0029604,33,12.499285034207771,K.Cousins
2019,2019_18_MIN_NO,MIN,00-0031588,1,-1.5197308701463044,S.Diggs
2019,2019_18_MIN_NO,NO,00-0020531,36,-14.271743136673807,D.Brees
2019,2019_18_MIN_NO,NO,00-0033357,1,3.2679588066530414,T.Hill
2019,2019_18_SEA_PHI,PHI,00-0021206,30,-4.132982522372909,J.McCown
2019,2019_18_SEA_PHI,PHI,00-0032950,5,-5.258603436872363,C.Wentz
2019,2019_18_SEA_PHI,SEA,00-0029263,31,14.673623143976828,R.Wilson
2019,2019_18_TEN_NE,NE,00-0019596,37,-3.114878125000261,T.Brady
2019,2019_18_TEN_NE,TEN,00-0029701,16,-1.4406563657103106,R.Tannehill
2019,2019_18_TEN_NE,TEN,00-0032268,1,-0.2080523949116468,M.Mariota
2019,2019_19_HOU_KC,HOU,00-0030085,1,-2.030570574104786,K.Stills
2019,2019_19_HOU_KC,HOU,00-0033537,55,4.821797304570984,D.Watson
2019,2019_19_HOU_KC,KC,00-0031325,1,-0.8703417091164738,S.Watkins
2019,2019_19_HOU_KC,KC,00-0033873,35,19.084861771635083,P.Mahomes
2019,2019_19_MIN_SF,MIN,00-0029604,35,-15.275711418840094,K.Cousins
2019,2019_19_MIN_SF,SF,00-0031345,21,-0.7077129098924204,J.Garoppolo
2019,2019_19_SEA_GB,GB,00-0023459,29,12.953256398410304,A.Rodgers
2019,2019_19_SEA_GB,SEA,00-0029263,36,10.643014964537867,R.Wilson
2019,2019_19_TEN_BAL,BAL,00-0034796,63,-12.086317282697912,L.Jackson
2019,2019_19_TEN_BAL,TEN,00-0029701,15,-0.0041977225919254,R.Tannehill
2019,2019_19_TEN_BAL,TEN,00-0032764,1,2.309003423550166,D.Henry
2019,2019_20_GB_SF,GB,00-0023459,43,9.823996093109717,A.Rodgers
2019,2019_20_GB_SF,SF,00-0031345,9,-0.3445277052328719,J.Garoppolo
2019,2019_20_TEN_KC,KC,00-0033873,37,15.70035311812535,P.Mahomes
2019,2019_20_TEN_KC,TEN,00-0025825,1,3.94281001505442,B.Kern
2019,2019_20_TEN_KC,TEN,00-0029701,34,3.4903417433871398,R.Tannehill
2019,2019_21_SF_KC,KC,00-0033873,46,1.7616080511570669,P.Mahomes
2019,2019_21_SF_KC,SF,00-0031345,32,1.3936081341261608,J.Garoppolo
2020,2020_01_ARI_SF,ARI,00-0035228,41,-3.5749918049687985,K.Murray
2020,2020_01_ARI_SF,SF,00-0031345,36,0.3769955041620001,J.Garoppolo
2020,2020_01_CHI_DET,CHI,00-0033869,37,2.5096554696437496,M.Trubisky
2020,2020_01_CHI_DET,DET,00-0026498,42,2.111293810798164,M.Stafford
2020,2020_01_CLE_BAL,BAL,00-0029665,1,-0.9065175668802112,R.Griffin
2020,2020_01_CLE_BAL,BAL,00-0034796,27,14.667141989124156,L.Jackson
2020,2020_01_CLE_BAL,CLE,00-0034855,41,-10.64684280633702,B.Mayfield
2020,2020_01_DAL_LA,DAL,00-0033077,42,-5.030475797324463,D.Prescott
2020,2020_01_DAL_LA,LA,00-0033106,32,4.942996442904706,J.Goff
2020,2020_01_GB_MIN,GB,00-0023459,44,17.96795294842243,A.Rodgers
2020,2020_01_GB_MIN,MIN,00-0029604,28,7.71673644146944,K.Cousins
2020,2020_01_HOU_KC,HOU,00-0033537,37,3.517922900729624,D.Watson
2020,2020_01_HOU_KC,KC,00-0033873,33,13.987828913610429,P.Mahomes
2020,2020_01_IND_JAX,IND,00-0022942,46,9.912449391182957,P.Rivers
2020,2020_01_IND_JAX,IND,00-0033119,1,-1.9841768899350427,J.Brissett
2020,2020_01_IND_JAX,JAX,00-0035289,24,8.492176140200794,G.Minshew
2020,2020_01_LAC_CIN,CIN,00-0036442,38,-5.820242435777828,J.Burrow
2020,2020_01_LAC_CIN,LAC,00-0028118,32,-0.1912330587976525,T.Taylor
2020,2020_01_LV_CAR,CAR,00-0031237,36,6.376942074663496,T.Bridgewater
2020,2020_01_LV_CAR,LV,00-0031280,30,10.777473809644514,D.Carr
2020,2020_01_MIA_NE,MIA,00-0023682,31,-8.427610984940431,R.Fitzpatrick
2020,2020_01_MIA_NE,NE,00-0027939,21,3.36320788069861,C.Newton
2020,2020_01_NYJ_BUF,BUF,00-0034857,49,13.801008465207914,J.Allen
2020,2020_01_NYJ_BUF,NYJ,00-0034869,36,-4.732508707093075,S.Darnold
2020,2020_01_PHI_WAS,PHI,00-0032950,50,-19.575955701824476,C.Wentz
2020,2020_01_PHI_WAS,WAS,00-0035232,34,-3.4585974174300147,D.Haskins
2020,2020_01_PIT_NYG,NYG,00-0035710,45,-1.2848462666201752,D.Jones
2020,2020_01_PIT_NYG,PIT,00-0022924,34,15.101035920325751,B.Roethlisberger
2020,2020_01_SEA_ATL,ATL,00-0026143,57,6.093836281507872,M.Ryan
2020,2020_01_SEA_ATL,SEA,00-0029263,38,19.570175917712422,R.Wilson
2020,2020_01_TB_NO,NO,00-0020531,31,-2.9236413656484728,D.Brees
2020,2020_01_TB_NO,NO,00-0033357,1,2.284593729942572,T.Hill
2020,2020_01_TB_NO,TB,00-0019596,40,-10.443857305171484,T.Brady
2020,2020_01_TEN_DEN,DEN,00-0035704,33,-2.155259264196502,D.Lock
2020,2020_01_TEN_DEN,TEN,00-0029701,44,9.900781190141023,R.Tannehill
2020,2020_02_ATL_DAL,ATL,00-0026143,38,14.180194348911131,M.Ryan
2020,2020_02_ATL_DAL,ATL,00-0034411,1,-2.0124340399634093,R.Gage
2020,2020_02_ATL_DAL,DAL,00-0027973,1,-0.2147748937131837,A.Dalton
2020,2020_02_ATL_DAL,DAL,00-0028664,1,-3.3216047949390486,C.Jones
2020,2020_02_ATL_DAL,DAL,00-0033077,47,17.946630681166425,D.Prescott
2020,2020_02_BAL_HOU,BAL,00-0034796,28,5.573581048448107,L.Jackson
2020,2020_02_BAL_HOU,HOU,00-0033537,39,0.4809706791728914,D.Watson
2020,2020_02_BUF_MIA,BUF,00-0034857,36,28.7114746295589,J.Allen
2020,2020_02_BUF_MIA,MIA,00-0023682,50,7.309997003073914,R.Fitzpatrick
2020,2020_02_CAR_TB,CAR,00-0031237,47,-4.210848205520915,T.Bridgewater
2020,2020_02_CAR_TB,TB,00-0019596,35,0.5243797431487236,T.Brady
2020,2020_02_CIN_CLE,CIN,00-0036442,63,10.864014216831665,J.Burrow
2020,2020_02_CIN_CLE,CLE,00-0034855,23,10.991588489647256,B.Mayfield
2020,2020_02_DEN_PIT,DEN,00-0032436,41,-2.898938903329561,J.Driskel
2020,2020_02_DEN_PIT,DEN,00-0035704,6,-8.161262641311623,D.Lock
2020,2020_02_DEN_PIT,PIT,00-0022924,42,1.1079273024224676,B.Roethlisberger
2020,2020_02_DET_GB,DET,00-0026498,37,-6.024837623961503,M.Stafford
2020,2020_02_DET_GB,GB,00-0023459,31,14.773186671961504,A.Rodgers
2020,2020_02_JAX_TEN,JAX,00-0035289,47,11.379201842988383,G.Minshew
2020,2020_02_JAX_TEN,TEN,00-0029701,25,18.033543104105057,R.Tannehill
2020,2020_02_KC_LAC,KC,00-0033873,49,3.699331460561738,P.Mahomes
2020,2020_02_KC_LAC,LAC,00-0036355,34,2.716974230493291,J.Herbert
2020,2020_02_LA_PHI,LA,00-0033106,28,21.19681372229269,J.Goff
2020,2020_02_LA_PHI,PHI,00-0032950,43,-9.305834659843686,C.Wentz
2020,2020_02_MIN_IND,IND,00-0022942,27,2.861142298327305,P.Rivers
2020,2020_02_MIN_IND,MIN,00-0029604,28,-13.046594499026892,K.Cousins
2020,2020_02_NE_SEA,NE,00-0027939,45,20.789546072667004,C.Newton
2020,2020_02_NE_SEA,SEA,00-0029263,30,10.462023802043404,R.Wilson
2020,2020_02_NO_LV,LV,00-0031280,41,14.408646619450613,D.Carr
2020,2020_02_NO_LV,NO,00-0020531,38,3.846337641731125,D.Brees
2020,2020_02_NYG_CHI,CHI,00-0033869,32,1.7739985417313555,M.Trubisky
2020,2020_02_NYG_CHI,NYG,00-0035710,42,-8.678857148078324,D.Jones
2020,2020_02_SF_NYJ,NYJ,00-0034869,33,-2.748362002502066,S.Darnold
2020,2020_02_SF_NYJ,SF,00-0031345,17,14.405696648580488,J.Garoppolo
2020,2020_02_SF_NYJ,SF,00-0033319,13,-6.854055552044198,N.Mullens
2020,2020_02_WAS_ARI,ARI,00-0035228,41,3.7619316711555193,K.Murray
2020,2020_02_WAS_ARI,WAS,00-0035232,38,-8.52634880224312,D.Haskins
2020,2020_03_CAR_LAC,CAR,00-0031237,30,2.7245779019250644,T.Bridgewater
2020,2020_03_CAR_LAC,LAC,00-0036355,51,0.2410467000416369,J.Herbert
2020,2020_03_CHI_ATL,ATL,00-0026143,40,-7.075526643274059,M.Ryan
2020,2020_03_CHI_ATL,CHI,00-0029567,30,4.183042045202572,N.Foles
2020,2020_03_CHI_ATL,CHI,00-0033869,24,-4.93474796678842,M.Trubisky
2020,2020_03_CIN_PHI,CIN,00-0036442,52,3.7584861013506017,J.Burrow
2020,2020_03_CIN_PHI,PHI,00-0032950,50,-8.401640448841485,C.Wentz
2020,2020_03_DAL_SEA,DAL,00-0033077,60,7.752297413732474,D.Prescott
2020,2020_03_DAL_SEA,SEA,00-0029263,45,13.808949772021268,R.Wilson
2020,2020_03_DET_ARI,ARI,00-0035228,36,-4.149602665915154,K.Murray
2020,2020_03_DET_ARI,DET,00-0026498,35,6.25321579899879,M.Stafford
2020,2020_03_GB_NO,GB,00-0023459,33,10.888456291291702,A.Rodgers
2020,2020_03_GB_NO,NO,00-0020531,37,11.02612214922194,D.Brees
2020,2020_03_HOU_PIT,HOU,00-0033537,32,7.013692899694433,D.Watson
2020,2020_03_HOU_PIT,PIT,00-0022924,39,9.644038117147554,B.Roethlisberger
2020,2020_03_KC_BAL,BAL,00-0034796,32,-14.926027899354969,L.Jackson
2020,2020_03_KC_BAL,KC,00-0033873,42,31.377849139021908,P.Mahomes
2020,2020_03_LA_BUF,BUF,00-0034857,37,8.455064536363352,J.Allen
2020,2020_03_LA_BUF,LA,00-0033106,35,12.730121978026842,J.Goff
2020,2020_03_LV_NE,LV,00-0031280,34,-2.253547577153304,D.Carr
2020,2020_03_LV_NE,NE,00-0027939,30,-4.461832656459475,C.Newton
2020,2020_03_MIA_JAX,JAX,00-0035289,46,-9.569949476339389,G.Minshew
2020,2020_03_MIA_JAX,MIA,00-0023682,21,8.724537062225863,R.Fitzpatrick
2020,2020_03_NYJ_IND,IND,00-0022942,21,9.946979638189257,P.Rivers
2020,2020_03_NYJ_IND,IND,00-0033119,4,-0.4162066942080855,J.Brissett
2020,2020_03_NYJ_IND,NYJ,00-0034869,31,-22.88101179280784,S.Darnold
2020,2020_03_SF_NYG,NYG,00-0035710,34,-2.466700792604274,D.Jones
2020,2020_03_SF_NYG,SF,00-0033319,38,24.949303249956596,N.Mullens
2020,2020_03_SF_NYG,SF,00-0034941,1,-0.947,M.Wishnowsky
2020,2020_03_TB_DEN,DEN,00-0032436,35,-10.640846800955629,J.Driskel
2020,2020_03_TB_DEN,DEN,00-0034955,10,-2.889661577239167,B.Rypien
2020,2020_03_TB_DEN,TB,00-0019596,40,11.559702389088669,T.Brady
2020,2020_03_TEN_MIN,MIN,00-0029604,30,3.1808681949241846,K.Cousins
2020,2020_03_TEN_MIN,TEN,00-0029701,39,-1.538196568342272,R.Tannehill
2020,2020_03_TEN_MIN,TEN,00-0032009,1,-0.4747732928954065,A.Humphries
2020,2020_03_WAS_CLE,CLE,00-0034855,25,8.549082634242074,B.Mayfield
2020,2020_03_WAS_CLE,WAS,00-0035232,40,-6.348065833502915,D.Haskins
2020,2020_04_ARI_CAR,ARI,00-0035228,32,1.2152202273136936,K.Murray
2020,2020_04_ARI_CAR,CAR,00-0031237,37,12.581296957361788,T.Bridgewater
2020,2020_04_ATL_GB,ATL,00-0026143,43,1.501592826279197,M.Ryan
2020,2020_04_ATL_GB,GB,00-0023459,34,25.907597289926347,A.Rodgers
2020,2020_04_BAL_WAS,BAL,00-0024417,1,3.3933274865266867,S.Koch
2020,2020_04_BAL_WAS,BAL,00-0029665,1,-1.795638655021321,R.Griffin
2020,2020_04_BAL_WAS,BAL,00-0034796,22,10.358364130914234,L.Jackson
2020,2020_04_BAL_WAS,WAS,00-0035232,48,-0.9816704846119436,D.Haskins
2020,2020_04_BUF_LV,BUF,00-0034857,35,18.573673158527036,J.Allen
2020,2020_04_BUF_LV,LV,00-0031280,45,10.588339877124218,D.Carr
2020,2020_04_CLE_DAL,CLE,00-0031382,1,3.445104665821418,J.Landry
2020,2020_04_CLE_DAL,CLE,00-0034855,31,6.666940185455177,B.Mayfield
2020,2020_04_CLE_DAL,DAL,00-0033077,62,11.340811163580046,D.Prescott
2020,2020_04_DEN_NYJ,DEN,00-0034955,31,1.2040687162515726,B.Rypien
2020,2020_04_DEN_NYJ,NYJ,00-0026158,2,-0.9474121164530516,J.Flacco
2020,2020_04_DEN_NYJ,NYJ,00-0034869,49,-13.78850143132552,S.Darnold
2020,2020_04_IND_CHI,CHI,00-0029567,43,-4.563319022244687,N.Foles
2020,2020_04_IND_CHI,IND,00-0022942,30,6.719013260297245,P.Rivers
2020,2020_04_JAX_CIN,CIN,00-0036442,37,8.890801318826545,J.Burrow
2020,2020_04_JAX_CIN,JAX,00-0035289,43,11.47696713943062,G.Minshew II
2020,2020_04_LAC_TB,LAC,00-0036355,27,13.653192380412415,J.Herbert
2020,2020_04_LAC_TB,TB,00-0019596,46,12.685636314256952,T.Brady
2020,2020_04_MIN_HOU,HOU,00-0033537,36,7.387939800514616,D.Watson
2020,2020_04_MIN_HOU,MIN,00-0029604,25,9.871617449148715,K.Cousins
2020,2020_04_NE_KC,KC,00-0033873,30,6.615694674022389,P.Mahomes
2020,2020_04_NE_KC,NE,00-0026625,26,-9.247645761185158,B.Hoyer
2020,2020_04_NE_KC,NE,00-0035264,13,-9.68836469767848,J.Stidham
2020,2020_04_NO_DET,DET,00-0026498,35,2.1837040440151467,M.Stafford
2020,2020_04_NO_DET,NO,00-0020531,27,10.554806563828606,D.Brees
2020,2020_04_NYG_LA,LA,00-0033106,34,0.0341090982805756,J.Goff
2020,2020_04_NYG_LA,NYG,00-0035710,41,-12.50929862793723,D.Jones
2020,2020_04_PHI_SF,PHI,00-0032950,32,-2.149474993178188,C.Wentz
2020,2020_04_PHI_SF,SF,00-0033319,30,-12.486713434685951,N.Mullens
2020,2020_04_PHI_SF,SF,00-0033936,20,3.020391499929363,C.Beathard
2020,2020_04_SEA_MIA,MIA,00-0023682,47,3.640333516609105,R.Fitzpatrick
2020,2020_04_SEA_MIA,SEA,00-0029263,36,10.854236758240816,R.Wilson
2020,2020_05_ARI_NYJ,ARI,00-0035228,38,12.555597472541876,K.Murray
2020,2020_05_ARI_NYJ,NYJ,00-0026158,35,-2.6866600353494,J.Flacco
2020,2020_05_ARI_NYJ,NYJ,00-0035510,1,-1.9228770501213148,J.Smith
2020,2020_05_BUF_TEN,BUF,00-0030533,5,-3.523927112400997,M.Barkley
2020,2020_05_BUF_TEN,BUF,00-0034857,43,2.406021108451028,J.Allen
2020,2020_05_BUF_TEN,TEN,00-0029701,28,13.888818386069032,R.Tannehill
2020,2020_05_CAR_ATL,ATL,00-0026143,38,-3.968940802918091,M.Ryan
2020,2020_05_CAR_ATL,CAR,00-0031237,36,16.779192054111817,T.Bridgewater
2020,2020_05_CIN_BAL,BAL,00-0034796,38,-5.072192022181916,L.Jackson
2020,2020_05_CIN_BAL,CIN,00-0036442,37,-14.021018077852204,J.Burrow
2020,2020_05_IND_CLE,CLE,00-0031235,1,0.589170696795918,O.Beckham
2020,2020_05_IND_CLE,CLE,00-0034855,38,3.4332082109082007,B.Mayfield
2020,2020_05_IND_CLE,IND,00-0022942,34,-6.862817251179804,P.Rivers
2020,2020_05_JAX_HOU,HOU,00-0033537,36,11.248709308400858,D.Watson
2020,2020_05_JAX_HOU,JAX,00-0035289,52,0.5265106522727958,G.Minshew II
2020,2020_05_JAX_HOU,JAX,00-0035831,1,-4.40899270621594,J.Robinson
2020,2020_05_LAC_NO,LAC,00-0036355,37,6.5131034966408645,J.Herbert
2020,2020_05_LAC_NO,NO,00-0020531,49,-0.2116289062477649,D.Brees
2020,2020_05_LAC_NO,NO,00-0033357,1,-0.4979011104442179,T.Hill
2020,2020_05_LA_WAS,LA,00-0033106,31,12.481605236028091,J.Goff
2020,2020_05_LA_WAS,WAS,00-0023436,23,-20.42016985610253,A.Smith
2020,2020_05_LA_WAS,WAS,00-0034577,15,-2.8740488346666098,K.Allen
2020,2020_05_LV_KC,KC,00-0033873,47,11.49736854132714,P.Mahomes
2020,2020_05_LV_KC,LV,00-0031280,32,16.930929859632123,D.Carr
2020,2020_05_MIA_SF,MIA,00-0023682,30,23.528558838645345,R.Fitzpatrick
2020,2020_05_MIA_SF,SF,00-0031345,20,-12.654165507876314,J.Garoppolo
2020,2020_05_MIA_SF,SF,00-0033936,20,-7.880294772884,C.Beathard
2020,2020_05_MIN_SEA,MIN,00-0029604,42,11.704122174413982,K.Cousins
2020,2020_05_MIN_SEA,SEA,00-0029263,37,0.851049173434265,R.Wilson
2020,2020_05_NYG_DAL,DAL,00-0027973,12,1.358650483361683,A.Dalton
2020,2020_05_NYG_DAL,DAL,00-0033077,22,-0.2375229132569423,D.Prescott
2020,2020_05_NYG_DAL,DAL,00-0034418,1,2.6684373994357884,C.Wilson
2020,2020_05_NYG_DAL,NYG,00-0035710,36,-0.9281888017257454,D.Jones
2020,2020_05_PHI_PIT,PHI,00-0032950,41,5.26308160115425,C.Wentz
2020,2020_05_PHI_PIT,PHI,00-0036389,1,1.166050148429349,J.Hurts
2020,2020_05_PHI_PIT,PIT,00-0022924,35,15.845100638539389,B.Roethlisberger
2020,2020_05_TB_CHI,CHI,00-0029567,45,-4.626801379850214,N.Foles
2020,2020_05_TB_CHI,TB,00-0019596,44,0.3275678054518338,T.Brady
2020,2020_06_ARI_DAL,ARI,00-0035228,25,1.427007208445049,K.Murray
2020,2020_06_ARI_DAL,DAL,00-0027973,57,-4.741035657019289,A.Dalton
2020,2020_06_ATL_MIN,ATL,00-0026143,42,30.441584708137704,M.Ryan
2020,2020_06_ATL_MIN,MIN,00-0029604,39,1.3308751235601957,K.Cousins
2020,2020_06_BAL_PHI,BAL,00-0034796,30,1.91893977164554,L.Jackson
2020,2020_06_BAL_PHI,PHI,00-0032950,48,-5.374277979397215,C.Wentz
2020,2020_06_CHI_CAR,CAR,00-0031237,33,-9.11354617056148,T.Bridgewater
2020,2020_06_CHI_CAR,CHI,00-0029567,38,0.927422327001138,N.Foles
2020,2020_06_CIN_IND,CIN,00-0036442,41,14.393506555362189,J.Burrow
2020,2020_06_CIN_IND,IND,00-0022942,45,18.38617911653496,P.Rivers
2020,2020_06_CLE_PIT,CLE,00-0028986,10,-4.156520829652436,C.Keenum
2020,2020_06_CLE_PIT,CLE,00-0034855,22,-13.481387375795748,B.Mayfield
2020,2020_06_CLE_PIT,PIT,00-0022924,24,1.1267926644740478,B.Roethlisberger
2020,2020_06_CLE_PIT,PIT,00-0034771,1,-0.6331099467352033,M.Rudolph
2020,2020_06_DEN_NE,DEN,00-0035704,26,-4.988680552369006,D.Lock
2020,2020_06_DEN_NE,NE,00-0027150,2,3.4443048023385927,J.Edelman
2020,2020_06_DEN_NE,NE,00-0027939,29,-12.756162675409175,C.Newton
2020,2020_06_DET_JAX,DET,00-0026498,31,4.148875021096201,M.Stafford
2020,2020_06_DET_JAX,JAX,00-0035289,46,-6.63632576550912,G.Minshew II
2020,2020_06_GB_TB,GB,00-0023459,39,-15.289743833790626,A.Rodgers
2020,2020_06_GB_TB,GB,00-0034177,1,-2.061415935400873,T.Boyle
2020,2020_06_GB_TB,TB,00-0019596,27,6.482448933336238,T.Brady
2020,2020_06_GB_TB,TB,00-0027948,1,-0.4783148830756545,B.Gabbert
2020,2020_06_HOU_TEN,HOU,00-0028002,1,-0.5173710964154452,R.Cobb
2020,2020_06_HOU_TEN,HOU,00-0033537,39,20.534806430092548,D.Watson
2020,2020_06_HOU_TEN,TEN,00-0029701,44,17.398502473387925,R.Tannehill
2020,2020_06_KC_BUF,BUF,00-0034857,27,-3.1107719341086457,J.Allen
2020,2020_06_KC_BUF,KC,00-0033873,27,16.147718559892382,P.Mahomes
2020,2020_06_LA_SF,LA,00-0033106,38,-3.346851158664633,J.Goff
2020,2020_06_LA_SF,SF,00-0031345,33,12.80657944441191,J.Garoppolo
2020,2020_06_NYJ_MIA,MIA,00-0023682,29,-5.2299910345840805,R.Fitzpatrick
2020,2020_06_NYJ_MIA,MIA,00-0036212,2,0.7485004508635029,T.Tagovailoa
2020,2020_06_NYJ_MIA,NYJ,00-0026158,47,-18.157491156599235,J.Flacco
2020,2020_06_WAS_NYG,NYG,00-0035710,20,-0.3075155213300649,D.Jones
2020,2020_06_WAS_NYG,WAS,00-0034577,46,-0.7792446266922964,K.Allen
2020,2020_07_BUF_NYJ,BUF,00-0034857,45,6.262838007736622,J.Allen
2020,2020_07_BUF_NYJ,NYJ,00-0034869,29,-12.361685362554528,S.Darnold
2020,2020_07_CAR_NO,CAR,00-0031237,29,14.06919328056399,T.Bridgewater
2020,2020_07_CAR_NO,NO,00-0020531,36,15.281714179968084,D.Brees
2020,2020_07_CAR_NO,NO,00-0033357,1,-0.8086706702597439,T.Hill
2020,2020_07_CHI_LA,CHI,00-0029567,44,-17.9263268008973,N.Foles
2020,2020_07_CHI_LA,LA,00-0033106,34,3.503237366233974,J.Goff
2020,2020_07_CLE_CIN,CIN,00-0033009,1,1.2361307860119268,T.Boyd
2020,2020_07_CLE_CIN,CIN,00-0036442,51,17.155352202335337,J.Burrow
2020,2020_07_CLE_CIN,CLE,00-0031382,1,1.2106202995637432,J.Landry
2020,2020_07_CLE_CIN,CLE,00-0034855,27,22.05136582341357,B.Mayfield
2020,2020_07_DAL_WAS,DAL,00-0027973,22,-9.705110645736568,A.Dalton
2020,2020_07_DAL_WAS,DAL,00-0036384,6,-2.504248305922374,B.DiNucci
2020,2020_07_DAL_WAS,WAS,00-0034577,28,7.371660895281487,K.Allen
2020,2020_07_DET_ATL,ATL,00-0026143,45,10.734920824048576,M.Ryan
2020,2020_07_DET_ATL,DET,00-0026498,34,12.400647913993524,M.Stafford
2020,2020_07_GB_HOU,GB,00-0023459,34,17.992355442402186,A.Rodgers
2020,2020_07_GB_HOU,HOU,00-0033537,42,7.801318269141319,D.Watson
2020,2020_07_JAX_LAC,JAX,00-0035289,34,-0.4427895357655362,G.Minshew II
2020,2020_07_JAX_LAC,LAC,00-0035282,1,-0.2389741421211511,E.Stick
2020,2020_07_JAX_LAC,LAC,00-0036355,44,14.643816256651766,J.Herbert
2020,2020_07_KC_DEN,DEN,00-0035704,43,-16.444609837105403,D.Lock
2020,2020_07_KC_DEN,KC,00-0026197,3,2.153087710525142,C.Henne
2020,2020_07_KC_DEN,KC,00-0033873,26,2.7868486780763453,P.Mahomes
2020,2020_07_NYG_PHI,NYG,00-0035710,33,-3.4907604616018943,D.Jones
2020,2020_07_NYG_PHI,PHI,00-0032950,46,6.350457310705584,C.Wentz
2020,2020_07_NYG_PHI,PHI,00-0036389,1,-0.947,J.Hurts
2020,2020_07_PIT_TEN,PIT,00-0022924,49,6.0701358439462485,B.Roethlisberger
2020,2020_07_PIT_TEN,TEN,00-0025825,1,-1.8763287150650283,B.Kern
2020,2020_07_PIT_TEN,TEN,00-0029701,32,6.789037316372686,R.Tannehill
2020,2020_07_SEA_ARI,ARI,00-0035228,44,12.264162372487611,K.Murray
2020,2020_07_SEA_ARI,SEA,00-0029263,52,0.1583559565884371,R.Wilson
2020,2020_07_SF_NE,NE,00-0027939,16,-11.477948388848263,C.Newton
2020,2020_07_SF_NE,NE,00-0035264,11,-3.813850249396637,J.Stidham
2020,2020_07_SF_NE,SF,00-0031345,26,15.679654510065776,J.Garoppolo
2020,2020_07_TB_LV,LV,00-0031280,39,-6.106177674472384,D.Carr
2020,2020_07_TB_LV,TB,00-0019596,43,27.056476508204334,T.Brady
2020,2020_08_ATL_CAR,ATL,00-0026143,32,9.874131322774629,M.Ryan
2020,2020_08_ATL_CAR,CAR,00-0031237,26,-1.140478459710721,T.Bridgewater
2020,2020_08_ATL_CAR,CAR,00-0033275,4,-2.826850985870606,P.Walker
2020,2020_08_DAL_PHI,DAL,00-0036384,43,-24.915145271142624,B.DiNucci
2020,2020_08_DAL_PHI,PHI,00-0032950,32,-15.515141446565275,C.Wentz
2020,2020_08_DAL_PHI,PHI,00-0036389,1,0.6857284595025703,J.Hurts
2020,2020_08_IND_DET,DET,00-0026498,46,-7.118089302442968,M.Stafford
2020,2020_08_IND_DET,IND,00-0022942,35,17.67825495096622,P.Rivers
2020,2020_08_IND_DET,IND,00-0033251,1,-0.5561131672002375,Z.Pascal
2020,2020_08_LAC_DEN,DEN,00-0035704,42,3.3611670836414893,D.Lock
2020,2020_08_LAC_DEN,LAC,00-0030279,1,-0.5174190076068044,K.Allen
2020,2020_08_LAC_DEN,LAC,00-0036355,45,5.031501498079344,J.Herbert
2020,2020_08_LA_MIA,LA,00-0033106,62,-25.45234211528531,J.Goff
2020,2020_08_LA_MIA,MIA,00-0036212,23,-10.163362624763977,T.Tagovailoa
2020,2020_08_LV_CLE,CLE,00-0034855,25,-1.6663777658267236,B.Mayfield
2020,2020_08_LV_CLE,LV,00-0031280,25,0.4562142098806059,D.Carr
2020,2020_08_MIN_GB,GB,00-0023459,41,10.324819048284551,A.Rodgers
2020,2020_08_MIN_GB,MIN,00-0029604,15,12.013542197528295,K.Cousins
2020,2020_08_NE_BUF,BUF,00-0034857,19,-1.130881338764607,J.Allen
2020,2020_08_NE_BUF,NE,00-0027939,28,3.2913829134133823,C.Newton
2020,2020_08_NO_CHI,CHI,00-0029567,46,-1.9171870008100045,N.Foles
2020,2020_08_NO_CHI,NO,00-0020531,42,8.238903289013559,D.Brees
2020,2020_08_NYJ_KC,KC,00-0026197,4,-1.1292891792254522,C.Henne
2020,2020_08_NYJ_KC,KC,00-0033873,42,27.69037336180918,P.Mahomes
2020,2020_08_NYJ_KC,KC,00-0035889,1,3.4530158574925736,T.Townsend
2020,2020_08_NYJ_KC,NYJ,00-0034869,30,-5.050013464374428,S.Darnold
2020,2020_08_PIT_BAL,BAL,00-0034796,31,-9.46768445201451,L.Jackson
2020,2020_08_PIT_BAL,PIT,00-0022924,34,5.3780605486244895,B.Roethlisberger
2020,2020_08_SF_SEA,SEA,00-0029263,39,16.450996337423426,R.Wilson
2020,2020_08_SF_SEA,SF,00-0031345,19,-5.739186598744709,J.Garoppolo
2020,2020_08_SF_SEA,SF,00-0033319,26,17.357870918625967,N.Mullens
2020,2020_08_TB_NYG,NYG,00-0027891,1,2.6487652277573943,G.Tate
2020,2020_08_TB_NYG,NYG,00-0035710,45,-0.524956726936605,D.Jones
2020,2020_08_TB_NYG,TB,00-0019596,43,9.733832045140856,T.Brady
2020,2020_08_TEN_CIN,CIN,00-0036442,37,18.225354939210515,J.Burrow
2020,2020_08_TEN_CIN,TEN,00-0025825,1,-0.947,B.Kern
2020,2020_08_TEN_CIN,TEN,00-0029701,31,0.2136726172728131,R.Tannehill
2020,2020_09_BAL_IND,BAL,00-0034796,25,7.429340099100955,L.Jackson
2020,2020_09_BAL_IND,IND,00-0022942,41,-13.80240556508699,P.Rivers
2020,2020_09_BAL_IND,IND,00-0033119,1,-0.3158758304780349,J.Brissett
2020,2020_09_CAR_KC,CAR,00-0031237,50,13.599501929664928,T.Bridgewater
2020,2020_09_CAR_KC,CAR,00-0036320,1,4.732203070423566,J.Charlton
2020,2020_09_CAR_KC,KC,00-0033873,46,15.555955654904006,P.Mahomes
2020,2020_09_CHI_TEN,CHI,00-0029567,55,4.878291047450489,N.Foles
2020,2020_09_CHI_TEN,TEN,00-0029701,24,-1.0480872229230194,R.Tannehill
2020,2020_09_DEN_ATL,ATL,00-0026143,37,10.975825201488188,M.Ryan
2020,2020_09_DEN_ATL,DEN,00-0035704,49,1.3541957766652506,D.Lock
2020,2020_09_DET_MIN,DET,00-0026498,34,-1.4414204201467635,M.Stafford
2020,2020_09_DET_MIN,DET,00-0026544,12,-4.624215578452757,C.Daniel
2020,2020_09_DET_MIN,MIN,00-0029604,21,6.3355093486025,K.Cousins
2020,2020_09_GB_SF,GB,00-0023459,32,19.74902956562049,A.Rodgers
2020,2020_09_GB_SF,SF,00-0033319,36,-2.953580342867511,N.Mullens
2020,2020_09_HOU_JAX,HOU,00-0033537,34,7.122316828505848,D.Watson
2020,2020_09_HOU_JAX,JAX,00-0036312,41,2.2781541127907268,J.Luton
2020,2020_09_LV_LAC,LAC,00-0036355,43,10.485844167175468,J.Herbert
2020,2020_09_LV_LAC,LV,00-0031280,24,1.2696461975276525,D.Carr
2020,2020_09_MIA_ARI,ARI,00-0035228,27,9.647668730256513,K.Murray
2020,2020_09_MIA_ARI,MIA,00-0036212,30,10.140233529539746,T.Tagovailoa
2020,2020_09_NE_NYJ,NE,00-0027939,34,14.010568565522648,C.Newton
2020,2020_09_NE_NYJ,NYJ,00-0026158,26,14.237413250667466,J.Flacco
2020,2020_09_NO_TB,NO,00-0020531,33,11.752234226721283,D.Brees
2020,2020_09_NO_TB,NO,00-0031503,1,1.8854925452615132,J.Winston
2020,2020_09_NO_TB,NO,00-0033357,2,4.973088434955571,T.Hill
2020,2020_09_NO_TB,TB,00-0019596,41,-23.323347462876814,T.Brady
2020,2020_09_NYG_WAS,NYG,00-0035710,39,2.60409680699602,D.Jones
2020,2020_09_NYG_WAS,WAS,00-0023436,34,2.1166402583500545,A.Smith
2020,2020_09_NYG_WAS,WAS,00-0034577,7,2.075231757364236,K.Allen
2020,2020_09_PIT_DAL,DAL,00-0031395,39,-5.178609193852799,G.Gilbert
2020,2020_09_PIT_DAL,PIT,00-0022924,43,10.93426829042818,B.Roethlisberger
2020,2020_09_PIT_DAL,PIT,00-0034771,3,-1.2069862431962974,M.Rudolph
2020,2020_09_SEA_BUF,BUF,00-0034857,45,16.470728894121613,J.Allen
2020,2020_09_SEA_BUF,SEA,00-0029263,46,2.275875946768632,R.Wilson
2020,2020_10_BAL_NE,BAL,00-0034796,36,4.274859373778414,L.Jackson
2020,2020_10_BAL_NE,NE,00-0027939,18,3.2596088556943283,C.Newton
2020,2020_10_BAL_NE,NE,00-0034960,1,3.5188783009070903,J.Meyers
2020,2020_10_BUF_ARI,ARI,00-0035228,35,2.928801977019414,K.Murray
2020,2020_10_BUF_ARI,BUF,00-0033466,1,2.2947238330962136,I.McKenzie
2020,2020_10_BUF_ARI,BUF,00-0034857,49,-0.5542597319757387,J.Allen
2020,2020_10_CIN_PIT,CIN,00-0036442,43,-10.853106346644443,J.Burrow
2020,2020_10_CIN_PIT,PIT,00-0022924,47,10.610693417293056,B.Roethlisberger
2020,2020_10_DEN_LV,DEN,00-0035704,50,-12.951513433199263,D.Lock
2020,2020_10_DEN_LV,LV,00-0031280,25,3.0190718857979624,D.Carr
2020,2020_10_HOU_CLE,CLE,00-0034855,21,-3.269063788676709,B.Mayfield
2020,2020_10_HOU_CLE,HOU,00-0033537,32,0.6792835710737002,D.Watson
2020,2020_10_IND_TEN,IND,00-0022942,39,15.044160714232545,P.Rivers
2020,2020_10_IND_TEN,TEN,00-0029701,28,-4.4428448536508895,R.Tannehill
2020,2020_10_JAX_GB,GB,00-0023459,35,6.358336266749454,A.Rodgers
2020,2020_10_JAX_GB,JAX,00-0036312,38,-12.148108176368206,J.Luton
2020,2020_10_LAC_MIA,LAC,00-0036355,34,-5.413230150821619,J.Herbert
2020,2020_10_LAC_MIA,MIA,00-0036212,26,7.961467484443512,T.Tagovailoa
2020,2020_10_MIN_CHI,CHI,00-0029567,28,-14.66393695538711,N.Foles
2020,2020_10_MIN_CHI,CHI,00-0030151,4,-1.0610926861409098,T.Bray
2020,2020_10_MIN_CHI,MIN,00-0026516,1,-0.947,B.Colquitt
2020,2020_10_MIN_CHI,MIN,00-0029604,37,11.421238729137476,K.Cousins
2020,2020_10_PHI_NYG,NYG,00-0035710,31,7.199268297944977,D.Jones
2020,2020_10_PHI_NYG,PHI,00-0032950,41,-5.018484511028497,C.Wentz
2020,2020_10_SEA_LA,LA,00-0033106,40,5.257513666918875,J.Goff
2020,2020_10_SEA_LA,SEA,00-0029263,43,-7.275139138709701,R.Wilson
2020,2020_10_SF_NO,NO,00-0020531,13,0.0396045361689889,D.Brees
2020,2020_10_SF_NO,NO,00-0031503,12,-1.0854314311976494,J.Winston
2020,2020_10_SF_NO,NO,00-0033357,1,-1.995036252308637,T.Hill
2020,2020_10_SF_NO,SF,00-0033319,40,0.2099337815459332,N.Mullens
2020,2020_10_SF_NO,SF,00-0033936,1,-1.043005395215005,C.Beathard
2020,2020_10_TB_CAR,CAR,00-0031237,26,-3.925124803091306,T.Bridgewater
2020,2020_10_TB_CAR,CAR,00-0033275,5,-4.295632853463758,P.Walker
2020,2020_10_TB_CAR,CAR,00-0036320,1,-3.2742809382034466,J.Charlton
2020,2020_10_TB_CAR,TB,00-0019596,40,28.041577820407404,T.Brady
2020,2020_10_WAS_DET,DET,00-0026498,34,11.171179745781744,M.Stafford
2020,2020_10_WAS_DET,WAS,00-0023436,57,16.134173301204534,A.Smith
2020,2020_11_ARI_SEA,ARI,00-0035228,45,10.640148159494856,K.Murray
2020,2020_11_ARI_SEA,SEA,00-0029263,31,10.019940025701484,R.Wilson
2020,2020_11_ATL_NO,ATL,00-0026143,45,-15.592276839794469,M.Ryan
2020,2020_11_ATL_NO,NO,00-0033357,26,1.765231391779765,T.Hill
2020,2020_11_CIN_WAS,CIN,00-0035652,14,-14.816099364543334,R.Finley
2020,2020_11_CIN_WAS,CIN,00-0036442,34,6.782050037202837,J.Burrow
2020,2020_11_CIN_WAS,WAS,00-0023436,27,-3.5345373539519414,A.Smith
2020,2020_11_DAL_MIN,DAL,00-0027973,33,-0.1641756644895085,A.Dalton
2020,2020_11_DAL_MIN,MIN,00-0029604,32,7.680879545398056,K.Cousins
2020,2020_11_DET_CAR,CAR,00-0033275,35,-0.5450205237256167,P.Walker
2020,2020_11_DET_CAR,CAR,00-0034827,1,-0.4084709255257621,D.Moore
2020,2020_11_DET_CAR,DET,00-0026498,38,-11.072866954207557,M.Stafford
2020,2020_11_GB_IND,GB,00-0023459,37,6.312849947066151,A.Rodgers
2020,2020_11_GB_IND,IND,00-0022942,37,9.02496611295568,P.Rivers
2020,2020_11_KC_LV,KC,00-0030506,1,0.8786752813030034,T.Kelce
2020,2020_11_KC_LV,KC,00-0033873,45,20.94987689965637,P.Mahomes
2020,2020_11_KC_LV,LV,00-0031280,31,16.2514597371491,D.Carr
2020,2020_11_LA_TB,LA,00-0033106,50,9.731206830067094,J.Goff
2020,2020_11_LA_TB,TB,00-0019596,49,-9.628150245101097,T.Brady
2020,2020_11_MIA_DEN,DEN,00-0035704,30,1.5132941104460191,D.Lock
2020,2020_11_MIA_DEN,MIA,00-0023682,18,1.401720464695245,R.Fitzpatrick
2020,2020_11_MIA_DEN,MIA,00-0036212,26,-9.750890633240727,T.Tagovailoa
2020,2020_11_NE_HOU,HOU,00-0033537,37,20.12448935980249,D.Watson
2020,2020_11_NE_HOU,NE,00-0027939,42,11.021342038920494,C.Newton
2020,2020_11_NYJ_LAC,LAC,00-0036355,52,17.69393000192085,J.Herbert
2020,2020_11_NYJ_LAC,NYJ,00-0026158,31,-1.6109421375440434,J.Flacco
2020,2020_11_PHI_CLE,CLE,00-0034855,24,0.1102097107079531,B.Mayfield
2020,2020_11_PHI_CLE,PHI,00-0032950,40,-9.592298928040917,C.Wentz
2020,2020_11_PIT_JAX,JAX,00-0036312,39,-26.25813102347417,J.Luton
2020,2020_11_PIT_JAX,PIT,00-0022924,46,6.681690186277554,B.Roethlisberger
2020,2020_11_TEN_BAL,BAL,00-0034796,31,6.5806207304297,L.Jackson
2020,2020_11_TEN_BAL,TEN,00-0029701,33,8.4648196705364,R.Tannehill
2020,2020_11_TEN_BAL,TEN,00-0034438,1,3.0192825115518644,L.Woodside
2020,2020_12_ARI_NE,ARI,00-0035228,36,-1.9803568251387256,K.Murray
2020,2020_12_ARI_NE,NE,00-0027939,20,-11.835755317340949,C.Newton
2020,2020_12_BAL_PIT,BAL,00-0029665,15,-17.627457735943608,R.Griffin
2020,2020_12_BAL_PIT,BAL,00-0035146,6,2.724706617067568,T.McSorley
2020,2020_12_BAL_PIT,PIT,00-0022924,51,-4.719564125224387,B.Roethlisberger
2020,2020_12_CAR_MIN,CAR,00-0031237,35,3.141692986862458,T.Bridgewater
2020,2020_12_CAR_MIN,MIN,00-0029604,47,6.550231288213388,K.Cousins
2020,2020_12_CHI_GB,CHI,00-0033869,50,-2.3376623079279533,M.Trubisky
2020,2020_12_CHI_GB,GB,00-0023459,29,15.347127097600604,A.Rodgers
2020,2020_12_CLE_JAX,CLE,00-0034855,31,13.28850832403888,B.Mayfield
2020,2020_12_CLE_JAX,JAX,00-0030520,36,3.2700444670761466,M.Glennon
2020,2020_12_HOU_DET,DET,00-0026498,47,-0.5135514110404995,M.Stafford
2020,2020_12_HOU_DET,DET,00-0033572,1,-0.4681624989025295,J.Agnew
2020,2020_12_HOU_DET,HOU,00-0033537,28,18.90969482042424,D.Watson
2020,2020_12_KC_TB,KC,00-0030506,1,-0.4255821466795169,T.Kelce
2020,2020_12_KC_TB,KC,00-0033873,51,21.33856203301385,P.Mahomes
2020,2020_12_KC_TB,TB,00-0019596,42,7.231103874874522,T.Brady
2020,2020_12_LAC_BUF,BUF,00-0029000,1,2.913771021645516,C.Beasley
2020,2020_12_LAC_BUF,BUF,00-0030533,1,-1.6159852842683904,M.Barkley
2020,2020_12_LAC_BUF,BUF,00-0034857,26,1.0614906553805827,J.Allen
2020,2020_12_LAC_BUF,LAC,00-0036355,56,6.182076096607605,J.Herbert
2020,2020_12_LV_ATL,ATL,00-0026143,40,-3.4253182707240537,M.Ryan
2020,2020_12_LV_ATL,LV,00-0031280,37,-26.27472271624494,D.Carr
2020,2020_12_LV_ATL,LV,00-0033958,7,-3.5255508897244,N.Peterman
2020,2020_12_MIA_NYJ,MIA,00-0023682,43,6.076912168736262,R.Fitzpatrick
2020,2020_12_MIA_NYJ,NYJ,00-0034869,30,-11.90767840536594,S.Darnold
2020,2020_12_NO_DEN,DEN,00-0035864,10,-11.930539221095389,K.Hinton
2020,2020_12_NO_DEN,NO,00-0033357,19,-8.220688603907561,T.Hill
2020,2020_12_NYG_CIN,CIN,00-0032434,31,-12.457635133162354,B.Allen
2020,2020_12_NYG_CIN,NYG,00-0027688,10,-2.9613031805518,C.McCoy
2020,2020_12_NYG_CIN,NYG,00-0027891,1,-0.7833670116961002,G.Tate III
2020,2020_12_NYG_CIN,NYG,00-0035710,27,12.428664665362463,D.Jones
2020,2020_12_SEA_PHI,PHI,00-0032950,50,-13.10153595950336,C.Wentz
2020,2020_12_SEA_PHI,PHI,00-0036389,1,0.0493230470456182,J.Hurts
2020,2020_12_SEA_PHI,SEA,00-0029263,33,-1.1247042787506445,R.Wilson
2020,2020_12_SF_LA,LA,00-0033106,33,-16.00529862985428,J.Goff
2020,2020_12_SF_LA,SF,00-0033319,37,-4.878184501043147,N.Mullens
2020,2020_12_TEN_IND,IND,00-0022942,44,4.94766871577315,P.Rivers
2020,2020_12_TEN_IND,IND,00-0033119,3,-5.224856877408456,J.Brissett
2020,2020_12_TEN_IND,TEN,00-0029701,23,10.55917068157578,R.Tannehill
2020,2020_12_WAS_DAL,DAL,00-0027973,38,-21.69811641440313,A.Dalton
2020,2020_12_WAS_DAL,DAL,00-0036358,1,-1.2370598842389882,C.Lamb
2020,2020_12_WAS_DAL,WAS,00-0023436,29,-7.065424922241432,A.Smith
2020,2020_12_WAS_DAL,WAS,00-0031260,1,1.8633733799215408,L.Thomas
2020,2020_13_BUF_SF,BUF,00-0034857,41,22.49672246464391,J.Allen
2020,2020_13_BUF_SF,SF,00-0033319,39,11.084356896776974,N.Mullens
2020,2020_13_CIN_MIA,CIN,00-0032434,24,-7.009877075341156,B.Allen
2020,2020_13_CIN_MIA,CIN,00-0033009,1,-0.5002179723232985,T.Boyd
2020,2020_13_CIN_MIA,CIN,00-0035652,8,-3.699001909000799,R.Finley
2020,2020_13_CIN_MIA,MIA,00-0036212,38,7.019768575529604,T.Tagovailoa
2020,2020_13_CLE_TEN,CLE,00-0031382,1,1.770588244893588,J.Landry
2020,2020_13_CLE_TEN,CLE,00-0034855,33,24.86351591234388,B.Mayfield
2020,2020_13_CLE_TEN,TEN,00-0029701,48,14.052290718449512,R.Tannehill
2020,2020_13_DAL_BAL,BAL,00-0034796,17,-4.609681970113256,L.Jackson
2020,2020_13_DAL_BAL,DAL,00-0027973,49,8.065199114254197,A.Dalton
2020,2020_13_DEN_KC,DEN,00-0035704,29,3.133427646217442,D.Lock
2020,2020_13_DEN_KC,KC,00-0033873,41,6.059818706371076,P.Mahomes
2020,2020_13_DET_CHI,CHI,00-0033869,36,6.483573011733824,M.Trubisky
2020,2020_13_DET_CHI,DET,00-0026498,44,17.361822265404044,M.Stafford
2020,2020_13_IND_HOU,HOU,00-0033537,43,1.1388486342924553,D.Watson
2020,2020_13_IND_HOU,IND,00-0022942,38,9.996901278439848,P.Rivers
2020,2020_13_JAX_MIN,JAX,00-0030520,44,2.0482706579014,M.Glennon
2020,2020_13_JAX_MIN,MIN,00-0029604,47,-1.7274092414328948,K.Cousins
2020,2020_13_LA_ARI,ARI,00-0035228,40,-11.374512690565297,K.Murray
2020,2020_13_LA_ARI,LA,00-0033106,48,18.200210214761,J.Goff
2020,2020_13_LV_NYJ,LV,00-0031280,48,10.820243172368109,D.Carr
2020,2020_13_LV_NYJ,NYJ,00-0034869,27,-1.9060198155201509,S.Darnold
2020,2020_13_NE_LAC,LAC,00-0036355,55,-28.08139722719782,J.Herbert
2020,2020_13_NE_LAC,NE,00-0027939,20,-5.153495735838078,C.Newton
2020,2020_13_NE_LAC,NE,00-0035264,3,5.607788666035049,J.Stidham
2020,2020_13_NO_ATL,ATL,00-0026143,42,-10.73948294141479,M.Ryan
2020,2020_13_NO_ATL,NO,00-0033357,39,2.486694608698599,T.Hill
2020,2020_13_NYG_SEA,NYG,00-0027688,25,-6.599139377329575,C.McCoy
2020,2020_13_NYG_SEA,SEA,00-0029263,48,-10.73376818437659,R.Wilson
2020,2020_13_PHI_GB,GB,00-0023459,36,15.443786659224727,A.Rodgers
2020,2020_13_PHI_GB,PHI,00-0032950,19,-6.152513213900853,C.Wentz
2020,2020_13_PHI_GB,PHI,00-0036389,15,2.2398372043971904,J.Hurts
2020,2020_13_WAS_PIT,PIT,00-0022924,53,-2.349150040516292,B.Roethlisberger
2020,2020_13_WAS_PIT,WAS,00-0023436,49,0.3477418666687919,A.Smith
2020,2020_14_ARI_NYG,ARI,00-0035228,36,4.798930538698372,K.Murray
2020,2020_14_ARI_NYG,NYG,00-0027688,5,-3.2574185107368976,C.McCoy
2020,2020_14_ARI_NYG,NYG,00-0035710,27,-14.106276912032628,D.Jones
2020,2020_14_ATL_LAC,ATL,00-0026143,34,-3.4329550354027125,M.Ryan
2020,2020_14_ATL_LAC,ATL,00-0034411,1,4.148734278278425,R.Gage
2020,2020_14_ATL_LAC,LAC,00-0036355,45,5.208931110260011,J.Herbert
2020,2020_14_BAL_CLE,BAL,00-0034796,20,6.619566721201409,L.Jackson
2020,2020_14_BAL_CLE,BAL,00-0035146,4,-0.5401542992331088,T.McSorley
2020,2020_14_BAL_CLE,CLE,00-0031382,1,0.7341104454826564,J.Landry
2020,2020_14_BAL_CLE,CLE,00-0034855,48,11.719675745422254,B.Mayfield
2020,2020_14_DAL_CIN,CIN,00-0032434,36,11.521519934292884,B.Allen
2020,2020_14_DAL_CIN,CIN,00-0035652,4,-5.005061103787739,R.Finley
2020,2020_14_DAL_CIN,DAL,00-0027973,25,12.631038748357817,A.Dalton
2020,2020_14_DEN_CAR,CAR,00-0031237,44,-1.915893826457613,T.Bridgewater
2020,2020_14_DEN_CAR,DEN,00-0035704,29,9.043046824095772,D.Lock
2020,2020_14_GB_DET,DET,00-0026498,37,5.377286117814947,M.Stafford
2020,2020_14_GB_DET,DET,00-0026544,6,0.632610132717593,C.Daniel
2020,2020_14_GB_DET,GB,00-0023459,33,17.861166291346308,A.Rodgers
2020,2020_14_HOU_CHI,CHI,00-0033869,36,9.861001581675794,M.Trubisky
2020,2020_14_HOU_CHI,HOU,00-0031288,1,-4.926011307281442,A.McCarron
2020,2020_14_HOU_CHI,HOU,00-0033537,36,-0.600695951085072,D.Watson
2020,2020_14_IND_LV,IND,00-0022942,28,16.309603758704416,P.Rivers
2020,2020_14_IND_LV,LV,00-0031280,45,3.6476736813577375,D.Carr
2020,2020_14_IND_LV,LV,00-0033891,1,2.221420862129889,Z.Jones
2020,2020_14_KC_MIA,KC,00-0033873,37,7.423478727403562,P.Mahomes
2020,2020_14_KC_MIA,MIA,00-0036212,51,2.667983152686641,T.Tagovailoa
2020,2020_14_KC_MIA,MIA,00-0036364,1,-0.4953862380934879,L.Bowden
2020,2020_14_MIN_TB,MIN,00-0029604,44,4.225322911151034,K.Cousins
2020,2020_14_MIN_TB,TB,00-0019596,22,8.727868304036354,T.Brady
2020,2020_14_NE_LA,LA,00-0033106,26,-4.51449169793735,J.Goff
2020,2020_14_NE_LA,NE,00-0027939,20,-17.41366359218151,C.Newton
2020,2020_14_NE_LA,NE,00-0035264,9,-7.37837436189875,J.Stidham
2020,2020_14_NO_PHI,NO,00-0033357,43,3.0987997005875347,T.Hill
2020,2020_14_NO_PHI,PHI,00-0036389,29,0.7584787413649035,J.Hurts
2020,2020_14_NYJ_SEA,NYJ,00-0034869,29,-5.66940259714794,S.Darnold
2020,2020_14_NYJ_SEA,SEA,00-0029263,27,14.156845473538851,R.Wilson
2020,2020_14_NYJ_SEA,SEA,00-0030565,6,0.6387938609695993,G.Smith
2020,2020_14_PIT_BUF,BUF,00-0034857,44,0.0534102806798948,J.Allen
2020,2020_14_PIT_BUF,PIT,00-0022924,39,-12.831794607001822,B.Roethlisberger
2020,2020_14_TEN_JAX,JAX,00-0030520,23,-7.226772978718517,M.Glennon
2020,2020_14_TEN_JAX,JAX,00-0035289,31,-1.8138932927977292,G.Minshew II
2020,2020_14_TEN_JAX,TEN,00-0029701,25,9.567265640494291,R.Tannehill
2020,2020_14_WAS_SF,SF,00-0033319,50,-23.34726974043576,N.Mullens
2020,2020_14_WAS_SF,WAS,00-0023436,20,-12.018566448565611,A.Smith
2020,2020_14_WAS_SF,WAS,00-0035232,13,-4.680826547407342,D.Haskins
2020,2020_14_WAS_SF,WAS,00-0036142,1,-0.5597911037039012,I.Wright
2020,2020_15_BUF_DEN,BUF,00-0034857,41,25.663771137566076,J.Allen
2020,2020_15_BUF_DEN,DEN,00-0035704,35,-13.49905515602874,D.Lock
2020,2020_15_CAR_GB,CAR,00-0031237,38,1.3468002598976088,T.Bridgewater
2020,2020_15_CAR_GB,GB,00-0023459,34,-7.055640220326117,A.Rodgers
2020,2020_15_CHI_MIN,CHI,00-0033869,22,4.902057283147484,M.Trubisky
2020,2020_15_CHI_MIN,MIN,00-0029604,37,3.318951345867976,K.Cousins
2020,2020_15_CLE_NYG,CLE,00-0034855,33,20.43872476494289,B.Mayfield
2020,2020_15_CLE_NYG,NYG,00-0027688,32,4.206808327290419,C.McCoy
2020,2020_15_CLE_NYG,NYG,00-0032943,1,-2.573928223864641,R.Dixon
2020,2020_15_DET_TEN,DET,00-0026498,32,14.286986724964429,M.Stafford
2020,2020_15_DET_TEN,DET,00-0026544,6,1.568968683539424,C.Daniel
2020,2020_15_DET_TEN,TEN,00-0029701,28,23.80768095428845,R.Tannehill
2020,2020_15_HOU_IND,HOU,00-0033537,46,13.34211007240069,D.Watson
2020,2020_15_HOU_IND,IND,00-0022942,29,9.718859611960308,P.Rivers
2020,2020_15_HOU_IND,IND,00-0033119,1,-0.4975446896860376,J.Brissett
2020,2020_15_JAX_BAL,BAL,00-0034796,23,15.386891695854723,L.Jackson
2020,2020_15_JAX_BAL,BAL,00-0035993,4,-4.108042967272922,T.Huntley
2020,2020_15_JAX_BAL,JAX,00-0035289,34,4.559045377653092,G.Minshew II
2020,2020_15_KC_NO,KC,00-0033873,52,0.9410668029569916,P.Mahomes
2020,2020_15_KC_NO,NO,00-0020531,36,-4.016958054751624,D.Brees
2020,2020_15_LAC_LV,LAC,00-0036355,33,22.06927941098909,J.Herbert
2020,2020_15_LAC_LV,LV,00-0031280,6,-0.3258834067465477,D.Carr
2020,2020_15_LAC_LV,LV,00-0032268,27,8.3818129072466,M.Mariota
2020,2020_15_NE_MIA,MIA,00-0036212,29,-1.9203169410518015,T.Tagovailoa
2020,2020_15_NE_MIA,NE,00-0027939,30,-0.5179200769454297,C.Newton
2020,2020_15_NYJ_LA,LA,00-0033106,37,-11.140137542074337,J.Goff
2020,2020_15_NYJ_LA,NYJ,00-0034869,33,3.648840579308781,S.Darnold
2020,2020_15_PHI_ARI,ARI,00-0022824,1,4.014011434279382,A.Lee
2020,2020_15_PHI_ARI,ARI,00-0035228,37,7.283088304193859,K.Murray
2020,2020_15_PHI_ARI,PHI,00-0036389,50,5.586862528696656,J.Hurts
2020,2020_15_PIT_CIN,CIN,00-0035652,15,-0.6164617927029608,R.Finley
2020,2020_15_PIT_CIN,PIT,00-0022924,39,-10.242413667659958,B.Roethlisberger
2020,2020_15_SEA_WAS,SEA,00-0029263,27,-5.746679603280347,R.Wilson
2020,2020_15_SEA_WAS,WAS,00-0035232,59,-0.1975618438887929,D.Haskins
2020,2020_15_SF_DAL,DAL,00-0027973,35,1.0742429495465926,A.Dalton
2020,2020_15_SF_DAL,DAL,00-0034418,1,0.1545028875116258,C.Wilson
2020,2020_15_SF_DAL,SF,00-0033319,38,0.0427076985652092,N.Mullens
2020,2020_15_SF_DAL,SF,00-0033936,7,6.2362157194665,C.Beathard
2020,2020_15_TB_ATL,ATL,00-0026143,52,4.467199796257029,M.Ryan
2020,2020_15_TB_ATL,TB,00-0019596,48,14.32021332060315,T.Brady
2020,2020_16_ATL_KC,ATL,00-0026143,39,10.798836499371536,M.Ryan
2020,2020_16_ATL_KC,KC,00-0031325,1,-1.95865104382392,S.Watkins
2020,2020_16_ATL_KC,KC,00-0033873,44,0.1486066441269491,P.Mahomes
2020,2020_16_BUF_NE,BUF,00-0030533,3,0.0730653356295079,M.Barkley
2020,2020_16_BUF_NE,BUF,00-0034857,36,18.374525610357523,J.Allen
2020,2020_16_BUF_NE,BUF,00-0035290,1,3.115367458667606,J.Johnson
2020,2020_16_BUF_NE,NE,00-0027939,12,-6.504375545350719,C.Newton
2020,2020_16_BUF_NE,NE,00-0035264,12,-3.79672821634449,J.Stidham
2020,2020_16_CAR_WAS,CAR,00-0031237,32,-7.651567095716018,T.Bridgewater
2020,2020_16_CAR_WAS,WAS,00-0031800,20,2.3747805972525384,T.Heinicke
2020,2020_16_CAR_WAS,WAS,00-0035232,30,-16.326079573371462,D.Haskins
2020,2020_16_CHI_JAX,CHI,00-0029567,1,-0.785490803187713,N.Foles
2020,2020_16_CHI_JAX,CHI,00-0033869,36,13.88374613285189,M.Trubisky
2020,2020_16_CHI_JAX,JAX,00-0030520,38,-5.025218777721635,M.Glennon
2020,2020_16_CIN_HOU,CIN,00-0032434,37,22.745381723196125,B.Allen
2020,2020_16_CIN_HOU,CIN,00-0032543,1,-0.4890727505553514,A.Erickson
2020,2020_16_CIN_HOU,HOU,00-0033537,34,3.4711059633644705,D.Watson
2020,2020_16_CLE_NYJ,CLE,00-0034855,55,-9.00293670749782,B.Mayfield
2020,2020_16_CLE_NYJ,NYJ,00-0031941,1,3.846167444484309,J.Crowder
2020,2020_16_CLE_NYJ,NYJ,00-0034869,34,0.0102324140903664,S.Darnold
2020,2020_16_DEN_LAC,DEN,00-0035704,48,-0.4202154914284235,D.Lock
2020,2020_16_DEN_LAC,LAC,00-0036355,35,-1.425404646791841,J.Herbert
2020,2020_16_IND_PIT,IND,00-0022942,39,-6.40298673172947,P.Rivers
2020,2020_16_IND_PIT,PIT,00-0022924,50,2.9660411556251347,B.Roethlisberger
2020,2020_16_LA_SEA,LA,00-0033106,46,-2.386310539804392,J.Goff
2020,2020_16_LA_SEA,SEA,00-0029263,36,3.322931502583808,R.Wilson
2020,2020_16_MIA_LV,LV,00-0031280,36,0.1933692116451926,D.Carr
2020,2020_16_MIA_LV,MIA,00-0023682,13,11.621786750466024,R.Fitzpatrick
2020,2020_16_MIA_LV,MIA,00-0036212,25,-7.924119499977678,T.Tagovailoa
2020,2020_16_MIN_NO,MIN,00-0029604,44,5.976854190274142,K.Cousins
2020,2020_16_MIN_NO,NO,00-0020531,26,10.579499685014758,D.Brees
2020,2020_16_MIN_NO,NO,00-0033357,2,0.2158150052127894,T.Hill
2020,2020_16_NYG_BAL,BAL,00-0034796,25,11.331526112826154,L.Jackson
2020,2020_16_NYG_BAL,NYG,00-0035710,47,-5.040927954430714,D.Jones
2020,2020_16_PHI_DAL,DAL,00-0027973,32,11.901943468914844,A.Dalton
2020,2020_16_PHI_DAL,PHI,00-0036389,42,-2.345713693398335,J.Hurts
2020,2020_16_SF_ARI,ARI,00-0035228,53,-16.437730236070802,K.Murray
2020,2020_16_SF_ARI,SF,00-0033936,25,2.2820753680689183,C.Beathard
2020,2020_16_TB_DET,DET,00-0026498,3,-1.2091841625515372,M.Stafford
2020,2020_16_TB_DET,DET,00-0026544,21,-12.516650951118208,C.Daniel
2020,2020_16_TB_DET,DET,00-0035040,11,-9.72741845587734,D.Blough
2020,2020_16_TB_DET,TB,00-0019596,28,26.576751331740525,T.Brady
2020,2020_16_TB_DET,TB,00-0027948,16,-0.1122106447424111,B.Gabbert
2020,2020_16_TEN_GB,GB,00-0023459,26,9.611669356789209,A.Rodgers
2020,2020_16_TEN_GB,TEN,00-0029701,26,-8.300373944162857,R.Tannehill
2020,2020_16_TEN_GB,TEN,00-0034438,2,-1.4844779600389302,L.Woodside
2020,2020_17_ARI_LA,ARI,00-0035228,13,2.809115658161904,K.Murray
2020,2020_17_ARI_LA,ARI,00-0035752,18,-13.418105398392072,C.Streveler
2020,2020_17_ARI_LA,LA,00-0034899,40,-3.346273086496141,J.Wolford
2020,2020_17_ATL_TB,ATL,00-0026143,45,12.510810213981031,M.Ryan
2020,2020_17_ATL_TB,TB,00-0019596,41,22.25835591428887,T.Brady
2020,2020_17_BAL_CIN,BAL,00-0034796,18,6.92855948174838,L.Jackson
2020,2020_17_BAL_CIN,BAL,00-0035993,1,0.574866310460493,T.Huntley
2020,2020_17_BAL_CIN,CIN,00-0032434,21,-24.306059837313384,B.Allen
2020,2020_17_DAL_NYG,DAL,00-0027973,53,-9.708731534736591,A.Dalton
2020,2020_17_DAL_NYG,NYG,00-0035710,27,3.0037582186135414,D.Jones
2020,2020_17_GB_CHI,CHI,00-0033869,43,-3.475845832945546,M.Trubisky
2020,2020_17_GB_CHI,GB,00-0023459,25,20.7725404908997,A.Rodgers
2020,2020_17_JAX_IND,IND,00-0022942,28,0.976689517853112,P.Rivers
2020,2020_17_JAX_IND,JAX,00-0030520,48,-12.60002383030951,M.Glennon
2020,2020_17_LAC_KC,KC,00-0026197,33,12.932485629164148,C.Henne
2020,2020_17_LAC_KC,LAC,00-0036355,35,20.81638187986403,J.Herbert
2020,2020_17_LV_DEN,DEN,00-0035704,44,4.931099643144554,D.Lock
2020,2020_17_LV_DEN,LV,00-0031280,42,8.04644317871146,D.Carr
2020,2020_17_MIA_BUF,BUF,00-0030533,13,5.209747455955949,M.Barkley
2020,2020_17_MIA_BUF,BUF,00-0034857,26,11.372667003946844,J.Allen
2020,2020_17_MIA_BUF,MIA,00-0036212,60,-13.744881676313964,T.Tagovailoa
2020,2020_17_MIA_BUF,MIA,00-0036364,1,2.3460596356308088,L.Bowden
2020,2020_17_MIN_DET,DET,00-0026498,34,8.131429274989623,M.Stafford
2020,2020_17_MIN_DET,MIN,00-0029604,43,18.675098584590963,K.Cousins
2020,2020_17_NO_CAR,CAR,00-0031237,24,-9.576291504141407,T.Bridgewater
2020,2020_17_NO_CAR,CAR,00-0033275,16,-14.778994147782214,P.Walker
2020,2020_17_NO_CAR,NO,00-0020531,34,5.192979540090558,D.Brees
2020,2020_17_NYJ_NE,NE,00-0027939,33,10.564337381685618,C.Newton
2020,2020_17_NYJ_NE,NE,00-0034960,1,2.1124640480265957,J.Meyers
2020,2020_17_NYJ_NE,NYJ,00-0034869,37,-0.397826298547443,S.Darnold
2020,2020_17_PIT_CLE,CLE,00-0034855,31,5.369046123773948,B.Mayfield
2020,2020_17_PIT_CLE,PIT,00-0033949,5,-2.623088019026909,J.Dobbs
2020,2020_17_PIT_CLE,PIT,00-0034771,41,11.085271071331515,M.Rudolph
2020,2020_17_SEA_SF,SEA,00-0029263,38,1.346694604324501,R.Wilson
2020,2020_17_SEA_SF,SF,00-0033936,40,6.657749081042198,C.Beathard
2020,2020_17_TEN_HOU,HOU,00-0031288,1,3.676970351138152,A.McCarron
2020,2020_17_TEN_HOU,HOU,00-0033537,44,8.896453162610943,D.Watson
2020,2020_17_TEN_HOU,TEN,00-0029701,29,8.890345217510056,R.Tannehill
2020,2020_17_WAS_PHI,PHI,00-0032792,14,-4.724890282494016,N.Sudfeld
2020,2020_17_WAS_PHI,PHI,00-0033733,1,0.8680690744658932,G.Ward
2020,2020_17_WAS_PHI,PHI,00-0036389,21,-12.573129069816789,J.Hurts
2020,2020_17_WAS_PHI,WAS,00-0023436,35,-8.247725843676289,A.Smith
2020,2020_18_BAL_TEN,BAL,00-0034796,29,1.7366358189602755,L.Jackson
2020,2020_18_BAL_TEN,TEN,00-0029701,27,-0.4510351380660946,R.Tannehill
2020,2020_18_CHI_NO,CHI,00-0033869,30,-2.489985854830593,M.Trubisky
2020,2020_18_CHI_NO,NO,00-0020531,39,14.463354500825517,D.Brees
2020,2020_18_CHI_NO,NO,00-0033357,1,-6.108182441093959,T.Hill
2020,2020_18_CLE_PIT,CLE,00-0034855,34,14.296387387138449,B.Mayfield
2020,2020_18_CLE_PIT,PIT,00-0022924,71,7.087173079035699,B.Roethlisberger
2020,2020_18_IND_BUF,BUF,00-0034857,37,9.994116784344282,J.Allen
2020,2020_18_IND_BUF,IND,00-0022942,47,14.80633039350576,P.Rivers
2020,2020_18_LA_SEA,LA,00-0033106,21,1.843925312622975,J.Goff
2020,2020_18_LA_SEA,LA,00-0034899,7,-1.450312249711715,J.Wolford
2020,2020_18_LA_SEA,SEA,00-0029263,32,-15.527874723325093,R.Wilson
2020,2020_18_TB_WAS,TB,00-0019596,43,19.55170784653249,T.Brady
2020,2020_18_TB_WAS,WAS,00-0031800,47,-0.6473492050390397,T.Heinicke
2020,2020_19_BAL_BUF,BAL,00-0034796,26,-12.084958288449997,L.Jackson
2020,2020_19_BAL_BUF,BAL,00-0035993,14,-6.528324411832728,T.Huntley
2020,2020_19_BAL_BUF,BUF,00-0034857,39,-1.0680815966915502,J.Allen
2020,2020_19_CLE_KC,CLE,00-0034855,38,1.5998499812738798,B.Mayfield
2020,2020_19_CLE_KC,KC,00-0026197,9,0.00444099286576,C.Henne
2020,2020_19_CLE_KC,KC,00-0033873,29,10.562857904854134,P.Mahomes
2020,2020_19_LA_GB,GB,00-0023459,37,16.478008632740373,A.Rodgers
2020,2020_19_LA_GB,GB,00-0034162,1,-0.947,J.Scott
2020,2020_19_LA_GB,LA,00-0033106,32,-0.9182998489267192,J.Goff
2020,2020_19_TB_NO,NO,00-0020531,34,-19.41081493119698,D.Brees
2020,2020_19_TB_NO,NO,00-0031503,1,4.644100180594251,J.Winston
2020,2020_19_TB_NO,TB,00-0019596,34,3.612923673653779,T.Brady
2020,2020_20_BUF_KC,BUF,00-0034857,53,-8.70475142717636,J.Allen
2020,2020_20_BUF_KC,KC,00-0033873,39,21.91608495216565,P.Mahomes
2020,2020_20_TB_GB,GB,00-0023459,54,6.820213434013349,A.Rodgers
2020,2020_20_TB_GB,TB,00-0019596,37,9.33155270376617,T.Brady
2020,2020_21_KC_TB,KC,00-0033873,52,-14.088996285464573,P.Mahomes
2020,2020_21_KC_TB,TB,00-0019596,30,8.748573293501977,T.Brady
2021,2021_01_ARI_TEN,ARI,00-0035228,34,11.811978108226205,K.Murray
2021,2021_01_ARI_TEN,TEN,00-0029701,41,-19.69578801622953,R.Tannehill
2021,2021_01_ARI_TEN,TEN,00-0032496,1,3.062271899776533,M.Farley
2021,2021_01_BAL_LV,BAL,00-0034796,33,2.354600991991746,L.Jackson
2021,2021_01_BAL_LV,LV,00-0031280,57,9.413650628196526,D.Carr
2021,2021_01_CHI_LA,CHI,00-0027973,41,-10.919018580636475,A.Dalton
2021,2021_01_CHI_LA,CHI,00-0036945,2,0.3973512932425365,J.Fields
2021,2021_01_CHI_LA,LA,00-0026498,27,18.848576589254023,M.Stafford
2021,2021_01_CLE_KC,CLE,00-0034855,30,10.770012461114677,B.Mayfield
2021,2021_01_CLE_KC,KC,00-0033873,39,19.399531156391028,P.Mahomes
2021,2021_01_DAL_TB,DAL,00-0033077,59,14.206178918211204,D.Prescott
2021,2021_01_DAL_TB,TB,00-0019596,50,14.006987331264142,T.Brady
2021,2021_01_DEN_NYG,DEN,00-0031237,38,23.347826930988465,T.Bridgewater
2021,2021_01_DEN_NYG,NYG,00-0035710,38,-1.387924831476994,D.Jones
2021,2021_01_GB_NO,GB,00-0023459,29,-15.949714735417334,Aa.Rodgers
2021,2021_01_GB_NO,GB,00-0036264,8,-1.9097879871842447,J.Love
2021,2021_01_GB_NO,NO,00-0031503,20,16.496806407895363,J.Winston
2021,2021_01_GB_NO,NO,00-0033357,1,0.3705093786702491,T.Hill
2021,2021_01_JAX_HOU,HOU,00-0028118,34,14.053602164235166,Ty.Taylor
2021,2021_01_JAX_HOU,JAX,00-0036971,52,-3.838039752250947,T.Lawrence
2021,2021_01_LAC_WAS,LAC,00-0036355,49,10.384261467303975,J.Herbert
2021,2021_01_LAC_WAS,WAS,00-0023682,7,-4.27462314258315,R.Fitzpatrick
2021,2021_01_LAC_WAS,WAS,00-0031800,15,4.827129709271377,T.Heinicke
2021,2021_01_MIA_NE,MIA,00-0036212,29,1.3420937838439366,T.Tagovailoa
2021,2021_01_MIA_NE,NE,00-0036972,40,12.53295182892285,M.Jones
2021,2021_01_MIN_CIN,CIN,00-0036442,31,3.980767612479387,J.Burrow
2021,2021_01_MIN_CIN,MIN,00-0029604,51,10.401805161702214,K.Cousins
2021,2021_01_MIN_CIN,MIN,00-0036322,1,0.7226727395318449,J.Jefferson
2021,2021_01_NYJ_CAR,CAR,00-0034869,36,2.872278243143305,S.Darnold
2021,2021_01_NYJ_CAR,NYJ,00-0037013,44,-7.69828075631801,Z.Wilson
2021,2021_01_PHI_ATL,ATL,00-0026143,38,-15.975289404987098,M.Ryan
2021,2021_01_PHI_ATL,PHI,00-0036389,35,12.510651967517331,J.Hurts
2021,2021_01_PIT_BUF,BUF,00-0034857,54,-6.091796199729928,J.Allen
2021,2021_01_PIT_BUF,PIT,00-0022924,34,-0.827915468918885,B.Roethlisberger
2021,2021_01_SEA_IND,IND,00-0032950,41,0.3033420569808616,C.Wentz
2021,2021_01_SEA_IND,SEA,00-0029263,26,12.11488942359574,R.Wilson
2021,2021_01_SF_DET,DET,00-0033106,62,-6.848857373831633,J.Goff
2021,2021_01_SF_DET,SF,00-0031345,25,20.327428242926864,J.Garoppolo
2021,2021_01_SF_DET,SF,00-0037012,1,1.1528736439649947,T.Lance
2021,2021_02_ATL_TB,ATL,00-0026143,47,-6.289418620096967,M.Ryan
2021,2021_02_ATL_TB,ATL,00-0034343,2,-2.8407156839966774,J.Rosen
2021,2021_02_ATL_TB,TB,00-0019596,39,1.854364208033076,T.Brady
2021,2021_02_BUF_MIA,BUF,00-0034857,34,3.830315318575751,J.Allen
2021,2021_02_BUF_MIA,MIA,00-0033119,44,-14.200013527122792,J.Brissett
2021,2021_02_BUF_MIA,MIA,00-0036212,6,-7.603390352567658,T.Tagovailoa
2021,2021_02_CIN_CHI,CHI,00-0027973,12,2.5951247960329056,A.Dalton
2021,2021_02_CIN_CHI,CHI,00-0036945,15,-9.652633581360334,J.Fields
2021,2021_02_CIN_CHI,CIN,00-0036442,35,-8.971513120357098,J.Burrow
2021,2021_02_DAL_LAC,DAL,00-0033077,29,-1.6675555825016857,D.Prescott
2021,2021_02_DAL_LAC,LAC,00-0036355,43,3.622237258148109,J.Herbert
2021,2021_02_DEN_JAX,DEN,00-0031237,37,8.952235956861413,T.Bridgewater
2021,2021_02_DEN_JAX,JAX,00-0036971,35,-14.17872855235235,T.Lawrence
2021,2021_02_DET_GB,DET,00-0033106,37,-0.5681896907650792,J.Goff
2021,2021_02_DET_GB,GB,00-0023459,30,17.5704846290173,Aa.Rodgers
2021,2021_02_HOU_CLE,CLE,00-0034855,23,7.975212186516728,B.Mayfield
2021,2021_02_HOU_CLE,HOU,00-0028118,11,8.90334564523073,Ty.Taylor
2021,2021_02_HOU_CLE,HOU,00-0036898,19,0.449235846899406,D.Mills
2021,2021_02_KC_BAL,BAL,00-0034796,28,-1.1584210339438326,L.Jackson
2021,2021_02_KC_BAL,KC,00-0033873,31,17.198165178648196,P.Mahomes
2021,2021_02_LA_IND,IND,00-0032950,35,-1.2718838066241087,C.Wentz
2021,2021_02_LA_IND,IND,00-0036226,5,-3.102543077489827,J.Eason
2021,2021_02_LA_IND,LA,00-0026498,31,11.933595880489168,M.Stafford
2021,2021_02_LV_PIT,LV,00-0031280,39,20.622716487110782,D.Carr
2021,2021_02_LV_PIT,PIT,00-0022924,42,2.70703791455795,B.Roethlisberger
2021,2021_02_MIN_ARI,ARI,00-0035228,39,4.577820325585416,K.Murray
2021,2021_02_MIN_ARI,MIN,00-0029604,33,6.9798191007773935,K.Cousins
2021,2021_02_NE_NYJ,NE,00-0036972,33,-4.378398055847251,M.Jones
2021,2021_02_NE_NYJ,NYJ,00-0037013,37,-23.702244502812835,Z.Wilson
2021,2021_02_NO_CAR,CAR,00-0034869,40,10.916118615744791,S.Darnold
2021,2021_02_NO_CAR,NO,00-0031503,26,-18.64494396548253,J.Winston
2021,2021_02_NYG_WAS,NYG,00-0035710,36,2.820565958186537,D.Jones
2021,2021_02_NYG_WAS,WAS,00-0031800,46,0.782703581053493,T.Heinicke
2021,2021_02_SF_PHI,PHI,00-0033733,1,-2.804270841705147,G.Ward
2021,2021_02_SF_PHI,PHI,00-0036389,25,0.681810371586888,J.Hurts
2021,2021_02_SF_PHI,SF,00-0031345,30,6.493261843919754,J.Garoppolo
2021,2021_02_TEN_SEA,SEA,00-0029263,34,8.279979560883039,R.Wilson
2021,2021_02_TEN_SEA,TEN,00-0029701,43,7.436185092462178,R.Tannehill
2021,2021_03_ARI_JAX,ARI,00-0035228,34,11.86485913900144,K.Murray
2021,2021_03_ARI_JAX,JAX,00-0036971,36,-12.982267817133106,T.Lawrence
2021,2021_03_ATL_NYG,ATL,00-0026143,39,5.152402266510762,M.Ryan
2021,2021_03_ATL_NYG,NYG,00-0035710,37,7.624345371326417,D.Jones
2021,2021_03_BAL_DET,BAL,00-0034796,34,7.412035808609557,L.Jackson
2021,2021_03_BAL_DET,DET,00-0033106,32,3.139432267693337,J.Goff
2021,2021_03_BAL_DET,DET,00-0036275,1,-0.912519452162087,D.Swift
2021,2021_03_CAR_HOU,CAR,00-0034869,37,11.996256922977524,S.Darnold
2021,2021_03_CAR_HOU,HOU,00-0036898,31,-7.230187164082684,D.Mills
2021,2021_03_CHI_CLE,CHI,00-0036945,29,-21.83927254819569,J.Fields
2021,2021_03_CHI_CLE,CLE,00-0034855,35,-1.997994831612922,B.Mayfield
2021,2021_03_CIN_PIT,CIN,00-0036442,18,8.303528122910267,J.Burrow
2021,2021_03_CIN_PIT,PIT,00-0022924,62,-8.943385756787512,B.Roethlisberger
2021,2021_03_GB_SF,GB,00-0023459,32,7.226966804875916,Aa.Rodgers
2021,2021_03_GB_SF,SF,00-0031345,44,0.668321106757503,J.Garoppolo
2021,2021_03_IND_TEN,IND,00-0032950,39,-8.559545816927763,C.Wentz
2021,2021_03_IND_TEN,TEN,00-0029701,28,3.2950427222822376,R.Tannehill
2021,2021_03_LAC_KC,KC,00-0033873,46,11.102004599568252,P.Mahomes
2021,2021_03_LAC_KC,LAC,00-0036355,40,16.220195302307456,J.Herbert
2021,2021_03_MIA_LV,LV,00-0031280,46,6.625039513732054,D.Carr
2021,2021_03_MIA_LV,MIA,00-0033119,51,-2.7166911547687187,J.Brissett
2021,2021_03_NO_NE,NE,00-0036972,53,-16.88236440998653,M.Jones
2021,2021_03_NO_NE,NO,00-0031503,24,5.266919137182413,J.Winston
2021,2021_03_NYJ_DEN,DEN,00-0031237,27,11.934019934421237,T.Bridgewater
2021,2021_03_NYJ_DEN,NYJ,00-0037013,40,-24.105391451797917,Z.Wilson
2021,2021_03_PHI_DAL,DAL,00-0033077,30,11.571619776455918,D.Prescott
2021,2021_03_PHI_DAL,PHI,00-0036389,41,-6.228373768622987,J.Hurts
2021,2021_03_SEA_MIN,MIN,00-0029604,39,19.216881190438933,K.Cousins
2021,2021_03_SEA_MIN,SEA,00-0029263,34,0.710958257028024,R.Wilson
2021,2021_03_TB_LA,LA,00-0026498,39,17.66876214655024,M.Stafford
2021,2021_03_TB_LA,TB,00-0019596,58,13.163302539915692,T.Brady
2021,2021_03_WAS_BUF,BUF,00-0033869,1,-0.2561312803300097,M.Trubisky
2021,2021_03_WAS_BUF,BUF,00-0034857,44,17.332078503287644,Jos.Allen
2021,2021_03_WAS_BUF,WAS,00-0031800,25,4.850079666357487,T.Heinicke
2021,2021_04_ARI_LA,ARI,00-0035228,35,13.925697000786997,K.Murray
2021,2021_04_ARI_LA,LA,00-0026498,41,2.3852450999366064,M.Stafford
2021,2021_04_BAL_DEN,BAL,00-0034796,40,10.418508413621405,L.Jackson
2021,2021_04_BAL_DEN,DEN,00-0031237,18,-6.994166627584491,T.Bridgewater
2021,2021_04_BAL_DEN,DEN,00-0035704,24,-9.43301898604841,D.Lock
2021,2021_04_CAR_DAL,CAR,00-0034869,44,-1.5771389917372265,S.Darnold
2021,2021_04_CAR_DAL,DAL,00-0033077,24,6.621061382902786,D.Prescott
2021,2021_04_CLE_MIN,CLE,00-0034855,37,-6.062940793573553,B.Mayfield
2021,2021_04_CLE_MIN,MIN,00-0029604,40,-9.819370267214254,K.Cousins
2021,2021_04_DET_CHI,CHI,00-0036945,18,3.215261419767688,J.Fields
2021,2021_04_DET_CHI,DET,00-0033106,42,4.7839747601537965,J.Goff
2021,2021_04_HOU_BUF,BUF,00-0033869,1,0.5110225803800859,M.Trubisky
2021,2021_04_HOU_BUF,BUF,00-0034857,31,1.955674356683692,J.Allen
2021,2021_04_HOU_BUF,HOU,00-0036898,24,-22.929134988808077,D.Mills
2021,2021_04_IND_MIA,IND,00-0032950,34,9.914629933273302,C.Wentz
2021,2021_04_IND_MIA,MIA,00-0033119,33,-0.5592807053368256,J.Brissett
2021,2021_04_JAX_CIN,CIN,00-0036442,33,17.589502797128443,J.Burrow
2021,2021_04_JAX_CIN,JAX,00-0036971,25,6.4064483839902095,T.Lawrence
2021,2021_04_KC_PHI,KC,00-0033873,31,22.732895673107123,P.Mahomes
2021,2021_04_KC_PHI,PHI,00-0036389,51,13.820485405213548,J.Hurts
2021,2021_04_LV_LAC,LAC,00-0031543,1,-2.76716072531417,T.Long
2021,2021_04_LV_LAC,LAC,00-0036355,40,5.055375313095283,J.Herbert
2021,2021_04_LV_LAC,LV,00-0031280,38,-7.575010212823973,D.Carr
2021,2021_04_NYG_NO,NO,00-0031503,23,10.945807373695482,J.Winston
2021,2021_04_NYG_NO,NO,00-0033357,3,-2.296943289169576,T.Hill
2021,2021_04_NYG_NO,NYG,00-0035710,40,16.378666386281818,D.Jones
2021,2021_04_PIT_GB,GB,00-0023459,39,3.578705210486456,Aa.Rodgers
2021,2021_04_PIT_GB,PIT,00-0022924,42,-10.516520136232064,B.Roethlisberger
2021,2021_04_SEA_SF,SEA,00-0029263,26,-4.56667301687412,R.Wilson
2021,2021_04_SEA_SF,SF,00-0031345,24,-1.2354330546405947,J.Garoppolo
2021,2021_04_SEA_SF,SF,00-0037012,19,7.876096461957786,T.Lance
2021,2021_04_TB_NE,NE,00-0034960,2,1.7869173039798625,J.Meyers
2021,2021_04_TB_NE,NE,00-0036972,44,2.518357435648848,M.Jones
2021,2021_04_TB_NE,TB,00-0019596,44,2.2452076453571177,T.Brady
2021,2021_04_TEN_NYJ,NYJ,00-0037013,35,9.091256202533522,Z.Wilson
2021,2021_04_TEN_NYJ,TEN,00-0029701,57,0.2581047966226566,R.Tannehill
2021,2021_04_WAS_ATL,ATL,00-0026143,43,12.4066345705757,M.Ryan
2021,2021_04_WAS_ATL,WAS,00-0031800,35,18.078005639045152,T.Heinicke
2021,2021_05_BUF_KC,BUF,00-0034857,26,14.434711516484072,J.Allen
2021,2021_05_BUF_KC,KC,00-0033873,56,-9.87495678226908,P.Mahomes
2021,2021_05_CHI_LV,CHI,00-0027973,1,1.5922801172710024,A.Dalton
2021,2021_05_CHI_LV,CHI,00-0036945,21,4.757899117830675,J.Fields
2021,2021_05_CHI_LV,LV,00-0031280,39,-9.29569615281544,D.Carr
2021,2021_05_CLE_LAC,CLE,00-0034855,33,11.081672610813795,B.Mayfield
2021,2021_05_CLE_LAC,LAC,00-0036355,46,17.25795208678767,J.Herbert
2021,2021_05_DEN_PIT,DEN,00-0031237,41,7.27228222403219,T.Bridgewater
2021,2021_05_DEN_PIT,PIT,00-0022924,26,9.34852731680036,B.Roethlisberger
2021,2021_05_DET_MIN,DET,00-0033106,40,-14.08202783846655,J.Goff
2021,2021_05_DET_MIN,MIN,00-0029604,35,5.110678807325786,K.Cousins
2021,2021_05_GB_CIN,CIN,00-0036442,42,2.400176004666835,J.Burrow
2021,2021_05_GB_CIN,GB,00-0023459,40,8.687377569328252,Aa.Rodgers
2021,2021_05_IND_BAL,BAL,00-0034796,47,32.47428803373772,L.Jackson
2021,2021_05_IND_BAL,IND,00-0032950,38,16.519276712550596,C.Wentz
2021,2021_05_LA_SEA,LA,00-0026498,38,14.05562873519375,M.Stafford
2021,2021_05_LA_SEA,SEA,00-0029263,18,-2.173886298106873,R.Wilson
2021,2021_05_LA_SEA,SEA,00-0030565,17,4.380406795279016,G.Smith
2021,2021_05_MIA_TB,MIA,00-0033119,42,-1.071150899813249,J.Brissett
2021,2021_05_MIA_TB,TB,00-0019596,42,28.32554899159173,T.Brady
2021,2021_05_MIA_TB,TB,00-0027948,3,3.947539044369478,B.Gabbert
2021,2021_05_NE_HOU,HOU,00-0036898,32,17.91204633558163,D.Mills
2021,2021_05_NE_HOU,NE,00-0036972,30,8.957857867401325,M.Jones
2021,2021_05_NO_WAS,NO,00-0031503,32,7.178353586350568,J.Winston
2021,2021_05_NO_WAS,WAS,00-0031800,44,-13.309267203228158,T.Heinicke
2021,2021_05_NYG_DAL,DAL,00-0033077,34,10.34402739515805,D.Prescott
2021,2021_05_NYG_DAL,DAL,00-0034418,1,1.256549630779773,C.Wilson
2021,2021_05_NYG_DAL,NYG,00-0030520,25,-2.8583272549440157,M.Glennon
2021,2021_05_NYG_DAL,NYG,00-0035710,13,0.8874413325392854,D.Jones
2021,2021_05_NYG_DAL,NYG,00-0036913,1,-0.7465409515425563,K.Toney
2021,2021_05_NYJ_ATL,ATL,00-0026143,45,21.30797904292473,M.Ryan
2021,2021_05_NYJ_ATL,ATL,00-0030578,1,-0.5996399439172819,C.Patterson
2021,2021_05_NYJ_ATL,NYJ,00-0037013,35,-4.802411219212214,Z.Wilson
2021,2021_05_PHI_CAR,CAR,00-0034869,40,-17.94983266224083,S.Darnold
2021,2021_05_PHI_CAR,PHI,00-0036389,40,-9.480574528082112,J.Hurts
2021,2021_05_SF_ARI,ARI,00-0035228,33,4.36363601132804,K.Murray
2021,2021_05_SF_ARI,SF,00-0037012,31,-6.802042994454631,T.Lance
2021,2021_05_TEN_JAX,JAX,00-0036971,36,-1.567293673565623,T.Lawrence
2021,2021_05_TEN_JAX,TEN,00-0029701,25,6.578955086358247,R.Tannehill
2021,2021_06_ARI_CLE,ARI,00-0035228,32,14.576906818488192,K.Murray
2021,2021_06_ARI_CLE,CLE,00-0028986,3,-3.925788269669283,C.Keenum
2021,2021_06_ARI_CLE,CLE,00-0034855,33,-6.053787734941579,B.Mayfield
2021,2021_06_BUF_TEN,BUF,00-0034857,50,13.957006499372302,J.Allen
2021,2021_06_BUF_TEN,BUF,00-0035689,1,1.053,D.Knox
2021,2021_06_BUF_TEN,TEN,00-0029701,29,7.008122111278633,R.Tannehill
2021,2021_06_CIN_DET,CIN,00-0032434,1,1.677028059435543,B.Allen
2021,2021_06_CIN_DET,CIN,00-0036442,31,10.479850668465582,J.Burrow
2021,2021_06_CIN_DET,DET,00-0033106,43,-6.487358437823983,J.Goff
2021,2021_06_DAL_NE,DAL,00-0033077,52,22.495623612446284,D.Prescott
2021,2021_06_DAL_NE,NE,00-0036972,24,-3.2449553656768986,M.Jones
2021,2021_06_GB_CHI,CHI,00-0036945,31,-4.224770951026585,J.Fields
2021,2021_06_GB_CHI,GB,00-0023459,26,6.792425695280425,Aa.Rodgers
2021,2021_06_HOU_IND,HOU,00-0036898,45,-8.99938089727458,D.Mills
2021,2021_06_HOU_IND,IND,00-0032950,22,6.661802014852183,C.Wentz
2021,2021_06_KC_WAS,KC,00-0033873,50,12.334406197804611,P.Mahomes
2021,2021_06_KC_WAS,WAS,00-0031800,39,-5.7160549873900806,T.Heinicke
2021,2021_06_LAC_BAL,BAL,00-0034796,30,-3.385802953035329,L.Jackson
2021,2021_06_LAC_BAL,LAC,00-0036355,41,-14.143002570664976,J.Herbert
2021,2021_06_LA_NYG,LA,00-0026498,30,18.572176583315013,M.Stafford
2021,2021_06_LA_NYG,LA,00-0034899,2,-3.58801715192385,J.Wolford
2021,2021_06_LA_NYG,NYG,00-0035710,56,-14.701686445763375,D.Jones
2021,2021_06_LV_DEN,DEN,00-0031237,54,3.861055385361068,T.Bridgewater
2021,2021_06_LV_DEN,LV,00-0031280,29,16.494320422538213,D.Carr
2021,2021_06_MIA_JAX,JAX,00-0036971,43,9.38640698358796,T.Lawrence
2021,2021_06_MIA_JAX,MIA,00-0033119,1,2.2277986847329885,J.Brissett
2021,2021_06_MIA_JAX,MIA,00-0036212,46,8.75416587593515,T.Tagovailoa
2021,2021_06_MIN_CAR,CAR,00-0034869,46,-16.0641826740881,S.Darnold
2021,2021_06_MIN_CAR,MIN,00-0029604,48,13.550886791114518,K.Cousins
2021,2021_06_SEA_PIT,PIT,00-0022924,41,-1.0961150637063597,B.Roethlisberger
2021,2021_06_SEA_PIT,SEA,00-0030565,36,-8.426555957853342,G.Smith
2021,2021_06_TB_PHI,PHI,00-0036389,29,-6.575849391427527,J.Hurts
2021,2021_06_TB_PHI,TB,00-0019596,42,13.495770434703443,T.Brady
2021,2021_07_ATL_MIA,ATL,00-0026143,41,11.177175974154776,M.Ryan
2021,2021_07_ATL_MIA,MIA,00-0036212,41,5.602380278522623,T.Tagovailoa
2021,2021_07_CAR_NYG,CAR,00-0033275,17,-13.290193931781689,P.Walker
2021,2021_07_CAR_NYG,CAR,00-0034869,28,-10.541076185484348,S.Darnold
2021,2021_07_CAR_NYG,NYG,00-0034860,1,0.98088472627569,D.Pettis
2021,2021_07_CAR_NYG,NYG,00-0035710,35,-2.0006399432271467,D.Jones
2021,2021_07_CHI_TB,CHI,00-0036945,36,-25.489263035419,J.Fields
2021,2021_07_CHI_TB,TB,00-0019596,36,9.262589475397338,T.Brady
2021,2021_07_CHI_TB,TB,00-0027948,3,-0.6526747738826089,B.Gabbert
2021,2021_07_CIN_BAL,BAL,00-0034796,36,-9.331944786671578,L.Jackson
2021,2021_07_CIN_BAL,BAL,00-0035993,11,-4.218866468407214,T.Huntley
2021,2021_07_CIN_BAL,CIN,00-0036442,38,19.694369966115914,J.Burrow
2021,2021_07_DEN_CLE,CLE,00-0028986,34,4.764441032461846,C.Keenum
2021,2021_07_DEN_CLE,DEN,00-0031237,35,6.326554603932891,T.Bridgewater
2021,2021_07_DET_LA,DET,00-0033106,36,-1.097708356574988,J.Goff
2021,2021_07_DET_LA,DET,00-0035156,1,4.225298851495609,J.Fox
2021,2021_07_DET_LA,LA,00-0026498,43,15.091598226720237,M.Stafford
2021,2021_07_HOU_ARI,ARI,00-0035228,32,8.62684972672655,K.Murray
2021,2021_07_HOU_ARI,HOU,00-0036898,34,-16.395969196806718,D.Mills
2021,2021_07_IND_SF,IND,00-0032950,28,-4.173990129482831,C.Wentz
2021,2021_07_IND_SF,SF,00-0031345,30,-10.673977914469123,J.Garoppolo
2021,2021_07_KC_TEN,KC,00-0026197,16,4.047984530450776,C.Henne
2021,2021_07_KC_TEN,KC,00-0033873,39,-6.784650755363646,P.Mahomes
2021,2021_07_KC_TEN,TEN,00-0029701,27,13.944649634309211,R.Tannehill
2021,2021_07_KC_TEN,TEN,00-0032764,1,1.0320902957464568,D.Henry
2021,2021_07_NO_SEA,NO,00-0031503,37,-0.3058422738265061,J.Winston
2021,2021_07_NO_SEA,SEA,00-0030565,27,-3.941079011563466,G.Smith
2021,2021_07_NYJ_NE,NE,00-0026625,4,8.096038494230015,B.Hoyer
2021,2021_07_NYJ_NE,NE,00-0033307,1,2.3478310459759086,K.Bourne
2021,2021_07_NYJ_NE,NE,00-0036972,37,15.442720615593064,M.Jones
2021,2021_07_NYJ_NE,NYJ,00-0034401,33,-0.1897230735630728,M.White
2021,2021_07_NYJ_NE,NYJ,00-0037013,11,0.2919448251375924,Z.Wilson
2021,2021_07_PHI_LV,LV,00-0031280,34,18.342778574178517,D.Carr
2021,2021_07_PHI_LV,PHI,00-0036389,37,4.160966624433175,J.Hurts
2021,2021_07_WAS_GB,GB,00-0023459,38,10.892633419566872,Aa.Rodgers
2021,2021_07_WAS_GB,WAS,00-0031800,40,-10.542461785251252,T.Heinicke
2021,2021_08_CAR_ATL,ATL,00-0026143,30,-8.301217018251043,M.Ryan
2021,2021_08_CAR_ATL,CAR,00-0033275,1,-0.2575570060289465,P.Walker
2021,2021_08_CAR_ATL,CAR,00-0034869,24,1.322764965018711,S.Darnold
2021,2021_08_CIN_NYJ,CIN,00-0033009,1,3.192443627136526,T.Boyd
2021,2021_08_CIN_NYJ,CIN,00-0036442,37,-0.3167492939464509,J.Burrow
2021,2021_08_CIN_NYJ,NYJ,00-0026300,4,-1.3434380979055862,J.Johnson
2021,2021_08_CIN_NYJ,NYJ,00-0031941,1,1.053,J.Crowder
2021,2021_08_CIN_NYJ,NYJ,00-0034401,48,8.044356710342926,M.White
2021,2021_08_DAL_MIN,DAL,00-0033662,43,2.221985977329172,C.Rush
2021,2021_08_DAL_MIN,DAL,00-0034418,1,2.577636693720706,C.Wilson
2021,2021_08_DAL_MIN,MIN,00-0029604,36,-9.92563795066726,K.Cousins
2021,2021_08_DAL_MIN,MIN,00-0036322,1,-0.7470790517982095,J.Jefferson
2021,2021_08_GB_ARI,ARI,00-0035228,35,0.6380113517516293,K.Murray
2021,2021_08_GB_ARI,GB,00-0023459,38,1.4296646110614804,Aa.Rodgers
2021,2021_08_JAX_SEA,JAX,00-0036971,55,-7.699881740496494,T.Lawrence
2021,2021_08_JAX_SEA,SEA,00-0030565,27,6.308368860700456,G.Smith
2021,2021_08_LA_HOU,HOU,00-0030288,1,-0.4931206500623375,R.Burkhead
2021,2021_08_LA_HOU,HOU,00-0036898,43,-6.86876270891006,D.Mills
2021,2021_08_LA_HOU,LA,00-0026498,32,16.18919793784235,M.Stafford
2021,2021_08_LA_HOU,LA,00-0034899,3,-2.7724618413485587,J.Wolford
2021,2021_08_MIA_BUF,BUF,00-0029000,1,-0.4775908199953846,C.Beasley
2021,2021_08_MIA_BUF,BUF,00-0034857,42,5.604959627356685,J.Allen
2021,2021_08_MIA_BUF,MIA,00-0036212,42,-1.588295604952303,T.Tagovailoa
2021,2021_08_NE_LAC,LAC,00-0036355,38,-7.734700942911619,J.Herbert
2021,2021_08_NE_LAC,NE,00-0036972,37,-1.0934484738751995,M.Jones
2021,2021_08_NYG_KC,KC,00-0033873,50,2.694568219551028,P.Mahomes
2021,2021_08_NYG_KC,NYG,00-0035710,35,-1.7436210663435552,D.Jones
2021,2021_08_NYG_KC,NYG,00-0036913,1,1.275889344047755,K.Toney
2021,2021_08_PHI_DET,DET,00-0033106,40,-11.528257348461844,J.Goff
2021,2021_08_PHI_DET,DET,00-0035040,1,-0.9305123655358328,D.Blough
2021,2021_08_PHI_DET,PHI,00-0035289,2,-0.6730880384643965,G.Minshew
2021,2021_08_PHI_DET,PHI,00-0036389,14,2.144509229356874,J.Hurts
2021,2021_08_PIT_CLE,CLE,00-0034855,35,2.915613704069893,B.Mayfield
2021,2021_08_PIT_CLE,PIT,00-0022924,38,5.655367612242411,B.Roethlisberger
2021,2021_08_PIT_CLE,PIT,00-0031136,1,-3.0074845636845566,C.Boswell
2021,2021_08_SF_CHI,CHI,00-0036945,31,2.7154354450907685,J.Fields
2021,2021_08_SF_CHI,SF,00-0031345,28,15.79003098803694,J.Garoppolo
2021,2021_08_TB_NO,NO,00-0031503,10,0.8732867731014267,J.Winston
2021,2021_08_TB_NO,NO,00-0032156,30,-0.7507225391743462,T.Siemian
2021,2021_08_TB_NO,TB,00-0019596,43,0.9626899479771964,T.Brady
2021,2021_08_TB_NO,TB,00-0033856,1,-0.6633014641702175,L.Fournette
2021,2021_08_TEN_IND,IND,00-0032950,52,-13.008449625469806,C.Wentz
2021,2021_08_TEN_IND,TEN,00-0029701,36,7.834144261224225,R.Tannehill
2021,2021_08_TEN_IND,TEN,00-0035676,1,-0.5098580090561882,A.Brown
2021,2021_08_WAS_DEN,DEN,00-0031237,30,3.6067926516961646,T.Bridgewater
2021,2021_08_WAS_DEN,WAS,00-0031800,44,-2.6340960096606203,T.Heinicke
2021,2021_09_ARI_SF,ARI,00-0027688,28,13.321752651361749,C.McCoy
2021,2021_09_ARI_SF,ARI,00-0034775,1,3.0305774064618163,C.Kirk
2021,2021_09_ARI_SF,SF,00-0031345,45,5.565750387798158,J.Garoppolo
2021,2021_09_ATL_NO,ATL,00-0026143,32,17.32623186627139,M.Ryan
2021,2021_09_ATL_NO,NO,00-0032156,43,-5.931132351300987,T.Siemian
2021,2021_09_ATL_NO,NO,00-0033357,2,2.5959667556453496,T.Hill
2021,2021_09_BUF_JAX,BUF,00-0034857,51,-8.697117693924204,J.Allen
2021,2021_09_BUF_JAX,JAX,00-0033936,2,1.829054368659854,C.Beathard
2021,2021_09_BUF_JAX,JAX,00-0036971,28,-3.913413686958209,T.Lawrence
2021,2021_09_CHI_PIT,CHI,00-0036945,32,4.490823009556952,J.Fields
2021,2021_09_CHI_PIT,PIT,00-0022924,33,4.203753383309742,B.Roethlisberger
2021,2021_09_CLE_CIN,CIN,00-0032434,2,-0.482784754189197,B.Allen
2021,2021_09_CLE_CIN,CIN,00-0036442,45,-14.341417052092218,J.Burrow
2021,2021_09_CLE_CIN,CLE,00-0034855,23,10.440781613484193,B.Mayfield
2021,2021_09_DEN_DAL,DAL,00-0033077,41,-8.322385287377983,D.Prescott
2021,2021_09_DEN_DAL,DEN,00-0031237,33,9.055982814160895,T.Bridgewater
2021,2021_09_GB_KC,GB,00-0036264,35,-0.7970237037606918,J.Love
2021,2021_09_GB_KC,KC,00-0033873,38,-8.951695351142758,P.Mahomes
2021,2021_09_HOU_MIA,HOU,00-0026035,1,-0.3616975506884046,D.Amendola
2021,2021_09_HOU_MIA,HOU,00-0028118,47,-14.496337211998997,T.Taylor
2021,2021_09_HOU_MIA,MIA,00-0033119,47,-3.208619176936077,J.Brissett
2021,2021_09_LAC_PHI,LAC,00-0036355,38,22.44223054974293,J.Herbert
2021,2021_09_LAC_PHI,PHI,00-0036389,18,5.613318625315828,J.Hurts
2021,2021_09_LV_NYG,LV,00-0031280,47,-7.340110418810605,D.Carr
2021,2021_09_LV_NYG,NYG,00-0035710,22,-1.1948778199365266,D.Jones
2021,2021_09_LV_NYG,NYG,00-0036913,1,-0.8647951660677791,K.Toney
2021,2021_09_MIN_BAL,BAL,00-0034796,44,-1.768989373848992,L.Jackson
2021,2021_09_MIN_BAL,MIN,00-0029604,28,7.666574854176505,K.Cousins
2021,2021_09_NE_CAR,CAR,00-0034869,34,-24.50282596554378,S.Darnold
2021,2021_09_NE_CAR,NE,00-0036972,20,-3.6108362397565914,M.Jones
2021,2021_09_NYJ_IND,IND,00-0032950,31,15.91224549668956,C.Wentz
2021,2021_09_NYJ_IND,NYJ,00-0026300,43,14.42969221258018,J.Johnson
2021,2021_09_NYJ_IND,NYJ,00-0034401,11,6.34135879855603,M.White
2021,2021_09_TEN_LA,LA,00-0026498,53,-20.003671106680144,M.Stafford
2021,2021_09_TEN_LA,TEN,00-0029701,30,-4.238887444371358,R.Tannehill
2021,2021_10_ATL_DAL,ATL,00-0026143,23,-14.91030587414469,M.Ryan
2021,2021_10_ATL_DAL,ATL,00-0034343,6,-7.658034609630704,J.Rosen
2021,2021_10_ATL_DAL,DAL,00-0033045,1,-0.7931139783468097,E.Elliott
2021,2021_10_ATL_DAL,DAL,00-0033077,31,22.65943548872019,D.Prescott
2021,2021_10_ATL_DAL,DAL,00-0033662,3,-1.0704912231303751,C.Rush
2021,2021_10_BAL_MIA,BAL,00-0034796,45,-7.861454660873413,L.Jackson
2021,2021_10_BAL_MIA,MIA,00-0030669,1,-1.0555784713942558,A.Wilson
2021,2021_10_BAL_MIA,MIA,00-0033119,25,-1.9951431002934616,J.Brissett
2021,2021_10_BAL_MIA,MIA,00-0036212,15,2.261350670588492,T.Tagovailoa
2021,2021_10_BUF_NYJ,BUF,00-0034857,30,18.95633665286062,J.Allen
2021,2021_10_BUF_NYJ,NYJ,00-0026158,3,5.358928996196482,J.Flacco
2021,2021_10_BUF_NYJ,NYJ,00-0034401,45,-12.202813913505484,M.White
2021,2021_10_CAR_ARI,ARI,00-0027688,22,-15.439856804630026,C.McCoy
2021,2021_10_CAR_ARI,ARI,00-0035752,11,-4.256555918604136,C.Streveler
2021,2021_10_CAR_ARI,CAR,00-0027939,4,-0.9026529253655228,C.Newton
2021,2021_10_CAR_ARI,CAR,00-0033275,29,5.305506581054055,P.Walker
2021,2021_10_CLE_NE,CLE,00-0028986,15,-4.333748186589219,C.Keenum
2021,2021_10_CLE_NE,CLE,00-0034855,23,-5.178473430220038,B.Mayfield
2021,2021_10_CLE_NE,NE,00-0026625,3,7.705607541895006,B.Hoyer
2021,2021_10_CLE_NE,NE,00-0036972,25,16.184750803796458,M.Jones
2021,2021_10_DET_PIT,DET,00-0033106,29,-12.156797073417778,J.Goff
2021,2021_10_DET_PIT,PIT,00-0034771,50,-6.439332848581064,M.Rudolph
2021,2021_10_JAX_IND,IND,00-0032950,35,-3.1665616868746844,C.Wentz
2021,2021_10_JAX_IND,JAX,00-0036971,39,-6.55529376650153,T.Lawrence
2021,2021_10_KC_LV,KC,00-0033873,50,24.89287958815584,P.Mahomes
2021,2021_10_KC_LV,KC,00-0035889,1,4.0306980279274285,T.Townsend
2021,2021_10_KC_LV,LV,00-0031280,37,-0.0189851420000195,D.Carr
2021,2021_10_LA_SF,LA,00-0026498,43,-8.789725613083345,M.Stafford
2021,2021_10_LA_SF,LA,00-0028872,1,-2.582091593008954,J.Hekker
2021,2021_10_LA_SF,SF,00-0031345,20,15.410127189994908,J.Garoppolo
2021,2021_10_MIN_LAC,LAC,00-0036355,36,-6.698453490901503,J.Herbert
2021,2021_10_MIN_LAC,MIN,00-0029604,39,6.641504517227412,K.Cousins
2021,2021_10_NO_TEN,NO,00-0032156,39,5.746473852760142,T.Siemian
2021,2021_10_NO_TEN,NO,00-0033357,2,0.4033482163213193,T.Hill
2021,2021_10_NO_TEN,TEN,00-0029701,29,2.438417186587833,R.Tannehill
2021,2021_10_PHI_DEN,DEN,00-0031237,37,-5.264816223103874,T.Bridgewater
2021,2021_10_PHI_DEN,PHI,00-0036389,25,5.071542791336774,J.Hurts
2021,2021_10_SEA_GB,GB,00-0023459,38,1.7057370093119215,A.Rodgers
2021,2021_10_SEA_GB,SEA,00-0029263,43,-20.46697875292739,R.Wilson
2021,2021_10_TB_WAS,TB,00-0019596,34,-2.893736566748424,T.Brady
2021,2021_10_TB_WAS,WAS,00-0031800,37,8.659610157080204,T.Heinicke
2021,2021_11_ARI_SEA,ARI,00-0027688,46,15.77433405132036,C.McCoy
2021,2021_11_ARI_SEA,SEA,00-0029263,30,-4.867761560064979,R.Wilson
2021,2021_11_BAL_CHI,BAL,00-0035993,42,-6.940214244307208,T.Huntley
2021,2021_11_BAL_CHI,CHI,00-0027973,25,5.9737019405439495,A.Dalton
2021,2021_11_BAL_CHI,CHI,00-0036945,13,-4.913603540044278,J.Fields
2021,2021_11_CIN_LV,CIN,00-0036442,32,2.7872920009949382,J.Burrow
2021,2021_11_CIN_LV,LV,00-0031280,29,-8.895418585720616,D.Carr
2021,2021_11_DAL_KC,DAL,00-0033077,48,-15.437383575127024,D.Prescott
2021,2021_11_DAL_KC,KC,00-0033873,40,-7.570905414477708,P.Mahomes
2021,2021_11_DET_CLE,CLE,00-0034855,30,-7.142283265127079,B.Mayfield
2021,2021_11_DET_CLE,DET,00-0034177,23,-12.218957054021304,T.Boyle
2021,2021_11_GB_MIN,GB,00-0023459,35,23.260367263276255,A.Rodgers
2021,2021_11_GB_MIN,MIN,00-0029604,37,20.69338920080921,K.Cousins
2021,2021_11_HOU_TEN,HOU,00-0028118,24,-0.2966390122557674,T.Taylor
2021,2021_11_HOU_TEN,TEN,00-0029701,54,-9.988982106850017,R.Tannehill
2021,2021_11_IND_BUF,BUF,00-0033869,5,-3.2850803857436404,M.Trubisky
2021,2021_11_IND_BUF,BUF,00-0034857,36,-1.2734895261273635,J.Allen
2021,2021_11_IND_BUF,IND,00-0032950,20,5.545107355616542,C.Wentz
2021,2021_11_MIA_NYJ,MIA,00-0030669,1,-0.9979544581146912,A.Wilson
2021,2021_11_MIA_NYJ,MIA,00-0036212,33,16.5195287186093,T.Tagovailoa
2021,2021_11_MIA_NYJ,NYJ,00-0026158,41,0.9351900802583448,J.Flacco
2021,2021_11_NE_ATL,ATL,00-0026143,32,-12.23300183005631,M.Ryan
2021,2021_11_NE_ATL,ATL,00-0034343,3,-8.206126666627824,J.Rosen
2021,2021_11_NE_ATL,ATL,00-0036825,1,-3.840493414958473,F.Franks
2021,2021_11_NE_ATL,NE,00-0036972,29,-2.648283790130492,M.Jones
2021,2021_11_NO_PHI,NO,00-0032156,41,-8.25510370815888,T.Siemian
2021,2021_11_NO_PHI,PHI,00-0036389,27,0.5286662696853905,J.Hurts
2021,2021_11_NYG_TB,NYG,00-0035710,40,-21.361830150605268,D.Jones
2021,2021_11_NYG_TB,NYG,00-0036913,1,-0.4929314830806106,K.Toney
2021,2021_11_NYG_TB,TB,00-0019596,46,6.539577307886393,T.Brady
2021,2021_11_NYG_TB,TB,00-0027948,3,0.1468733312212862,B.Gabbert
2021,2021_11_PIT_LAC,LAC,00-0036355,43,15.115076874528311,J.Herbert
2021,2021_11_PIT_LAC,PIT,00-0022924,47,0.524236235591232,B.Roethlisberger
2021,2021_11_SF_JAX,JAX,00-0036971,28,1.8280811997246929,T.Lawrence
2021,2021_11_SF_JAX,SF,00-0031345,24,10.037806228449242,J.Garoppolo
2021,2021_11_WAS_CAR,CAR,00-0027939,28,2.6437895858543925,C.Newton
2021,2021_11_WAS_CAR,WAS,00-0031800,25,13.535312793275809,T.Heinicke
2021,2021_12_ATL_JAX,ATL,00-0026143,30,4.8737726308754645,M.Ryan
2021,2021_12_ATL_JAX,JAX,00-0036971,44,-2.039880644237604,T.Lawrence
2021,2021_12_BUF_NO,BUF,00-0034857,30,11.416108201911314,J.Allen
2021,2021_12_BUF_NO,NO,00-0032156,32,-5.105244534570258,T.Siemian
2021,2021_12_BUF_NO,NO,00-0035859,1,-2.3642861736007035,B.Gillikin
2021,2021_12_CAR_MIA,CAR,00-0027939,22,-13.059358132246416,C.Newton
2021,2021_12_CAR_MIA,CAR,00-0033275,14,-5.332400707877241,P.Walker
2021,2021_12_CAR_MIA,MIA,00-0036212,33,6.399635681390199,T.Tagovailoa
2021,2021_12_CHI_DET,CHI,00-0027973,40,11.954447373824404,A.Dalton
2021,2021_12_CHI_DET,DET,00-0033106,26,0.9617328613530844,J.Goff
2021,2021_12_CLE_BAL,BAL,00-0034796,34,-10.955327357911084,L.Jackson
2021,2021_12_CLE_BAL,CLE,00-0031382,1,-4.688111118914094,J.Landry
2021,2021_12_CLE_BAL,CLE,00-0034855,39,-2.223531134565313,B.Mayfield
2021,2021_12_LAC_DEN,DEN,00-0031237,18,7.753814618976321,T.Bridgewater
2021,2021_12_LAC_DEN,DEN,00-0035704,7,-5.183105234813411,D.Lock
2021,2021_12_LAC_DEN,LAC,00-0036355,48,-1.9597481920718856,J.Herbert
2021,2021_12_LA_GB,GB,00-0023459,47,8.402708753229879,A.Rodgers
2021,2021_12_LA_GB,LA,00-0026498,41,-2.325334406745898,M.Stafford
2021,2021_12_LA_GB,LA,00-0033908,1,-0.4020649445010349,C.Kupp
2021,2021_12_LV_DAL,DAL,00-0033077,49,8.096333856247462,D.Prescott
2021,2021_12_LV_DAL,LV,00-0031280,42,7.77053394097753,D.Carr
2021,2021_12_MIN_SF,MIN,00-0029604,34,-1.373868018199457,K.Cousins
2021,2021_12_MIN_SF,MIN,00-0036322,1,1.7298753513023255,J.Jefferson
2021,2021_12_MIN_SF,SF,00-0031345,28,3.2568196143819588,J.Garoppolo
2021,2021_12_NYJ_HOU,HOU,00-0028118,31,-12.880443342038465,T.Taylor
2021,2021_12_NYJ_HOU,NYJ,00-0037013,28,-9.377842194640897,Z.Wilson
2021,2021_12_PHI_NYG,NYG,00-0035710,31,3.5756286694581125,D.Jones
2021,2021_12_PHI_NYG,PHI,00-0036389,31,-17.393376570835244,J.Hurts
2021,2021_12_PIT_CIN,CIN,00-0032434,1,-1.0887799442280084,B.Allen
2021,2021_12_PIT_CIN,CIN,00-0036442,26,2.284419010109408,J.Burrow
2021,2021_12_PIT_CIN,PIT,00-0022924,44,-14.617871658538252,B.Roethlisberger
2021,2021_12_SEA_WAS,SEA,00-0029263,34,3.767920105761848,R.Wilson
2021,2021_12_SEA_WAS,WAS,00-0031800,36,6.288837717113919,T.Heinicke
2021,2021_12_TB_IND,IND,00-0032950,47,0.9879398207622928,C.Wentz
2021,2021_12_TB_IND,TB,00-0019596,36,-1.315539552459383,T.Brady
2021,2021_12_TEN_NE,NE,00-0036972,34,14.34158472628622,M.Jones
2021,2021_12_TEN_NE,TEN,00-0029701,23,-9.411107614283042,R.Tannehill
2021,2021_13_ARI_CHI,ARI,00-0022824,1,-0.947,A.Lee
2021,2021_13_ARI_CHI,ARI,00-0035228,16,7.654076141538098,K.Murray
2021,2021_13_ARI_CHI,CHI,00-0027973,45,-15.301612848517715,A.Dalton
2021,2021_13_BAL_PIT,BAL,00-0034796,45,2.60453451411752,L.Jackson
2021,2021_13_BAL_PIT,PIT,00-0022924,33,9.283845617240395,B.Roethlisberger
2021,2021_13_DAL_NO,DAL,00-0033077,41,-8.3563032825659,D.Prescott
2021,2021_13_DAL_NO,NO,00-0033357,43,-22.099218612736752,T.Hill
2021,2021_13_DEN_KC,DEN,00-0031237,42,-10.93029816621786,T.Bridgewater
2021,2021_13_DEN_KC,KC,00-0033873,30,-2.5851919893225466,P.Mahomes
2021,2021_13_IND_HOU,HOU,00-0028118,15,-10.108040988445282,T.Taylor
2021,2021_13_IND_HOU,HOU,00-0036898,16,-12.274470801115967,D.Mills
2021,2021_13_IND_HOU,IND,00-0032950,23,2.608647358213898,C.Wentz
2021,2021_13_JAX_LA,JAX,00-0036971,30,-2.9206999125599395,T.Lawrence
2021,2021_13_JAX_LA,LA,00-0026498,39,13.03600023035274,M.Stafford
2021,2021_13_LAC_CIN,CIN,00-0036442,46,-5.9916518962509775,J.Burrow
2021,2021_13_LAC_CIN,LAC,00-0030279,1,1.053,K.Allen
2021,2021_13_LAC_CIN,LAC,00-0036355,39,11.112074567284973,J.Herbert
2021,2021_13_MIN_DET,DET,00-0033106,42,4.0533993456191055,J.Goff
2021,2021_13_MIN_DET,MIN,00-0029604,44,4.439508698712239,K.Cousins
2021,2021_13_MIN_DET,MIN,00-0036322,1,-0.4521331592695787,J.Jefferson
2021,2021_13_NE_BUF,BUF,00-0034857,32,-7.056900199947066,J.Allen
2021,2021_13_NE_BUF,NE,00-0036972,3,0.035594736225903,M.Jones
2021,2021_13_NYG_MIA,MIA,00-0036212,43,4.145969465469963,T.Tagovailoa
2021,2021_13_NYG_MIA,NYG,00-0030520,45,-12.414338405826053,M.Glennon
2021,2021_13_PHI_NYJ,NYJ,00-0037013,40,1.0516482562380842,Z.Wilson
2021,2021_13_PHI_NYJ,PHI,00-0035289,27,14.201063515840984,G.Minshew
2021,2021_13_SF_SEA,SEA,00-0029263,41,-0.126783485407941,R.Wilson
2021,2021_13_SF_SEA,SF,00-0031345,31,1.7457135824833152,J.Garoppolo
2021,2021_13_TB_ATL,ATL,00-0026143,46,-0.6834038085538081,M.Ryan
2021,2021_13_TB_ATL,TB,00-0019596,51,15.678909607755486,T.Brady
2021,2021_13_WAS_LV,LV,00-0031280,41,-0.6047359095196992,D.Carr
2021,2021_13_WAS_LV,WAS,00-0031800,31,5.529682868858799,T.Heinicke
2021,2021_14_ATL_CAR,ATL,00-0026143,29,5.201244819079017,M.Ryan
2021,2021_14_ATL_CAR,CAR,00-0027939,24,-3.533570990490261,C.Newton
2021,2021_14_ATL_CAR,CAR,00-0033275,12,-0.99732152724755,P.Walker
2021,2021_14_BAL_CLE,BAL,00-0034796,5,-1.5012173622380942,L.Jackson
2021,2021_14_BAL_CLE,BAL,00-0035993,41,-4.387190332093235,T.Huntley
2021,2021_14_BAL_CLE,CLE,00-0034855,32,-1.869412370184313,B.Mayfield
2021,2021_14_BUF_TB,BUF,00-0034857,57,-3.401727934617452,J.Allen
2021,2021_14_BUF_TB,TB,00-0019596,48,10.003941822763178,T.Brady
2021,2021_14_CHI_GB,CHI,00-0036945,35,-11.288200559002451,J.Fields
2021,2021_14_CHI_GB,GB,00-0023459,40,15.845237118060734,A.Rodgers
2021,2021_14_DAL_WAS,DAL,00-0033077,43,-11.26613468593404,D.Prescott
2021,2021_14_DAL_WAS,WAS,00-0031800,29,-23.94232536898926,T.Heinicke
2021,2021_14_DAL_WAS,WAS,00-0034577,11,-4.530649679319933,K.Allen
2021,2021_14_DET_DEN,DEN,00-0031237,26,8.901604409562424,T.Bridgewater
2021,2021_14_DET_DEN,DET,00-0033106,41,-8.548757522515736,J.Goff
2021,2021_14_JAX_TEN,JAX,00-0036971,43,-16.265786255069543,T.Lawrence
2021,2021_14_JAX_TEN,TEN,00-0029701,35,0.7565333725170538,R.Tannehill
2021,2021_14_LA_ARI,ARI,00-0035228,53,-1.30223230158568,K.Murray
2021,2021_14_LA_ARI,LA,00-0026498,33,14.540051262349431,M.Stafford
2021,2021_14_LV_KC,KC,00-0033873,27,15.498911833148002,P.Mahomes
2021,2021_14_LV_KC,LV,00-0031280,49,-3.004427570980563,D.Carr
2021,2021_14_NO_NYJ,NO,00-0033357,24,3.794043575001816,T.Hill
2021,2021_14_NO_NYJ,NYJ,00-0037013,45,-15.405388298328605,Z.Wilson
2021,2021_14_NYG_LAC,LAC,00-0036355,33,14.33943088874206,J.Herbert
2021,2021_14_NYG_LAC,NYG,00-0030520,38,-11.063840486094588,M.Glennon
2021,2021_14_NYG_LAC,NYG,00-0032943,1,-2.8510376673657447,R.Dixon
2021,2021_14_PIT_MIN,MIN,00-0029604,31,-9.677462315774328,K.Cousins
2021,2021_14_PIT_MIN,PIT,00-0022924,46,-7.824298766367049,B.Roethlisberger
2021,2021_14_SEA_HOU,HOU,00-0036898,50,-2.004840025754734,D.Mills
2021,2021_14_SEA_HOU,SEA,00-0029263,29,15.856323531174102,R.Wilson
2021,2021_14_SF_CIN,CIN,00-0036442,39,10.851941610595208,J.Burrow
2021,2021_14_SF_CIN,SF,00-0031345,46,6.742630965968724,J.Garoppolo
2021,2021_15_ARI_DET,ARI,00-0027688,9,0.6572618623031303,C.McCoy
2021,2021_15_ARI_DET,ARI,00-0035228,44,-14.395082654681223,K.Murray
2021,2021_15_ARI_DET,DET,00-0033106,28,13.53759341259456,J.Goff
2021,2021_15_ATL_SF,ATL,00-0026143,35,-6.920692366078979,M.Ryan
2021,2021_15_ATL_SF,SF,00-0031345,23,12.071358914410649,J.Garoppolo
2021,2021_15_ATL_SF,SF,00-0035719,1,-0.458133943437133,D.Samuel
2021,2021_15_CAR_BUF,BUF,00-0034857,38,6.890755489978433,J.Allen
2021,2021_15_CAR_BUF,CAR,00-0027939,43,-15.164414061597082,C.Newton
2021,2021_15_CIN_DEN,CIN,00-0036442,26,-5.724006374051945,J.Burrow
2021,2021_15_CIN_DEN,DEN,00-0031237,24,-10.708316959866966,T.Bridgewater
2021,2021_15_CIN_DEN,DEN,00-0035704,13,2.611640738614369,D.Lock
2021,2021_15_DAL_NYG,DAL,00-0033077,40,0.3544087269654437,D.Prescott
2021,2021_15_DAL_NYG,NYG,00-0030520,24,-14.41463947513613,M.Glennon
2021,2021_15_DAL_NYG,NYG,00-0036197,13,-0.6246030861511827,J.Fromm
2021,2021_15_GB_BAL,BAL,00-0035993,42,3.8480873861846048,T.Huntley
2021,2021_15_GB_BAL,GB,00-0023459,34,19.17418219833675,A.Rodgers
2021,2021_15_HOU_JAX,HOU,00-0036898,31,3.503470433296328,D.Mills
2021,2021_15_HOU_JAX,JAX,00-0036971,40,-5.0837573282358255,T.Lawrence
2021,2021_15_KC_LAC,KC,00-0033873,48,9.33286004699541,P.Mahomes
2021,2021_15_KC_LAC,LAC,00-0030279,1,-0.4934555616928264,K.Allen
2021,2021_15_KC_LAC,LAC,00-0036355,38,-3.720603422058048,J.Herbert
2021,2021_15_LV_CLE,CLE,00-0033319,29,2.302981056180947,N.Mullens
2021,2021_15_LV_CLE,LV,00-0031280,39,-1.0271373247579558,D.Carr
2021,2021_15_MIN_CHI,CHI,00-0036945,41,-2.871752022104319,J.Fields
2021,2021_15_MIN_CHI,MIN,00-0029604,27,-6.640419637633494,K.Cousins
2021,2021_15_NE_IND,IND,00-0032950,13,-7.869018865926678,C.Wentz
2021,2021_15_NE_IND,NE,00-0036972,46,-0.7569219273809318,M.Jones
2021,2021_15_NO_TB,NO,00-0033357,29,-3.701112126378936,T.Hill
2021,2021_15_NO_TB,TB,00-0019596,52,-16.391219536675397,T.Brady
2021,2021_15_NYJ_MIA,MIA,00-0036212,28,-1.7591317971149514,T.Tagovailoa
2021,2021_15_NYJ_MIA,NYJ,00-0033681,1,-0.7408587794052437,K.Cole
2021,2021_15_NYJ_MIA,NYJ,00-0037013,29,-11.639988192400612,Z.Wilson
2021,2021_15_SEA_LA,LA,00-0026498,33,-2.4432692991103977,M.Stafford
2021,2021_15_SEA_LA,SEA,00-0029263,34,-11.612742018719404,R.Wilson
2021,2021_15_TEN_PIT,PIT,00-0022924,28,-7.649893534213611,B.Roethlisberger
2021,2021_15_TEN_PIT,TEN,00-0029701,36,-8.646828363647383,R.Tannehill
2021,2021_15_WAS_PHI,PHI,00-0036389,29,6.012867632708192,J.Hurts
2021,2021_15_WAS_PHI,WAS,00-0031395,33,-2.75039310650145,G.Gilbert
2021,2021_16_BAL_CIN,BAL,00-0026300,41,14.301222818729002,J.Johnson
2021,2021_16_BAL_CIN,CIN,00-0036442,49,32.46233900288182,J.Burrow
2021,2021_16_BUF_NE,BUF,00-0034857,48,20.626031538519037,J.Allen
2021,2021_16_BUF_NE,NE,00-0036972,33,-3.0969632330234163,M.Jones
2021,2021_16_CHI_SEA,CHI,00-0029567,40,5.539182382183368,N.Foles
2021,2021_16_CHI_SEA,SEA,00-0029263,29,1.8351038598263123,R.Wilson
2021,2021_16_CLE_GB,CLE,00-0034855,42,-1.850796899037587,B.Mayfield
2021,2021_16_CLE_GB,GB,00-0023459,34,5.71987514583647,A.Rodgers
2021,2021_16_DEN_LV,DEN,00-0035704,24,-2.266850806684689,D.Lock
2021,2021_16_DEN_LV,LV,00-0031280,27,-5.2079734207533885,D.Carr
2021,2021_16_DET_ATL,ATL,00-0026143,27,8.473386036256269,M.Ryan
2021,2021_16_DET_ATL,DET,00-0034177,34,0.976294802611232,T.Boyle
2021,2021_16_DET_ATL,DET,00-0035156,1,3.983694137248676,J.Fox
2021,2021_16_IND_ARI,ARI,00-0035228,43,-3.767404358577423,K.Murray
2021,2021_16_IND_ARI,IND,00-0032950,30,8.960767790061327,C.Wentz
2021,2021_16_JAX_NYJ,JAX,00-0036971,40,4.108623709228375,T.Lawrence
2021,2021_16_JAX_NYJ,NYJ,00-0037013,23,-0.7609113129140508,Z.Wilson
2021,2021_16_LAC_HOU,HOU,00-0036898,28,16.02542242752344,D.Mills
2021,2021_16_LAC_HOU,LAC,00-0036355,38,9.069477499394775,J.Herbert
2021,2021_16_LA_MIN,LA,00-0026498,37,-9.771741315271012,M.Stafford
2021,2021_16_LA_MIN,MIN,00-0029604,40,3.115469548992633,K.Cousins
2021,2021_16_MIA_NO,MIA,00-0033119,1,-1.7549947032239288,J.Brissett
2021,2021_16_MIA_NO,MIA,00-0036212,28,4.913480085856468,T.Tagovailoa
2021,2021_16_MIA_NO,NO,00-0036929,28,-29.729809938871767,I.Book
2021,2021_16_NYG_PHI,NYG,00-0030520,27,-4.85400537046371,M.Glennon
2021,2021_16_NYG_PHI,NYG,00-0036197,19,-15.250232795719056,J.Fromm
2021,2021_16_NYG_PHI,PHI,00-0036389,30,1.3048490787027536,J.Hurts
2021,2021_16_PIT_KC,KC,00-0033873,32,15.892987490044346,P.Mahomes
2021,2021_16_PIT_KC,PIT,00-0022924,37,-10.630025819071596,B.Roethlisberger
2021,2021_16_PIT_KC,PIT,00-0034771,7,-2.195429758401588,M.Rudolph
2021,2021_16_SF_TEN,SF,00-0031345,37,3.37379844254843,J.Garoppolo
2021,2021_16_SF_TEN,TEN,00-0029701,33,7.756709570416261,R.Tannehill
2021,2021_16_SF_TEN,TEN,00-0035676,1,-0.7416003388352692,A.Brown
2021,2021_16_TB_CAR,CAR,00-0027939,16,-9.712214070869395,C.Newton
2021,2021_16_TB_CAR,CAR,00-0034869,36,-11.507034645805334,S.Darnold
2021,2021_16_TB_CAR,TB,00-0019596,31,10.022191627366354,T.Brady
2021,2021_16_TB_CAR,TB,00-0027948,1,-1.080442911479622,B.Gabbert
2021,2021_16_WAS_DAL,DAL,00-0033077,42,18.80310145180556,D.Prescott
2021,2021_16_WAS_DAL,DAL,00-0033662,3,6.139480325684417,C.Rush
2021,2021_16_WAS_DAL,WAS,00-0031800,26,-22.93075953796506,T.Heinicke
2021,2021_16_WAS_DAL,WAS,00-0034577,11,4.923251868865918,K.Allen
2021,2021_17_ARI_DAL,ARI,00-0029747,1,3.731528304633685,C.Banjo
2021,2021_17_ARI_DAL,ARI,00-0035228,40,9.421464566911354,K.Murray
2021,2021_17_ARI_DAL,DAL,00-0033077,40,12.987281810958828,D.Prescott
2021,2021_17_ARI_DAL,DAL,00-0034418,1,1.914853225287516,C.Wilson
2021,2021_17_ATL_BUF,ATL,00-0026143,28,-9.711948756549337,M.Ryan
2021,2021_17_ATL_BUF,BUF,00-0031588,1,-0.836327348719351,S.Diggs
2021,2021_17_ATL_BUF,BUF,00-0034857,27,-6.796588674784172,J.Allen
2021,2021_17_CAR_NO,CAR,00-0034869,33,-16.219666676583458,S.Darnold
2021,2021_17_CAR_NO,NO,00-0033357,28,1.0560279179053549,T.Hill
2021,2021_17_CLE_PIT,CLE,00-0034855,47,-15.74576943158172,B.Mayfield
2021,2021_17_CLE_PIT,PIT,00-0022924,48,-17.463139853376425,B.Roethlisberger
2021,2021_17_DEN_LAC,DEN,00-0034955,2,-2.059117787517607,B.Rypien
2021,2021_17_DEN_LAC,DEN,00-0035704,26,2.244183226659313,D.Lock
2021,2021_17_DEN_LAC,DEN,00-0035864,1,-3.1306644288706598,K.Hinton
2021,2021_17_DEN_LAC,LAC,00-0036355,31,14.881550897510875,J.Herbert
2021,2021_17_DET_SEA,DET,00-0034177,38,7.397151582053811,T.Boyle
2021,2021_17_DET_SEA,SEA,00-0029263,30,15.23654620138826,R.Wilson
2021,2021_17_HOU_SF,HOU,00-0036898,35,-16.03667814728904,D.Mills
2021,2021_17_HOU_SF,SF,00-0037012,24,8.458000334032969,T.Lance
2021,2021_17_JAX_NE,JAX,00-0036971,29,-12.075156573230196,T.Lawrence
2021,2021_17_JAX_NE,NE,00-0026625,4,5.07548840472009,B.Hoyer
2021,2021_17_JAX_NE,NE,00-0036972,30,17.211687444688998,M.Jones
2021,2021_17_KC_CIN,CIN,00-0036442,43,23.909231911444063,J.Burrow
2021,2021_17_KC_CIN,KC,00-0033873,35,11.342784956910595,P.Mahomes
2021,2021_17_LA_BAL,BAL,00-0035993,35,-3.895064978893249,T.Huntley
2021,2021_17_LA_BAL,LA,00-0026498,37,6.03499570429116,M.Stafford
2021,2021_17_LV_IND,IND,00-0032950,28,-5.402740011091197,C.Wentz
2021,2021_17_LV_IND,LV,00-0031280,33,5.657450032503069,D.Carr
2021,2021_17_LV_IND,LV,00-0032268,1,-0.5612619514577091,M.Mariota
2021,2021_17_MIA_TEN,MIA,00-0034829,1,-0.5864534196443856,M.Gesicki
2021,2021_17_MIA_TEN,MIA,00-0036212,42,-15.093401045674414,T.Tagovailoa
2021,2021_17_MIA_TEN,TEN,00-0029701,19,1.5083645741704368,R.Tannehill
2021,2021_17_MIN_GB,GB,00-0023459,38,10.008660482973438,A.Rodgers
2021,2021_17_MIN_GB,GB,00-0036264,4,-0.1468964025843888,J.Love
2021,2021_17_MIN_GB,MIN,00-0032245,38,-10.911595458092904,S.Mannion
2021,2021_17_MIN_GB,MIN,00-0036946,3,-1.7575525424908849,K.Mond
2021,2021_17_NYG_CHI,CHI,00-0027973,36,-4.979457865617705,A.Dalton
2021,2021_17_NYG_CHI,CHI,00-0035685,1,-3.176750024664216,D.Montgomery
2021,2021_17_NYG_CHI,NYG,00-0030520,15,-35.56481964356499,M.Glennon
2021,2021_17_PHI_WAS,PHI,00-0036389,27,7.549441437009644,J.Hurts
2021,2021_17_PHI_WAS,WAS,00-0031800,38,-4.468395344508803,T.Heinicke
2021,2021_17_TB_NYJ,NYJ,00-0037013,34,8.402356714839332,Z.Wilson
2021,2021_17_TB_NYJ,TB,00-0019596,50,22.17862195672917,T.Brady
2021,2021_18_CAR_TB,CAR,00-0034052,1,-1.3167127471533604,B.Zylstra
2021,2021_18_CAR_TB,CAR,00-0034869,44,-5.45924066437874,S.Darnold
2021,2021_18_CAR_TB,TB,00-0019596,38,17.841727344951124,T.Brady
2021,2021_18_CAR_TB,TB,00-0027948,2,-2.1694595670486767,B.Gabbert
2021,2021_18_CHI_MIN,CHI,00-0027973,56,-21.10012534762734,A.Dalton
2021,2021_18_CHI_MIN,MIN,00-0029604,25,8.121575125864378,K.Cousins
2021,2021_18_CIN_CLE,CIN,00-0032434,34,-11.26088957624258,B.Allen
2021,2021_18_CIN_CLE,CLE,00-0028986,25,-4.781157750170678,C.Keenum
2021,2021_18_DAL_PHI,DAL,00-0033077,28,25.244150168401426,D.Prescott
2021,2021_18_DAL_PHI,DAL,00-0033662,1,0.7347193992463872,C.Rush
2021,2021_18_DAL_PHI,PHI,00-0033733,1,-0.5495583995361812,G.Ward
2021,2021_18_DAL_PHI,PHI,00-0035289,37,2.353622035020647,G.Minshew
2021,2021_18_GB_DET,DET,00-0033106,31,10.669662685257045,J.Goff
2021,2021_18_GB_DET,DET,00-0035156,1,-3.0166336740367115,J.Fox
2021,2021_18_GB_DET,DET,00-0035544,1,5.069598037283868,T.Kennedy
2021,2021_18_GB_DET,GB,00-0023459,21,3.723593946662732,A.Rodgers
2021,2021_18_GB_DET,GB,00-0036264,19,-4.216211624497491,J.Love
2021,2021_18_IND_JAX,IND,00-0032950,36,-10.90283859655624,C.Wentz
2021,2021_18_IND_JAX,JAX,00-0036971,33,8.112452112153731,T.Lawrence
2021,2021_18_KC_DEN,DEN,00-0034348,1,1.001634000451304,C.Sutton
2021,2021_18_KC_DEN,DEN,00-0035704,25,2.8207466380698896,D.Lock
2021,2021_18_KC_DEN,KC,00-0033873,45,12.132854478463273,P.Mahomes
2021,2021_18_LAC_LV,LAC,00-0036355,68,15.891099543017758,J.Herbert
2021,2021_18_LAC_LV,LV,00-0031280,40,-5.20867770146934,D.Carr
2021,2021_18_LAC_LV,LV,00-0032268,1,-0.1591664740117266,M.Mariota
2021,2021_18_NE_MIA,MIA,00-0036212,23,-2.7533494726204584,T.Tagovailoa
2021,2021_18_NE_MIA,NE,00-0036972,32,1.4800337619064816,M.Jones
2021,2021_18_NO_ATL,ATL,00-0026143,36,-4.429853773434719,M.Ryan
2021,2021_18_NO_ATL,NO,00-0032156,16,3.8034235922098327,T.Siemian
2021,2021_18_NO_ATL,NO,00-0033357,9,8.639662283422838,T.Hill
2021,2021_18_NYJ_BUF,BUF,00-0033869,1,1.3690552145126276,M.Trubisky
2021,2021_18_NYJ_BUF,BUF,00-0034857,45,-1.693499682317225,J.Allen
2021,2021_18_NYJ_BUF,NYJ,00-0031941,1,-1.3508157203905284,J.Crowder
2021,2021_18_NYJ_BUF,NYJ,00-0037013,28,-16.87274702184599,Z.Wilson
2021,2021_18_PIT_BAL,BAL,00-0024417,1,-2.778717302950099,S.Koch
2021,2021_18_PIT_BAL,BAL,00-0035993,34,-14.694727100640112,T.Huntley
2021,2021_18_PIT_BAL,PIT,00-0022924,45,2.885277848894475,B.Roethlisberger
2021,2021_18_SEA_ARI,ARI,00-0035228,44,-3.556026826142147,K.Murray
2021,2021_18_SEA_ARI,SEA,00-0029263,27,2.625135565712254,R.Wilson
2021,2021_18_SF_LA,LA,00-0026498,37,12.573336445549572,M.Stafford
2021,2021_18_SF_LA,SF,00-0031345,34,3.387476647648456,J.Garoppolo
2021,2021_18_SF_LA,SF,00-0035719,1,2.4758675792254508,D.Samuel
2021,2021_18_TEN_HOU,HOU,00-0036898,36,10.669094356228133,D.Mills
2021,2021_18_TEN_HOU,TEN,00-0029701,33,18.735545415315684,R.Tannehill
2021,2021_18_WAS_NYG,NYG,00-0036197,34,-19.281744870066177,J.Fromm
2021,2021_18_WAS_NYG,WAS,00-0031800,22,-8.297408074542608,T.Heinicke
2021,2021_19_ARI_LA,ARI,00-0035228,36,-21.975805635680445,K.Murray
2021,2021_19_ARI_LA,LA,00-0026498,18,12.5118742492632,M.Stafford
2021,2021_19_ARI_LA,LA,00-0031235,1,2.278346930164844,O.Beckham
2021,2021_19_LV_CIN,CIN,00-0036442,36,10.013772191553588,J.Burrow
2021,2021_19_LV_CIN,LV,00-0031280,56,0.4574038536895828,D.Carr
2021,2021_19_NE_BUF,BUF,00-0034857,25,22.96922262487351,J.Allen
2021,2021_19_NE_BUF,NE,00-0036972,40,3.118360623629997,M.Jones
2021,2021_19_PHI_TB,PHI,00-0036389,46,-5.500413996647578,J.Hurts
2021,2021_19_PHI_TB,TB,00-0019596,41,8.226544965945209,T.Brady
2021,2021_19_PIT_KC,KC,00-0030506,1,0.70204556841054,T.Kelce
2021,2021_19_PIT_KC,KC,00-0033873,42,19.02547682344448,P.Mahomes
2021,2021_19_PIT_KC,PIT,00-0022924,46,-3.630831637128722,B.Roethlisberger
2021,2021_19_SF_DAL,DAL,00-0029692,1,3.856170532060787,B.Anger
2021,2021_19_SF_DAL,DAL,00-0033077,47,-12.1796606244932,D.Prescott
2021,2021_19_SF_DAL,SF,00-0031345,25,0.159280617300185,J.Garoppolo
2021,2021_20_BUF_KC,BUF,00-0034857,40,18.19911031697132,J.Allen
2021,2021_20_BUF_KC,KC,00-0033873,46,21.34848093999032,P.Mahomes
2021,2021_20_CIN_TEN,CIN,00-0036442,45,-4.986858748488041,J.Burrow
2021,2021_20_CIN_TEN,TEN,00-0029701,25,-4.451318063815745,R.Tannehill
2021,2021_20_LA_TB,LA,00-0026498,39,16.850698540380293,M.Stafford
2021,2021_20_LA_TB,TB,00-0019596,57,-13.955662030788911,T.Brady
2021,2021_20_SF_GB,GB,00-0023459,33,-1.4371740533291786,A.Rodgers
2021,2021_20_SF_GB,SF,00-0031345,23,-7.507692491535707,J.Garoppolo
2021,2021_21_CIN_KC,CIN,00-0036442,40,3.913527794704641,J.Burrow
2021,2021_21_CIN_KC,KC,00-0033873,43,-6.372242317138303,P.Mahomes
2021,2021_21_SF_LA,LA,00-0026498,47,13.104126548690717,M.Stafford
2021,2021_21_SF_LA,SF,00-0031345,29,6.194037419161759,J.Garoppolo
2021,2021_22_LA_CIN,CIN,00-0033897,1,1.8504547015181745,J.Mixon
2021,2021_22_LA_CIN,CIN,00-0036442,40,-7.701646716288725,J.Burrow
2021,2021_22_LA_CIN,LA,00-0026498,42,6.088601959927473,M.Stafford
2021,2021_22_LA_CIN,LA,00-0028872,1,-0.947,J.Hekker
2021,2021_22_LA_CIN,LA,00-0033908,1,-1.5157049462529928,C.Kupp
2022,2022_01_BAL_NYJ,BAL,00-0034796,32,4.239652403625634,L.Jackson
2022,2022_01_BAL_NYJ,NYJ,00-0026158,62,-7.11291638909344,J.Flacco
2022,2022_01_BUF_LA,BUF,00-0034857,33,13.646457606582526,J.Allen
2022,2022_01_BUF_LA,LA,00-0026498,48,-16.74545282755369,M.Stafford
2022,2022_01_CLE_CAR,CAR,00-0034855,31,-1.6186219101946335,B.Mayfield
2022,2022_01_CLE_CAR,CLE,00-0033119,33,-7.329347562143604,J.Brissett
2022,2022_01_DEN_SEA,DEN,00-0029263,44,15.1618857017008,R.Wilson
2022,2022_01_DEN_SEA,SEA,00-0030565,30,8.274173974503805,G.Smith
2022,2022_01_GB_MIN,GB,00-0023459,38,-11.627544641436543,A.Rodgers
2022,2022_01_GB_MIN,GB,00-0036264,4,-0.3204338900686707,J.Love
2022,2022_01_GB_MIN,MIN,00-0029604,33,9.272198556757566,K.Cousins
2022,2022_01_IND_HOU,HOU,00-0036898,40,-6.464837897088398,D.Mills
2022,2022_01_IND_HOU,IND,00-0026143,52,3.004784380851166,M.Ryan
2022,2022_01_JAX_WAS,JAX,00-0036971,45,-0.8246542957077594,T.Lawrence
2022,2022_01_JAX_WAS,WAS,00-0032950,44,8.649848221597727,C.Wentz
2022,2022_01_KC_ARI,ARI,00-0035146,5,-1.5098753221100196,T.McSorley
2022,2022_01_KC_ARI,ARI,00-0035228,38,0.3516608186475932,K.Murray
2022,2022_01_KC_ARI,KC,00-0033873,39,33.18852514473006,P.Mahomes
2022,2022_01_LV_LAC,LAC,00-0036355,34,14.94356691871826,J.Herbert
2022,2022_01_LV_LAC,LV,00-0031280,43,-5.492958870270653,D.Carr
2022,2022_01_LV_LAC,LV,00-0031381,1,-1.80456407845486,D.Adams
2022,2022_01_NE_MIA,MIA,00-0036212,36,5.8563312284282425,T.Tagovailoa
2022,2022_01_NE_MIA,NE,00-0036972,32,-4.493520617485046,M.Jones
2022,2022_01_NO_ATL,ATL,00-0032268,32,4.869504870028897,M.Mariota
2022,2022_01_NO_ATL,NO,00-0031503,37,4.036738480392467,J.Winston
2022,2022_01_NYG_TEN,NYG,00-0035710,27,-6.831767932235263,D.Jones
2022,2022_01_NYG_TEN,TEN,00-0029701,33,7.6251807052104095,R.Tannehill
2022,2022_01_PHI_DET,DET,00-0033106,38,-2.1120760421908926,J.Goff
2022,2022_01_PHI_DET,PHI,00-0036389,33,3.5803245294125725,J.Hurts
2022,2022_01_PIT_CIN,CIN,00-0036442,61,-16.125692450532757,J.Burrow
2022,2022_01_PIT_CIN,PIT,00-0033869,38,-5.522952683354891,M.Trubisky
2022,2022_01_SF_CHI,CHI,00-0036945,19,-1.6956854593008757,J.Fields
2022,2022_01_SF_CHI,SF,00-0037012,30,-9.12234195836053,T.Lance
2022,2022_01_TB_DAL,DAL,00-0033077,31,-12.482924892189722,D.Prescott
2022,2022_01_TB_DAL,DAL,00-0033662,15,-7.56040465075057,C.Rush
2022,2022_01_TB_DAL,TB,00-0019596,29,1.0508535547742517,T.Brady
2022,2022_02_ARI_LV,ARI,00-0035228,51,-7.864719920253148,K.Murray
2022,2022_02_ARI_LV,LV,00-0031280,40,4.559405542950982,D.Carr
2022,2022_02_ATL_LA,ATL,00-0032268,30,-1.6671894489049937,M.Mariota
2022,2022_02_ATL_LA,LA,00-0026498,37,6.490207429602901,M.Stafford
2022,2022_02_CAR_NYG,CAR,00-0034855,31,-7.698745249576778,B.Mayfield
2022,2022_02_CAR_NYG,NYG,00-0035710,37,-2.6626167686558877,D.Jones
2022,2022_02_CHI_GB,CHI,00-0036945,14,-6.4240904148318805,J.Fields
2022,2022_02_CHI_GB,GB,00-0023459,28,11.532070951268867,A.Rodgers
2022,2022_02_CIN_DAL,CIN,00-0036442,43,0.9298977017478968,J.Burrow
2022,2022_02_CIN_DAL,DAL,00-0033662,31,8.108561323734074,C.Rush
2022,2022_02_HOU_DEN,DEN,00-0029263,34,0.3098993582411273,R.Wilson
2022,2022_02_HOU_DEN,HOU,00-0036898,41,-11.454928964852702,D.Mills
2022,2022_02_IND_JAX,IND,00-0026143,35,-20.349193572357763,M.Ryan
2022,2022_02_IND_JAX,JAX,00-0036971,30,17.55709814446109,T.Lawrence
2022,2022_02_LAC_KC,KC,00-0033873,36,4.842983256522691,P.Mahomes
2022,2022_02_LAC_KC,LAC,00-0036355,50,-0.9218983927798554,J.Herbert
2022,2022_02_MIA_BAL,BAL,00-0034796,29,17.830529062946766,L.Jackson
2022,2022_02_MIA_BAL,MIA,00-0036212,51,26.893467999441786,T.Tagovailoa
2022,2022_02_MIN_PHI,MIN,00-0029604,48,-14.012142173654864,K.Cousins
2022,2022_02_MIN_PHI,PHI,00-0036389,34,11.850195301556024,J.Hurts
2022,2022_02_NE_PIT,NE,00-0036972,35,5.173929219022856,M.Jones
2022,2022_02_NE_PIT,PIT,00-0033869,37,-4.774560925955614,M.Trubisky
2022,2022_02_NYJ_CLE,CLE,00-0033119,28,13.851839648246909,J.Brissett
2022,2022_02_NYJ_CLE,NYJ,00-0026158,46,12.344180958042694,J.Flacco
2022,2022_02_NYJ_CLE,NYJ,00-0036313,1,3.8100264680106193,B.Mann
2022,2022_02_SEA_SF,SEA,00-0030565,32,-7.917887776246061,G.Smith
2022,2022_02_SEA_SF,SEA,00-0036425,1,-4.867112466075923,D.Dallas
2022,2022_02_SEA_SF,SF,00-0031345,22,2.2144243547698266,J.Garoppolo
2022,2022_02_SEA_SF,SF,00-0037012,3,-0.6033703323051962,T.Lance
2022,2022_02_TB_NO,NO,00-0031503,46,-16.173835056306178,J.Winston
2022,2022_02_TB_NO,TB,00-0019596,35,2.4287069754605843,T.Brady
2022,2022_02_TEN_BUF,BUF,00-0028986,2,-1.893140638945624,C.Keenum
2022,2022_02_TEN_BUF,BUF,00-0034857,39,16.223354211604942,J.Allen
2022,2022_02_TEN_BUF,TEN,00-0029701,22,-11.536094523384236,R.Tannehill
2022,2022_02_TEN_BUF,TEN,00-0038128,4,-1.9381950611714276,M.Willis
2022,2022_02_WAS_DET,DET,00-0033106,37,1.220533122167696,J.Goff
2022,2022_02_WAS_DET,WAS,00-0032950,53,2.447075802920386,C.Wentz
2022,2022_03_ATL_SEA,ATL,00-0032268,23,14.931650731732256,M.Mariota
2022,2022_03_ATL_SEA,SEA,00-0030565,46,11.882529247147998,G.Smith
2022,2022_03_BAL_NE,BAL,00-0034796,33,7.165284686279039,L.Jackson
2022,2022_03_BAL_NE,NE,00-0036972,36,-0.066520701578991,M.Jones
2022,2022_03_BUF_MIA,BUF,00-0034857,66,6.351287997806322,J.Allen
2022,2022_03_BUF_MIA,MIA,00-0031237,3,-1.8561580092646184,T.Bridgewater
2022,2022_03_BUF_MIA,MIA,00-0036212,19,8.660381451714784,T.Tagovailoa
2022,2022_03_CIN_NYJ,CIN,00-0036442,38,16.391320567352906,J.Burrow
2022,2022_03_CIN_NYJ,NYJ,00-0026158,56,-23.43870592263553,J.Flacco
2022,2022_03_DAL_NYG,DAL,00-0033662,31,3.3870945778639845,C.Rush
2022,2022_03_DAL_NYG,NYG,00-0035710,42,-11.688326053001752,D.Jones
2022,2022_03_DET_MIN,DET,00-0033106,40,7.771303040621333,J.Goff
2022,2022_03_DET_MIN,MIN,00-0029604,41,-0.7378148111331324,K.Cousins
2022,2022_03_GB_TB,GB,00-0023459,36,4.507947998121381,A.Rodgers
2022,2022_03_GB_TB,TB,00-0019596,46,0.1297493004336464,T.Brady
2022,2022_03_HOU_CHI,CHI,00-0036945,22,-7.725099677134398,J.Fields
2022,2022_03_HOU_CHI,HOU,00-0036898,33,-5.738881866280412,D.Mills
2022,2022_03_JAX_LAC,JAX,00-0036971,40,14.726599713194862,T.Lawrence
2022,2022_03_JAX_LAC,LAC,00-0036355,46,-9.057817167235074,J.Herbert
2022,2022_03_KC_IND,IND,00-0026143,42,-4.035991191169194,M.Ryan
2022,2022_03_KC_IND,KC,00-0033873,37,7.720399693567806,P.Mahomes
2022,2022_03_KC_IND,KC,00-0035889,1,-3.5175859160954133,T.Townsend
2022,2022_03_LA_ARI,ARI,00-0035228,60,-4.847388461670525,K.Murray
2022,2022_03_LA_ARI,LA,00-0026498,26,10.104670594767429,M.Stafford
2022,2022_03_LV_TEN,LV,00-0031280,46,5.376096284825734,D.Carr
2022,2022_03_LV_TEN,LV,00-0033555,1,0.0511495949467644,M.Hollins
2022,2022_03_LV_TEN,TEN,00-0029701,28,12.199781181290746,R.Tannehill
2022,2022_03_NO_CAR,CAR,00-0034855,28,-4.784538739791833,B.Mayfield
2022,2022_03_NO_CAR,NO,00-0031503,42,7.925139243444096,J.Winston
2022,2022_03_PHI_WAS,PHI,00-0036389,38,15.406067822882267,J.Hurts
2022,2022_03_PHI_WAS,WAS,00-0032950,53,-21.639163096915464,C.Wentz
2022,2022_03_PIT_CLE,CLE,00-0033119,33,1.4553319280582349,J.Brissett
2022,2022_03_PIT_CLE,PIT,00-0033869,33,-1.4143335938087471,M.Trubisky
2022,2022_03_SF_DEN,DEN,00-0029263,38,-11.769869906098062,R.Wilson
2022,2022_03_SF_DEN,SF,00-0031345,33,-5.718365225647711,J.Garoppolo
2022,2022_04_ARI_CAR,ARI,00-0035228,34,-1.5253838152232309,K.Murray
2022,2022_04_ARI_CAR,CAR,00-0034855,39,-13.312966976399572,B.Mayfield
2022,2022_04_BUF_BAL,BAL,00-0034796,31,-9.215596661476845,L.Jackson
2022,2022_04_BUF_BAL,BUF,00-0034857,37,2.057222143869666,J.Allen
2022,2022_04_CHI_NYG,CHI,00-0036945,28,-5.692618864195197,J.Fields
2022,2022_04_CHI_NYG,NYG,00-0028118,3,-0.7254509925842285,T.Taylor
2022,2022_04_CHI_NYG,NYG,00-0035710,14,-1.9544668577727864,D.Jones
2022,2022_04_CLE_ATL,ATL,00-0032268,20,-5.13430580927494,M.Mariota
2022,2022_04_CLE_ATL,CLE,00-0033119,36,-1.004216203155044,J.Brissett
2022,2022_04_DEN_LV,DEN,00-0029263,28,-1.0258299756387474,R.Wilson
2022,2022_04_DEN_LV,LV,00-0031280,36,-3.3126586472813533,D.Carr
2022,2022_04_JAX_PHI,JAX,00-0036971,27,-8.892259932064917,T.Lawrence
2022,2022_04_JAX_PHI,PHI,00-0036389,28,-12.090294387107129,J.Hurts
2022,2022_04_KC_TB,KC,00-0033873,40,8.595868970133946,P.Mahomes
2022,2022_04_KC_TB,TB,00-0019596,53,9.511334128834488,T.Brady
2022,2022_04_LAC_HOU,HOU,00-0036898,39,-8.713956958995084,D.Mills
2022,2022_04_LAC_HOU,LAC,00-0036355,40,16.72019481801938,J.Herbert
2022,2022_04_LA_SF,LA,00-0026498,55,-12.835558592648432,M.Stafford
2022,2022_04_LA_SF,SF,00-0031345,27,10.709715162152204,J.Garoppolo
2022,2022_04_MIA_CIN,CIN,00-0033009,1,3.2179457168094814,T.Boyd
2022,2022_04_MIA_CIN,CIN,00-0036442,32,13.15618831991518,J.Burrow
2022,2022_04_MIA_CIN,MIA,00-0031237,23,-0.6528811835523056,T.Bridgewater
2022,2022_04_MIA_CIN,MIA,00-0036212,15,-0.6181870382068242,T.Tagovailoa
2022,2022_04_MIN_NO,MIN,00-0029604,41,-1.4547618038246202,K.Cousins
2022,2022_04_MIN_NO,MIN,00-0037500,1,3.3623869362054397,R.Wright
2022,2022_04_MIN_NO,NO,00-0027973,31,7.587017989876083,A.Dalton
2022,2022_04_NE_GB,GB,00-0023459,36,0.4257561758064674,A.Rodgers
2022,2022_04_NE_GB,NE,00-0026625,7,-2.126523873504231,B.Hoyer
2022,2022_04_NE_GB,NE,00-0038108,18,-4.759012996626552,B.Zappe
2022,2022_04_NYJ_PIT,NYJ,00-0034419,1,1.1844526951317675,B.Berrios
2022,2022_04_NYJ_PIT,NYJ,00-0037013,37,1.1628688672369911,Z.Wilson
2022,2022_04_NYJ_PIT,PIT,00-0033869,16,-6.6328503306847,M.Trubisky
2022,2022_04_NYJ_PIT,PIT,00-0038102,13,1.4254647083580494,K.Pickett
2022,2022_04_SEA_DET,DET,00-0033106,41,14.758166696319028,J.Goff
2022,2022_04_SEA_DET,DET,00-0035156,1,2.9525986034423117,J.Fox
2022,2022_04_SEA_DET,SEA,00-0030565,30,21.017963533494445,G.Smith
2022,2022_04_TEN_IND,IND,00-0026143,40,8.751449945375946,M.Ryan
2022,2022_04_TEN_IND,TEN,00-0029701,24,-0.2551316890985546,R.Tannehill
2022,2022_04_WAS_DAL,DAL,00-0033662,28,1.6457277057111948,C.Rush
2022,2022_04_WAS_DAL,WAS,00-0032950,44,-17.398125747048347,C.Wentz
2022,2022_05_ATL_TB,ATL,00-0032268,31,-1.427049942783334,M.Mariota
2022,2022_05_ATL_TB,TB,00-0019596,53,14.042589801922093,T.Brady
2022,2022_05_CHI_MIN,CHI,00-0036945,24,7.497081836310569,J.Fields
2022,2022_05_CHI_MIN,MIN,00-0029604,42,11.658450612314237,K.Cousins
2022,2022_05_CHI_MIN,MIN,00-0036322,1,2.411417374154553,J.Jefferson
2022,2022_05_CIN_BAL,BAL,00-0034796,33,-5.673329834344466,L.Jackson
2022,2022_05_CIN_BAL,CIN,00-0033009,1,-2.6106572727439925,T.Boyd
2022,2022_05_CIN_BAL,CIN,00-0036442,37,-4.348129396073598,J.Burrow
2022,2022_05_DAL_LA,DAL,00-0033662,19,-6.667604514324781,C.Rush
2022,2022_05_DAL_LA,LA,00-0026498,47,-14.383166473479385,M.Stafford
2022,2022_05_DAL_LA,LA,00-0032943,1,2.6160584269091487,R.Dixon
2022,2022_05_DAL_LA,LA,00-0033908,1,-0.4675202764337882,C.Kupp
2022,2022_05_DET_NE,DET,00-0033106,37,-20.695974567322992,J.Goff
2022,2022_05_DET_NE,NE,00-0038108,21,6.5563407146323245,B.Zappe
2022,2022_05_HOU_JAX,HOU,00-0036898,25,-2.518987307273534,D.Mills
2022,2022_05_HOU_JAX,JAX,00-0036971,46,-7.777783884537289,T.Lawrence
2022,2022_05_IND_DEN,DEN,00-0029263,43,-13.004933542307594,R.Wilson
2022,2022_05_IND_DEN,IND,00-0026143,46,-11.034748838035698,M.Ryan
2022,2022_05_LAC_CLE,CLE,00-0033119,34,6.987483583680025,J.Brissett
2022,2022_05_LAC_CLE,LAC,00-0036355,35,4.425161087423596,J.Herbert
2022,2022_05_LV_KC,KC,00-0033873,47,13.877725843447788,P.Mahomes
2022,2022_05_LV_KC,LV,00-0031280,32,6.783733626532439,D.Carr
2022,2022_05_MIA_NYJ,MIA,00-0031237,1,-1.611123567679897,T.Bridgewater
2022,2022_05_MIA_NYJ,MIA,00-0037327,35,-16.290222810827046,S.Thompson
2022,2022_05_MIA_NYJ,NYJ,00-0037013,23,0.8782214904508039,Z.Wilson
2022,2022_05_NYG_GB,GB,00-0023459,41,2.8204905224904886,A.Rodgers
2022,2022_05_NYG_GB,NYG,00-0035710,28,13.387008378190762,D.Jones
2022,2022_05_PHI_ARI,ARI,00-0035228,41,6.898658703531647,K.Murray
2022,2022_05_PHI_ARI,PHI,00-0036389,38,3.7543420593864902,J.Hurts
2022,2022_05_PIT_BUF,BUF,00-0028986,5,-3.8931332784704864,C.Keenum
2022,2022_05_PIT_BUF,BUF,00-0034857,31,24.85464049963212,J.Allen
2022,2022_05_PIT_BUF,PIT,00-0038102,55,-2.237646419579787,K.Pickett
2022,2022_05_SEA_NO,NO,00-0027973,25,0.0144955668131521,A.Dalton
2022,2022_05_SEA_NO,NO,00-0033357,1,2.655144485412165,T.Hill
2022,2022_05_SEA_NO,SEA,00-0030565,29,7.879468324569198,G.Smith
2022,2022_05_SF_CAR,CAR,00-0033275,8,-1.0447977796429768,P.Walker
2022,2022_05_SF_CAR,CAR,00-0034855,40,-10.82744055864383,B.Mayfield
2022,2022_05_SF_CAR,SF,00-0031345,32,18.338088222325844,J.Garoppolo
2022,2022_05_TEN_WAS,TEN,00-0029701,30,-0.5835138324473519,R.Tannehill
2022,2022_05_TEN_WAS,WAS,00-0032950,41,0.6536756718123797,C.Wentz
2022,2022_06_ARI_SEA,ARI,00-0035228,43,-11.67277624398421,K.Murray
2022,2022_06_ARI_SEA,SEA,00-0030565,36,-6.304714037811303,G.Smith
2022,2022_06_BAL_NYG,BAL,00-0034796,34,-1.5918914329522034,L.Jackson
2022,2022_06_BAL_NYG,NYG,00-0035710,31,10.190285123558876,D.Jones
2022,2022_06_BUF_KC,BUF,00-0034857,41,11.16020657922873,J.Allen
2022,2022_06_BUF_KC,KC,00-0033873,43,4.380725265152572,P.Mahomes
2022,2022_06_CAR_LA,CAR,00-0033275,18,-10.686251363847491,P.Walker
2022,2022_06_CAR_LA,CAR,00-0036226,5,-2.261281799641438,J.Eason
2022,2022_06_CAR_LA,LA,00-0026498,34,3.050174951131148,M.Stafford
2022,2022_06_CIN_NO,CIN,00-0036442,41,9.791535757581352,J.Burrow
2022,2022_06_CIN_NO,NO,00-0027973,33,3.34224870504448,A.Dalton
2022,2022_06_CIN_NO,NO,00-0033357,4,0.3670762736583128,T.Hill
2022,2022_06_DAL_PHI,DAL,00-0033662,38,-8.38204789838014,C.Rush
2022,2022_06_DAL_PHI,PHI,00-0036389,29,3.2378780841827397,J.Hurts
2022,2022_06_DEN_LAC,DEN,00-0029263,32,-6.826642543824236,R.Wilson
2022,2022_06_DEN_LAC,LAC,00-0036355,59,-15.727187131576509,J.Herbert
2022,2022_06_JAX_IND,IND,00-0026143,59,16.710375011160323,M.Ryan
2022,2022_06_JAX_IND,JAX,00-0036971,27,0.6260113908066415,T.Lawrence
2022,2022_06_MIN_MIA,MIA,00-0031237,40,2.874710975326677,T.Bridgewater
2022,2022_06_MIN_MIA,MIA,00-0037327,14,-2.399653609492816,S.Thompson
2022,2022_06_MIN_MIA,MIN,00-0029604,34,-4.474486189924965,K.Cousins
2022,2022_06_NE_CLE,CLE,00-0033119,50,-11.611608906550218,J.Brissett
2022,2022_06_NE_CLE,NE,00-0038108,36,8.408839391245918,B.Zappe
2022,2022_06_NYJ_GB,GB,00-0023459,45,-13.293249441275686,A.Rodgers
2022,2022_06_NYJ_GB,GB,00-0036264,4,-3.0663895857869647,J.Love
2022,2022_06_NYJ_GB,NYJ,00-0037013,20,-3.818349740925833,Z.Wilson
2022,2022_06_SF_ATL,ATL,00-0032268,16,5.209142462699674,M.Mariota
2022,2022_06_SF_ATL,SF,00-0031345,41,3.5641740828286856,J.Garoppolo
2022,2022_06_TB_PIT,PIT,00-0033869,13,10.28481799835572,M.Trubisky
2022,2022_06_TB_PIT,PIT,00-0038102,19,-2.7079403958856,K.Pickett
2022,2022_06_TB_PIT,TB,00-0019596,42,7.86594522687327,T.Brady
2022,2022_06_WAS_CHI,CHI,00-0036945,32,-14.378979887493188,J.Fields
2022,2022_06_WAS_CHI,WAS,00-0032950,26,-8.918802357812334,C.Wentz
2022,2022_07_ATL_CIN,ATL,00-0032268,16,1.1048315801890567,M.Mariota
2022,2022_07_ATL_CIN,CIN,00-0036442,45,27.025639946310548,J.Burrow
2022,2022_07_CHI_NE,CHI,00-0036945,25,2.3912916775378066,J.Fields
2022,2022_07_CHI_NE,NE,00-0036972,6,-5.6225570677779615,M.Jones
2022,2022_07_CHI_NE,NE,00-0038108,23,-2.5211492006201297,B.Zappe
2022,2022_07_CLE_BAL,BAL,00-0034796,19,-4.271262691552633,L.Jackson
2022,2022_07_CLE_BAL,CLE,00-0033119,32,0.4832826287427054,J.Brissett
2022,2022_07_DET_DAL,DAL,00-0033077,27,9.683365625620354,D.Prescott
2022,2022_07_DET_DAL,DET,00-0033106,31,-6.637232366239109,J.Goff
2022,2022_07_GB_WAS,GB,00-0023459,34,-2.8316968664876185,A.Rodgers
2022,2022_07_GB_WAS,WAS,00-0031800,34,-1.0927044397094976,T.Heinicke
2022,2022_07_HOU_LV,HOU,00-0036898,42,3.0725101789447717,D.Mills
2022,2022_07_HOU_LV,LV,00-0031280,28,12.190014437572689,D.Carr
2022,2022_07_IND_TEN,IND,00-0026143,47,-9.110602961620316,M.Ryan
2022,2022_07_IND_TEN,TEN,00-0029701,22,3.5131787377355974,R.Tannehill
2022,2022_07_KC_SF,KC,00-0026197,2,-1.8915138673619367,C.Henne
2022,2022_07_KC_SF,KC,00-0033873,35,29.82754325820133,P.Mahomes
2022,2022_07_KC_SF,SF,00-0031345,42,2.411911194649788,J.Garoppolo
2022,2022_07_KC_SF,SF,00-0037834,9,0.111950825783424,B.Purdy
2022,2022_07_NO_ARI,ARI,00-0035228,32,2.8524733772355115,K.Murray
2022,2022_07_NO_ARI,NO,00-0027973,47,-1.345637240608382,A.Dalton
2022,2022_07_NO_ARI,NO,00-0033357,2,4.110409893502947,T.Hill
2022,2022_07_NYG_JAX,JAX,00-0034775,1,-0.3268064032308757,C.Kirk
2022,2022_07_NYG_JAX,JAX,00-0036971,43,11.34437677102678,T.Lawrence
2022,2022_07_NYG_JAX,NYG,00-0035710,31,1.8463292073691835,D.Jones
2022,2022_07_NYJ_DEN,DEN,00-0034955,47,-12.780681907441332,B.Rypien
2022,2022_07_NYJ_DEN,NYJ,00-0037013,29,-10.712210080237128,Z.Wilson
2022,2022_07_PIT_MIA,MIA,00-0036212,35,5.571931643634635,T.Tagovailoa
2022,2022_07_PIT_MIA,PIT,00-0038102,45,-5.573139118076012,K.Pickett
2022,2022_07_SEA_LAC,LAC,00-0036355,54,-10.389351228484884,J.Herbert
2022,2022_07_SEA_LAC,SEA,00-0030565,29,4.566370590668196,G.Smith
2022,2022_07_TB_CAR,CAR,00-0033275,23,5.268874500063248,P.Walker
2022,2022_07_TB_CAR,TB,00-0019596,50,-2.3755323273782354,T.Brady
2022,2022_08_ARI_MIN,ARI,00-0035228,48,-2.02235128940736,K.Murray
2022,2022_08_ARI_MIN,MIN,00-0029604,39,-3.1910115404883026,K.Cousins
2022,2022_08_BAL_TB,BAL,00-0034796,40,0.9623756870920864,L.Jackson
2022,2022_08_BAL_TB,TB,00-0019596,46,5.438973203512868,T.Brady
2022,2022_08_CAR_ATL,ATL,00-0032268,30,6.23405898248328,M.Mariota
2022,2022_08_CAR_ATL,CAR,00-0033275,37,1.3538939361486806,P.Walker
2022,2022_08_CHI_DAL,CHI,00-0032156,1,-0.1055414371658116,T.Siemian
2022,2022_08_CHI_DAL,CHI,00-0036945,29,-4.869573659686695,J.Fields
2022,2022_08_CHI_DAL,DAL,00-0033077,28,14.725687290658245,D.Prescott
2022,2022_08_CIN_CLE,CIN,00-0036442,40,-9.247885615689658,J.Burrow
2022,2022_08_CIN_CLE,CLE,00-0031544,1,-4.980502444552258,A.Cooper
2022,2022_08_CIN_CLE,CLE,00-0033119,23,13.9745371575236,J.Brissett
2022,2022_08_DEN_JAX,DEN,00-0029263,32,2.766036044427892,R.Wilson
2022,2022_08_DEN_JAX,JAX,00-0036971,33,-13.948518224156167,T.Lawrence
2022,2022_08_GB_BUF,BUF,00-0034857,27,0.6106176391767146,J.Allen
2022,2022_08_GB_BUF,GB,00-0023459,32,-1.400027510478839,A.Rodgers
2022,2022_08_LV_NO,LV,00-0031280,29,-11.870314587722532,D.Carr
2022,2022_08_LV_NO,LV,00-0035264,14,-1.8916243902640415,J.Stidham
2022,2022_08_LV_NO,NO,00-0027973,30,9.861515589303902,A.Dalton
2022,2022_08_LV_NO,NO,00-0033357,1,-0.4244135711342096,T.Hill
2022,2022_08_MIA_DET,DET,00-0033106,38,8.690999072693476,J.Goff
2022,2022_08_MIA_DET,MIA,00-0036212,38,25.073342884264672,T.Tagovailoa
2022,2022_08_NE_NYJ,NE,00-0036972,41,-7.0442376870410754,M.Jones
2022,2022_08_NE_NYJ,NYJ,00-0037013,43,-2.3100673717470475,Z.Wilson
2022,2022_08_NYG_SEA,NYG,00-0035710,36,0.1013862401104281,D.Jones
2022,2022_08_NYG_SEA,SEA,00-0030565,37,2.98014313408526,G.Smith
2022,2022_08_PIT_PHI,PHI,00-0035289,2,1.2339688256615773,G.Minshew
2022,2022_08_PIT_PHI,PHI,00-0036389,31,15.622574958775658,J.Hurts
2022,2022_08_PIT_PHI,PIT,00-0036326,1,2.553211367689073,C.Claypool
2022,2022_08_PIT_PHI,PIT,00-0036893,1,-0.0647925575613044,N.Harris
2022,2022_08_PIT_PHI,PIT,00-0038102,44,-15.697459353589466,K.Pickett
2022,2022_08_SF_LA,LA,00-0026498,35,0.4329831404029391,M.Stafford
2022,2022_08_SF_LA,SF,00-0031345,28,14.54981271661357,J.Garoppolo
2022,2022_08_SF_LA,SF,00-0033280,1,3.771136244176887,C.McCaffrey
2022,2022_08_TEN_HOU,HOU,00-0030288,1,-0.451972615905106,R.Burkhead
2022,2022_08_TEN_HOU,HOU,00-0036898,32,-12.087617666002972,D.Mills
2022,2022_08_TEN_HOU,TEN,00-0038128,13,-10.618273179386035,M.Willis
2022,2022_08_WAS_IND,IND,00-0036879,25,1.2021074019139633,S.Ehlinger
2022,2022_08_WAS_IND,WAS,00-0031800,33,1.6814208044251928,T.Heinicke
2022,2022_09_BAL_NO,BAL,00-0034796,25,4.459183780374766,L.Jackson
2022,2022_09_BAL_NO,NO,00-0027973,33,-4.556197341230799,A.Dalton
2022,2022_09_BAL_NO,NO,00-0033357,1,0.7960708744358271,T.Hill
2022,2022_09_BUF_NYJ,BUF,00-0034857,39,-12.699218766066831,J.Allen
2022,2022_09_BUF_NYJ,NYJ,00-0037013,27,-1.784026341527854,Z.Wilson
2022,2022_09_CAR_CIN,CAR,00-0033275,10,-13.386811727890745,P.Walker
2022,2022_09_CAR_CIN,CAR,00-0034855,20,11.83189404089353,B.Mayfield
2022,2022_09_CAR_CIN,CIN,00-0032434,4,-0.6882539251500881,B.Allen
2022,2022_09_CAR_CIN,CIN,00-0036442,29,10.73769141008961,J.Burrow
2022,2022_09_GB_DET,DET,00-0033106,26,-1.4637722153565846,J.Goff
2022,2022_09_GB_DET,GB,00-0023459,45,-13.542640392884577,A.Rodgers
2022,2022_09_IND_NE,IND,00-0036879,38,-29.42915181162472,S.Ehlinger
2022,2022_09_IND_NE,NE,00-0036972,34,-8.348341388273239,M.Jones
2022,2022_09_LAC_ATL,ATL,00-0032268,25,-0.4422090611341434,M.Mariota
2022,2022_09_LAC_ATL,LAC,00-0036355,43,4.978715714501487,J.Herbert
2022,2022_09_LA_TB,LA,00-0026498,31,-4.682238655547344,M.Stafford
2022,2022_09_LA_TB,TB,00-0019596,58,-4.642511470688663,T.Brady
2022,2022_09_LV_JAX,JAX,00-0036971,30,13.432772920757998,T.Lawrence
2022,2022_09_LV_JAX,LV,00-0031280,38,7.940071661809695,D.Carr
2022,2022_09_MIA_CHI,CHI,00-0036945,31,0.4234419765854254,J.Fields
2022,2022_09_MIA_CHI,MIA,00-0036212,30,18.97643671899184,T.Tagovailoa
2022,2022_09_MIN_WAS,MIN,00-0029604,42,0.8858901001233872,K.Cousins
2022,2022_09_MIN_WAS,MIN,00-0033319,1,-1.01253695221385,N.Mullens
2022,2022_09_MIN_WAS,WAS,00-0031800,31,-11.00584169243908,T.Heinicke
2022,2022_09_PHI_HOU,HOU,00-0036898,25,-7.146010215591003,D.Mills
2022,2022_09_PHI_HOU,PHI,00-0036389,31,7.071212473500054,J.Hurts
2022,2022_09_SEA_ARI,ARI,00-0035228,40,-7.645203070744174,K.Murray
2022,2022_09_SEA_ARI,SEA,00-0030565,36,-1.260408985454646,G.Smith
2022,2022_09_TEN_KC,KC,00-0033873,72,1.6704268365384,P.Mahomes
2022,2022_09_TEN_KC,TEN,00-0038128,19,-5.561051800206769,M.Willis
2022,2022_10_ARI_LA,ARI,00-0027688,39,2.801847212307621,C.McCoy
2022,2022_10_ARI_LA,LA,00-0034899,39,-11.777885161398444,J.Wolford
2022,2022_10_ARI_LA,LA,00-0035939,1,-1.119884199462831,B.Perkins
2022,2022_10_ATL_CAR,ATL,00-0032268,34,-7.725107841921272,M.Mariota
2022,2022_10_ATL_CAR,CAR,00-0033275,17,-1.4368196007872056,P.Walker
2022,2022_10_CLE_MIA,CLE,00-0033119,38,-5.999627243109737,J.Brissett
2022,2022_10_CLE_MIA,MIA,00-0034418,1,-1.2526237178826705,C.Wilson
2022,2022_10_CLE_MIA,MIA,00-0036212,32,17.952127413349316,T.Tagovailoa
2022,2022_10_CLE_MIA,MIA,00-0037327,1,0.916236138145905,S.Thompson
2022,2022_10_DAL_GB,DAL,00-0033077,48,-6.697286399401492,D.Prescott
2022,2022_10_DAL_GB,GB,00-0023459,22,6.877323577707897,A.Rodgers
2022,2022_10_DEN_TEN,DEN,00-0029263,48,-6.271893201511955,R.Wilson
2022,2022_10_DEN_TEN,TEN,00-0029701,37,4.792479709608815,R.Tannehill
2022,2022_10_DET_CHI,CHI,00-0036945,23,-3.748562037886586,J.Fields
2022,2022_10_DET_CHI,DET,00-0033106,28,17.6367028652515,J.Goff
2022,2022_10_HOU_NYG,HOU,00-0036898,41,5.210638428934834,D.Mills
2022,2022_10_HOU_NYG,NYG,00-0035710,20,11.87755569035653,D.Jones
2022,2022_10_IND_LV,IND,00-0026143,31,7.446533996383263,M.Ryan
2022,2022_10_IND_LV,LV,00-0031280,41,1.9861640654127115,D.Carr
2022,2022_10_JAX_KC,JAX,00-0036971,45,7.033499813008435,T.Lawrence
2022,2022_10_JAX_KC,KC,00-0033873,35,20.044891346769877,P.Mahomes
2022,2022_10_LAC_SF,LAC,00-0026544,3,-1.2977716058135824,C.Daniel
2022,2022_10_LAC_SF,LAC,00-0036355,37,-6.680531209069102,J.Herbert
2022,2022_10_LAC_SF,SF,00-0031345,29,10.099975378465793,J.Garoppolo
2022,2022_10_MIN_BUF,BUF,00-0034857,45,2.7620260872521936,J.Allen
2022,2022_10_MIN_BUF,MIN,00-0029604,54,4.856802254293262,K.Cousins
2022,2022_10_NO_PIT,NO,00-0027973,29,-1.4114023546571843,A.Dalton
2022,2022_10_NO_PIT,NO,00-0033357,1,-0.7525700656697154,T.Hill
2022,2022_10_NO_PIT,PIT,00-0038102,36,-2.62797336663591,K.Pickett
2022,2022_10_SEA_TB,SEA,00-0030565,37,3.934149179975278,G.Smith
2022,2022_10_SEA_TB,TB,00-0019596,29,15.308452322617589,T.Brady
2022,2022_10_SEA_TB,TB,00-0033856,1,-4.726016435190104,L.Fournette
2022,2022_10_WAS_PHI,PHI,00-0036389,27,6.537002881392255,J.Hurts
2022,2022_10_WAS_PHI,WAS,00-0031800,30,2.815080375747285,T.Heinicke
2022,2022_11_CAR_BAL,BAL,00-0034796,36,-5.457155479077839,L.Jackson
2022,2022_11_CAR_BAL,CAR,00-0034855,37,-14.267775053915102,B.Mayfield
2022,2022_11_CHI_ATL,ATL,00-0032268,18,1.4760443443812343,M.Mariota
2022,2022_11_CHI_ATL,CHI,00-0036945,25,1.4723194516478446,J.Fields
2022,2022_11_CIN_PIT,CIN,00-0036442,41,12.716262676926382,J.Burrow
2022,2022_11_CIN_PIT,PIT,00-0038102,44,-2.2171212978394985,K.Pickett
2022,2022_11_CLE_BUF,BUF,00-0034857,29,6.955731245622292,J.Allen
2022,2022_11_CLE_BUF,CLE,00-0033119,42,17.766223915885625,J.Brissett
2022,2022_11_DAL_MIN,DAL,00-0033077,25,18.3991620871866,D.Prescott
2022,2022_11_DAL_MIN,DAL,00-0033662,5,1.258351276628673,C.Rush
2022,2022_11_DAL_MIN,MIN,00-0029604,30,-18.254179260157446,K.Cousins
2022,2022_11_DAL_MIN,MIN,00-0033319,7,2.154336723848246,N.Mullens
2022,2022_11_DET_NYG,DET,00-0033106,26,2.79655322995128,J.Goff
2022,2022_11_DET_NYG,NYG,00-0035710,47,2.524146832423983,D.Jones
2022,2022_11_KC_LAC,KC,00-0033873,35,17.985292608247814,P.Mahomes
2022,2022_11_KC_LAC,LAC,00-0036355,35,6.737907420447568,J.Herbert
2022,2022_11_LA_NO,LA,00-0026498,19,4.531033617822686,M.Stafford
2022,2022_11_LA_NO,LA,00-0035939,12,-4.514853811515687,B.Perkins
2022,2022_11_LA_NO,NO,00-0027973,28,10.676713502541368,A.Dalton
2022,2022_11_LA_NO,NO,00-0033357,4,-1.6168676738643164,T.Hill
2022,2022_11_LV_DEN,DEN,00-0029263,34,1.4625600621850832,R.Wilson
2022,2022_11_LV_DEN,LV,00-0031280,38,7.107108139808969,D.Carr
2022,2022_11_NYJ_NE,NE,00-0036972,33,-1.287339450327257,M.Jones
2022,2022_11_NYJ_NE,NYJ,00-0037013,26,-12.396901883883402,Z.Wilson
2022,2022_11_PHI_IND,IND,00-0026143,36,-3.337152352619078,M.Ryan
2022,2022_11_PHI_IND,PHI,00-0036389,28,-5.438372384203831,J.Hurts
2022,2022_11_SF_ARI,ARI,00-0027688,37,-4.420685316136879,C.McCoy
2022,2022_11_SF_ARI,ARI,00-0035146,10,-2.319488760898821,T.McSorley
2022,2022_11_SF_ARI,SF,00-0031345,29,16.238574595444895,J.Garoppolo
2022,2022_11_TEN_GB,GB,00-0023459,41,2.710083668859718,A.Rodgers
2022,2022_11_TEN_GB,TEN,00-0029701,30,16.866169782995712,R.Tannehill
2022,2022_11_TEN_GB,TEN,00-0032764,2,0.4664566007559187,D.Henry
2022,2022_11_WAS_HOU,HOU,00-0036898,38,-18.63728263321312,D.Mills
2022,2022_11_WAS_HOU,WAS,00-0031800,27,1.1429916925475283,T.Heinicke
2022,2022_12_ATL_WAS,ATL,00-0032268,26,-4.720274761264227,M.Mariota
2022,2022_12_ATL_WAS,WAS,00-0031800,23,2.3663911386651924,T.Heinicke
2022,2022_12_BAL_JAX,BAL,00-0034796,34,8.049962099316577,L.Jackson
2022,2022_12_BAL_JAX,JAX,00-0036971,42,14.854537296227448,T.Lawrence
2022,2022_12_BUF_DET,BUF,00-0034857,45,-0.7383982576910615,J.Allen
2022,2022_12_BUF_DET,DET,00-0033106,39,5.661230087837421,J.Goff
2022,2022_12_CHI_NYJ,CHI,00-0032156,27,-7.048849895317627,T.Siemian
2022,2022_12_CHI_NYJ,NYJ,00-0034401,29,17.472247347781625,M.White
2022,2022_12_CHI_NYJ,NYJ,00-0036313,1,-2.9179823807789944,B.Mann
2022,2022_12_CIN_TEN,CIN,00-0036442,38,5.719894102371747,J.Burrow
2022,2022_12_CIN_TEN,TEN,00-0029701,35,6.658359868077946,R.Tannehill
2022,2022_12_DEN_CAR,CAR,00-0034869,19,5.222650467945947,S.Darnold
2022,2022_12_DEN_CAR,DEN,00-0029263,38,-14.191399136862458,R.Wilson
2022,2022_12_GB_PHI,GB,00-0023459,19,0.2475499878637492,A.Rodgers
2022,2022_12_GB_PHI,GB,00-0036264,9,7.2954735470837715,J.Love
2022,2022_12_GB_PHI,PHI,00-0036389,30,1.6585759276167145,J.Hurts
2022,2022_12_HOU_MIA,HOU,00-0034577,45,-16.719812435890994,K.Allen
2022,2022_12_HOU_MIA,MIA,00-0036212,39,7.89533004684172,T.Tagovailoa
2022,2022_12_HOU_MIA,MIA,00-0037327,6,-3.248354840092361,S.Thompson
2022,2022_12_LAC_ARI,ARI,00-0035228,30,7.676268559221989,K.Murray
2022,2022_12_LAC_ARI,LAC,00-0036355,52,3.1620497274572066,J.Herbert
2022,2022_12_LA_KC,KC,00-0033873,42,7.435447872671729,P.Mahomes
2022,2022_12_LA_KC,LA,00-0032943,1,2.770695556886494,R.Dixon
2022,2022_12_LA_KC,LA,00-0035939,26,-13.100037457188591,B.Perkins
2022,2022_12_LV_SEA,LV,00-0031280,37,13.62871906644432,D.Carr
2022,2022_12_LV_SEA,SEA,00-0030565,40,8.042676463470828,G.Smith
2022,2022_12_NE_MIN,MIN,00-0029604,38,11.62973163149592,K.Cousins
2022,2022_12_NE_MIN,MIN,00-0036322,1,0.641668995609507,J.Jefferson
2022,2022_12_NE_MIN,NE,00-0036972,41,6.055180872248524,M.Jones
2022,2022_12_NO_SF,NO,00-0027973,30,0.330720268713776,A.Dalton
2022,2022_12_NO_SF,NO,00-0033357,1,-0.5499812194611877,T.Hill
2022,2022_12_NO_SF,SF,00-0031345,38,1.2983711801601878,J.Garoppolo
2022,2022_12_NYG_DAL,DAL,00-0033077,30,11.651603471429553,D.Prescott
2022,2022_12_NYG_DAL,NYG,00-0035710,35,-4.316212480221531,D.Jones
2022,2022_12_PIT_IND,IND,00-0026143,37,-5.069278820529432,M.Ryan
2022,2022_12_PIT_IND,PIT,00-0038102,32,-0.0057642719930428,K.Pickett
2022,2022_12_TB_CLE,CLE,00-0033119,41,-5.779003368502817,J.Brissett
2022,2022_12_TB_CLE,TB,00-0019596,46,-1.7076084542957708,T.Brady
2022,2022_13_BUF_NE,BUF,00-0034857,35,11.751593803815462,J.Allen
2022,2022_13_BUF_NE,NE,00-0036972,37,0.7693533130264085,M.Jones
2022,2022_13_CLE_HOU,CLE,00-0033537,23,-4.5595246769290085,D.Watson
2022,2022_13_CLE_HOU,HOU,00-0034577,40,-19.178753267763117,K.Allen
2022,2022_13_DEN_BAL,BAL,00-0034796,6,-5.949390819296241,L.Jackson
2022,2022_13_DEN_BAL,BAL,00-0035993,33,-0.6543897701776586,T.Huntley
2022,2022_13_DEN_BAL,BAL,00-0036133,1,-4.042891675024293,J.Proche
2022,2022_13_DEN_BAL,DEN,00-0029263,24,0.7976540760950273,R.Wilson
2022,2022_13_GB_CHI,CHI,00-0036945,25,4.41604439776219,J.Fields
2022,2022_13_GB_CHI,GB,00-0023459,32,4.585964806516531,A.Rodgers
2022,2022_13_IND_DAL,DAL,00-0033077,31,3.403147913515568,D.Prescott
2022,2022_13_IND_DAL,DAL,00-0036358,1,-0.947,C.Lamb
2022,2022_13_IND_DAL,IND,00-0026143,41,-9.065597803175208,M.Ryan
2022,2022_13_JAX_DET,DET,00-0033106,43,21.616481448157973,J.Goff
2022,2022_13_JAX_DET,JAX,00-0033936,3,-4.184646386886016,C.Beathard
2022,2022_13_JAX_DET,JAX,00-0036971,34,-1.2405012452337734,T.Lawrence
2022,2022_13_KC_CIN,CIN,00-0036442,32,19.75341487690151,J.Burrow
2022,2022_13_KC_CIN,KC,00-0033873,29,7.471841968808931,P.Mahomes
2022,2022_13_LAC_LV,LAC,00-0036355,52,-0.5363082862241102,J.Herbert
2022,2022_13_LAC_LV,LV,00-0031280,30,-2.441481476572157,D.Carr
2022,2022_13_MIA_SF,MIA,00-0036212,36,-11.288042567537596,T.Tagovailoa
2022,2022_13_MIA_SF,MIA,00-0037327,1,-3.02408297767397,S.Thompson
2022,2022_13_MIA_SF,SF,00-0031345,5,1.7997388601280084,J.Garoppolo
2022,2022_13_MIA_SF,SF,00-0037834,40,0.6362147501786595,B.Purdy
2022,2022_13_NO_TB,NO,00-0027973,30,3.655223593675664,A.Dalton
2022,2022_13_NO_TB,NO,00-0033357,1,1.510944586363621,T.Hill
2022,2022_13_NO_TB,TB,00-0019596,55,0.4349068538671368,T.Brady
2022,2022_13_NYJ_MIN,MIN,00-0029604,37,-1.887300720078663,K.Cousins
2022,2022_13_NYJ_MIN,NYJ,00-0034401,58,-8.055998701825121,M.White
2022,2022_13_NYJ_MIN,NYJ,00-0037740,1,-0.4925385075621307,G.Wilson
2022,2022_13_PIT_ATL,ATL,00-0032268,25,-4.990370061447824,M.Mariota
2022,2022_13_PIT_ATL,PIT,00-0038102,28,9.126905519393045,K.Pickett
2022,2022_13_SEA_LA,LA,00-0034899,30,-7.970853903496192,J.Wolford
2022,2022_13_SEA_LA,SEA,00-0030565,43,10.561477771548455,G.Smith
2022,2022_13_TEN_PHI,PHI,00-0035289,2,0.7413408674765378,G.Minshew
2022,2022_13_TEN_PHI,PHI,00-0036389,41,18.35439367417712,J.Hurts
2022,2022_13_TEN_PHI,TEN,00-0029701,28,-8.721925312016804,R.Tannehill
2022,2022_13_TEN_PHI,TEN,00-0038128,4,-3.0927752410643734,M.Willis
2022,2022_13_WAS_NYG,NYG,00-0035710,33,-2.2722748178905734,D.Jones
2022,2022_13_WAS_NYG,WAS,00-0031800,46,-0.3066593823402384,T.Heinicke
2022,2022_14_BAL_PIT,BAL,00-0035993,13,1.748329947343124,T.Huntley
2022,2022_14_BAL_PIT,BAL,00-0037175,6,-1.50736962701194,A.Brown
2022,2022_14_BAL_PIT,PIT,00-0033869,31,6.581241613318904,M.Trubisky
2022,2022_14_BAL_PIT,PIT,00-0038102,2,-3.891891032457352,K.Pickett
2022,2022_14_CAR_SEA,CAR,00-0034869,26,-2.6763127498812875,S.Darnold
2022,2022_14_CAR_SEA,SEA,00-0030565,39,-0.4600201040535854,G.Smith
2022,2022_14_CLE_CIN,CIN,00-0036442,34,-1.4903680627136766,J.Burrow
2022,2022_14_CLE_CIN,CIN,00-0036900,1,-1.6040139043470845,J.Chase
2022,2022_14_CLE_CIN,CLE,00-0033119,1,-3.9296806396450847,J.Brissett
2022,2022_14_CLE_CIN,CLE,00-0033537,43,-5.121563298092026,D.Watson
2022,2022_14_HOU_DAL,DAL,00-0033077,40,-3.6638220046243344,D.Prescott
2022,2022_14_HOU_DAL,HOU,00-0032436,6,0.9998135500354692,J.Driskel
2022,2022_14_HOU_DAL,HOU,00-0036898,20,6.354467068876261,D.Mills
2022,2022_14_JAX_TEN,JAX,00-0036971,43,18.161677946288908,T.Lawrence
2022,2022_14_JAX_TEN,TEN,00-0029701,43,-3.607973546677269,R.Tannehill
2022,2022_14_KC_DEN,DEN,00-0029263,42,-6.956255284923827,R.Wilson
2022,2022_14_KC_DEN,DEN,00-0034955,8,-1.8287857586983591,B.Rypien
2022,2022_14_KC_DEN,KC,00-0033873,44,5.76684766136743,P.Mahomes
2022,2022_14_LV_LA,LA,00-0034855,38,1.9737717845984544,B.Mayfield
2022,2022_14_LV_LA,LV,00-0031280,20,-0.8324481412117497,D.Carr
2022,2022_14_MIA_LAC,LAC,00-0036355,55,1.688132879035546,J.Herbert
2022,2022_14_MIA_LAC,MIA,00-0036212,30,-7.932172876530478,T.Tagovailoa
2022,2022_14_MIN_DET,DET,00-0033106,39,14.289341199430003,J.Goff
2022,2022_14_MIN_DET,MIN,00-0029604,45,21.626524024930177,K.Cousins
2022,2022_14_MIN_DET,MIN,00-0033893,1,-6.88789240695769,D.Cook
2022,2022_14_NE_ARI,ARI,00-0027688,46,-20.4190243922107,C.McCoy
2022,2022_14_NE_ARI,ARI,00-0035228,1,0.7957694656215608,K.Murray
2022,2022_14_NE_ARI,NE,00-0036972,36,-2.235050299632278,M.Jones
2022,2022_14_NYJ_BUF,BUF,00-0034857,30,-4.783358443388808,J.Allen
2022,2022_14_NYJ_BUF,NYJ,00-0026158,4,-7.217953758081421,J.Flacco
2022,2022_14_NYJ_BUF,NYJ,00-0034401,47,1.8589150796179927,M.White
2022,2022_14_PHI_NYG,NYG,00-0028118,9,-2.606885917906649,T.Taylor
2022,2022_14_PHI_NYG,NYG,00-0035710,31,-5.072683184378548,D.Jones
2022,2022_14_PHI_NYG,PHI,00-0036389,35,5.486521247861817,J.Hurts
2022,2022_14_TB_SF,SF,00-0026300,2,-0.8358491185936145,J.Johnson
2022,2022_14_TB_SF,SF,00-0037834,21,8.555145700112917,B.Purdy
2022,2022_14_TB_SF,TB,00-0019596,55,-9.466741297135824,T.Brady
2022,2022_15_ARI_DEN,ARI,00-0027688,23,-8.04611840756835,C.McCoy
2022,2022_15_ARI_DEN,ARI,00-0035146,17,-9.455500419440678,T.McSorley
2022,2022_15_ARI_DEN,DEN,00-0034955,33,-6.004046415129839,B.Rypien
2022,2022_15_ATL_NO,ATL,00-0038122,30,-5.82105707274337,D.Ridder
2022,2022_15_ATL_NO,NO,00-0027973,19,5.619783213594928,A.Dalton
2022,2022_15_ATL_NO,NO,00-0033357,2,6.253231343929656,T.Hill
2022,2022_15_BAL_CLE,BAL,00-0035993,33,-11.694025177379991,T.Huntley
2022,2022_15_BAL_CLE,CLE,00-0033537,31,-2.843721945117225,D.Watson
2022,2022_15_CIN_TB,CIN,00-0036442,42,2.345667540600442,J.Burrow
2022,2022_15_CIN_TB,TB,00-0019596,46,4.521057753304643,T.Brady
2022,2022_15_DAL_JAX,DAL,00-0033077,33,4.023404397099457,D.Prescott
2022,2022_15_DAL_JAX,JAX,00-0036971,43,10.66793152621504,T.Lawrence
2022,2022_15_DET_NYJ,DET,00-0033106,38,11.718987848478,J.Goff
2022,2022_15_DET_NYJ,NYJ,00-0037013,39,0.7246198185209318,Z.Wilson
2022,2022_15_IND_MIN,IND,00-0026143,36,-2.1718903973348875,M.Ryan
2022,2022_15_IND_MIN,MIN,00-0029604,62,6.150092465852812,K.Cousins
2022,2022_15_IND_MIN,MIN,00-0037500,1,-3.771600315463729,R.Wright
2022,2022_15_KC_HOU,HOU,00-0032208,1,-0.536111096618697,P.Dorsett
2022,2022_15_KC_HOU,HOU,00-0032436,5,-2.5618165407213382,J.Driskel
2022,2022_15_KC_HOU,HOU,00-0036898,24,2.485317940655303,D.Mills
2022,2022_15_KC_HOU,KC,00-0033873,44,16.482129391517578,P.Mahomes
2022,2022_15_LA_GB,GB,00-0023459,33,1.0240986059150234,A.Rodgers
2022,2022_15_LA_GB,LA,00-0034855,26,-3.441182934051215,B.Mayfield
2022,2022_15_MIA_BUF,BUF,00-0034857,42,12.617851031391185,J.Allen
2022,2022_15_MIA_BUF,MIA,00-0036212,33,-1.965514148169436,T.Tagovailoa
2022,2022_15_NE_LV,LV,00-0031280,41,-3.9131523310789023,D.Carr
2022,2022_15_NE_LV,NE,00-0036972,32,-9.409503266652312,M.Jones
2022,2022_15_NYG_WAS,NYG,00-0035710,32,1.1476335760378849,D.Jones
2022,2022_15_NYG_WAS,WAS,00-0031800,32,-10.521733609637293,T.Heinicke
2022,2022_15_PHI_CHI,CHI,00-0033958,1,-0.8866650275886059,N.Peterman
2022,2022_15_PHI_CHI,CHI,00-0036945,27,-3.748781784262974,J.Fields
2022,2022_15_PHI_CHI,PHI,00-0036389,38,0.8122104168995872,J.Hurts
2022,2022_15_PIT_CAR,CAR,00-0034869,26,10.157919533047158,S.Darnold
2022,2022_15_PIT_CAR,PIT,00-0033869,23,10.363566592393909,M.Trubisky
2022,2022_15_SF_SEA,SEA,00-0030565,47,-8.172536762576556,G.Smith
2022,2022_15_SF_SEA,SF,00-0037834,27,6.703550412493966,B.Purdy
2022,2022_15_TEN_LAC,LAC,00-0036355,43,-7.437397897273771,J.Herbert
2022,2022_15_TEN_LAC,TEN,00-0029701,26,-6.37425201190786,R.Tannehill
2022,2022_15_TEN_LAC,TEN,00-0038128,4,-0.4028945954050869,M.Willis
2022,2022_16_ATL_BAL,ATL,00-0038122,35,3.93662481081363,D.Ridder
2022,2022_16_ATL_BAL,BAL,00-0035993,17,-0.6896064249228258,T.Huntley
2022,2022_16_BUF_CHI,BUF,00-0034857,28,2.61066832320648,J.Allen
2022,2022_16_BUF_CHI,CHI,00-0033958,4,-0.461854790977668,N.Peterman
2022,2022_16_BUF_CHI,CHI,00-0036945,25,-8.480869527537047,J.Fields
2022,2022_16_CIN_NE,CIN,00-0036442,54,9.304122990735914,J.Burrow
2022,2022_16_CIN_NE,NE,00-0036972,37,1.5809908420343417,M.Jones
2022,2022_16_DEN_LA,DEN,00-0029263,33,-8.864589426179371,R.Wilson
2022,2022_16_DEN_LA,DEN,00-0034955,8,-8.615333982510492,B.Rypien
2022,2022_16_DEN_LA,LA,00-0034855,28,13.9381925169026,B.Mayfield
2022,2022_16_DET_CAR,CAR,00-0034869,22,14.305658381892986,S.Darnold
2022,2022_16_DET_CAR,DET,00-0033106,44,13.722886059203468,J.Goff
2022,2022_16_GB_MIA,GB,00-0023459,40,2.115596571839533,A.Rodgers
2022,2022_16_GB_MIA,MIA,00-0036212,27,0.952404796682888,T.Tagovailoa
2022,2022_16_HOU_TEN,HOU,00-0032436,4,2.99267583724577,J.Driskel
2022,2022_16_HOU_TEN,HOU,00-0036898,30,-3.3316748535032703,D.Mills
2022,2022_16_HOU_TEN,TEN,00-0038128,27,-17.22449917398626,M.Willis
2022,2022_16_JAX_NYJ,JAX,00-0036971,32,1.9853812013100856,T.Lawrence
2022,2022_16_JAX_NYJ,NYJ,00-0035752,15,1.7202607482904568,C.Streveler
2022,2022_16_JAX_NYJ,NYJ,00-0037013,21,-7.955209709747606,Z.Wilson
2022,2022_16_LAC_IND,IND,00-0029567,36,-24.711032529917382,N.Foles
2022,2022_16_LAC_IND,LAC,00-0036355,35,-2.954280743301414,J.Herbert
2022,2022_16_LV_PIT,LV,00-0031280,33,-5.253714924576414,D.Carr
2022,2022_16_LV_PIT,PIT,00-0038102,39,1.3714822049648308,K.Pickett
2022,2022_16_NO_CLE,CLE,00-0033537,33,-15.472528058248336,D.Watson
2022,2022_16_NO_CLE,NO,00-0027973,15,-5.012543362448923,A.Dalton
2022,2022_16_NYG_MIN,MIN,00-0029604,51,-1.1651165757229047,K.Cousins
2022,2022_16_NYG_MIN,NYG,00-0035710,46,3.4195562993278963,D.Jones
2022,2022_16_PHI_DAL,DAL,00-0033077,41,5.711441186149248,D.Prescott
2022,2022_16_PHI_DAL,PHI,00-0035289,39,17.154595761430492,G.Minshew
2022,2022_16_SEA_KC,KC,00-0033873,29,2.1857949762265614,P.Mahomes
2022,2022_16_SEA_KC,SEA,00-0030565,42,-18.171165483795903,G.Smith
2022,2022_16_TB_ARI,ARI,00-0022824,1,2.8644769557286054,A.Lee
2022,2022_16_TB_ARI,ARI,00-0035146,45,-14.953131759986173,T.McSorley
2022,2022_16_TB_ARI,TB,00-0019596,48,-1.8559757816318068,T.Brady
2022,2022_16_WAS_SF,SF,00-0037834,25,6.726549983999158,B.Purdy
2022,2022_16_WAS_SF,WAS,00-0031800,20,2.4114419579855166,T.Heinicke
2022,2022_16_WAS_SF,WAS,00-0032950,17,4.377109591194428,C.Wentz
2022,2022_17_ARI_ATL,ARI,00-0035040,42,1.7515852053621566,D.Blough
2022,2022_17_ARI_ATL,ATL,00-0038122,27,-0.1821636128571704,D.Ridder
2022,2022_17_CAR_TB,CAR,00-0034869,37,7.705421994411154,S.Darnold
2022,2022_17_CAR_TB,TB,00-0019596,50,17.43078252064816,T.Brady
2022,2022_17_CHI_DET,CHI,00-0036945,28,-26.995167147783807,J.Fields
2022,2022_17_CHI_DET,DET,00-0032792,1,-0.8987278068009172,N.Sudfeld
2022,2022_17_CHI_DET,DET,00-0033106,30,5.750412242149881,J.Goff
2022,2022_17_CLE_WAS,CLE,00-0033537,23,7.9150327226745025,D.Watson
2022,2022_17_CLE_WAS,WAS,00-0032950,31,-8.093270225496754,C.Wentz
2022,2022_17_DAL_TEN,DAL,00-0033077,42,10.499198308709024,D.Prescott
2022,2022_17_DAL_TEN,TEN,00-0033949,41,-8.409685233310476,J.Dobbs
2022,2022_17_DEN_KC,DEN,00-0029263,42,-12.50047039879408,R.Wilson
2022,2022_17_DEN_KC,KC,00-0033873,42,10.644172068728096,P.Mahomes
2022,2022_17_IND_NYG,IND,00-0029567,14,-9.460194405095647,N.Foles
2022,2022_17_IND_NYG,IND,00-0036879,15,0.6514081047407267,S.Ehlinger
2022,2022_17_IND_NYG,NYG,00-0035710,24,11.808453440568428,D.Jones
2022,2022_17_JAX_HOU,HOU,00-0032436,5,-3.8118267643731087,J.Driskel
2022,2022_17_JAX_HOU,HOU,00-0036898,41,-22.47215387970209,D.Mills
2022,2022_17_JAX_HOU,JAX,00-0033936,9,-7.416494338554785,C.Beathard
2022,2022_17_JAX_HOU,JAX,00-0036971,22,1.5274631844949909,T.Lawrence
2022,2022_17_LA_LAC,LA,00-0034855,22,-11.562610589861231,B.Mayfield
2022,2022_17_LA_LAC,LAC,00-0026544,3,1.3682270137942396,C.Daniel
2022,2022_17_LA_LAC,LAC,00-0036355,28,10.223021560577926,J.Herbert
2022,2022_17_MIA_NE,MIA,00-0031237,20,0.6816342251478975,T.Bridgewater
2022,2022_17_MIA_NE,MIA,00-0037327,22,-1.6010704787622672,S.Thompson
2022,2022_17_MIA_NE,NE,00-0036972,36,-3.191601024808984,M.Jones
2022,2022_17_MIN_GB,GB,00-0023459,24,1.7072765151970088,A.Rodgers
2022,2022_17_MIN_GB,GB,00-0036264,3,-0.3886218328261748,J.Love
2022,2022_17_MIN_GB,MIN,00-0029604,33,-17.211035219343266,K.Cousins
2022,2022_17_MIN_GB,MIN,00-0033319,4,5.713234336813912,N.Mullens
2022,2022_17_NO_PHI,NO,00-0027973,28,-4.766653260149154,A.Dalton
2022,2022_17_NO_PHI,NO,00-0033357,3,0.2371366373845376,T.Hill
2022,2022_17_NO_PHI,PHI,00-0035289,38,-11.34749149967277,G.Minshew
2022,2022_17_NYJ_SEA,NYJ,00-0034401,50,-18.903030699438016,M.White
2022,2022_17_NYJ_SEA,SEA,00-0030565,33,-2.460240958190018,G.Smith
2022,2022_17_PIT_BAL,BAL,00-0035993,21,4.684483727620354,T.Huntley
2022,2022_17_PIT_BAL,PIT,00-0038102,29,4.159131734225969,K.Pickett
2022,2022_17_SF_LV,LV,00-0035264,34,6.232591861122273,J.Stidham
2022,2022_17_SF_LV,SF,00-0037834,35,7.845756590328992,B.Purdy
2022,2022_18_ARI_SF,ARI,00-0035040,21,-6.578614370839205,D.Blough
2022,2022_18_ARI_SF,ARI,00-0035146,9,-9.058370397950055,T.McSorley
2022,2022_18_ARI_SF,SF,00-0037834,24,5.973943722692779,B.Purdy
2022,2022_18_BAL_CIN,BAL,00-0037175,46,-14.768571108536236,A.Brown
2022,2022_18_BAL_CIN,CIN,00-0036442,44,-7.989059291033679,J.Burrow
2022,2022_18_CAR_NO,CAR,00-0034869,17,-12.895669672172517,S.Darnold
2022,2022_18_CAR_NO,NO,00-0027973,26,-4.95168783039898,A.Dalton
2022,2022_18_CLE_PIT,CLE,00-0033537,35,-3.814974674372934,D.Watson
2022,2022_18_CLE_PIT,PIT,00-0038102,31,10.163560614810436,K.Pickett
2022,2022_18_DAL_WAS,DAL,00-0033077,38,-13.168290860834531,D.Prescott
2022,2022_18_DAL_WAS,DAL,00-0033662,1,-1.3351104226894677,C.Rush
2022,2022_18_DAL_WAS,WAS,00-0037077,22,-7.461784537902072,S.Howell
2022,2022_18_DET_GB,DET,00-0033106,35,7.491054698055307,J.Goff
2022,2022_18_DET_GB,GB,00-0023459,29,-1.2578777933587206,A.Rodgers
2022,2022_18_HOU_IND,HOU,00-0032436,2,0.3698128878022544,J.Driskel
2022,2022_18_HOU_IND,HOU,00-0036898,40,7.283044519586954,D.Mills
2022,2022_18_HOU_IND,IND,00-0036879,37,-13.008096263045443,S.Ehlinger
2022,2022_18_KC_LV,KC,00-0033873,28,1.010588614166465,P.Mahomes
2022,2022_18_KC_LV,LV,00-0035264,42,-9.47109156276678,J.Stidham
2022,2022_18_LAC_DEN,DEN,00-0029263,26,4.052698932404837,R.Wilson
2022,2022_18_LAC_DEN,LAC,00-0026544,8,2.3585854915292,C.Daniel
2022,2022_18_LAC_DEN,LAC,00-0036355,38,15.43183239398754,J.Herbert
2022,2022_18_LA_SEA,LA,00-0034855,31,-11.475796162948964,B.Mayfield
2022,2022_18_LA_SEA,SEA,00-0030565,33,-7.765327133594612,G.Smith
2022,2022_18_MIN_CHI,CHI,00-0033958,20,-3.6885259770206176,N.Peterman
2022,2022_18_MIN_CHI,CHI,00-0034177,9,-5.456478976833634,T.Boyle
2022,2022_18_MIN_CHI,MIN,00-0029604,20,16.61085238459663,K.Cousins
2022,2022_18_MIN_CHI,MIN,00-0033319,13,5.582461032364146,N.Mullens
2022,2022_18_NE_BUF,BUF,00-0034857,33,8.448574600508437,J.Allen
2022,2022_18_NE_BUF,NE,00-0036972,42,-1.715124619149603,M.Jones
2022,2022_18_NYG_PHI,NYG,00-0033550,41,-2.4633255358413764,D.Webb
2022,2022_18_NYG_PHI,NYG,00-0035042,1,-3.9164693378843367,J.Gillan
2022,2022_18_NYG_PHI,NYG,00-0036145,1,-0.8402121948311105,L.Cager
2022,2022_18_NYG_PHI,PHI,00-0036389,38,-4.572545558074841,J.Hurts
2022,2022_18_NYJ_MIA,MIA,00-0037327,32,-7.085155114804383,S.Thompson
2022,2022_18_NYJ_MIA,NYJ,00-0026158,33,0.0636899587172821,J.Flacco
2022,2022_18_TB_ATL,ATL,00-0038122,32,6.603793534953772,D.Ridder
2022,2022_18_TB_ATL,TB,00-0019596,17,2.99913360318169,T.Brady
2022,2022_18_TB_ATL,TB,00-0027948,8,0.2152441979269497,B.Gabbert
2022,2022_18_TB_ATL,TB,00-0036928,9,-5.332559636328369,K.Trask
2022,2022_18_TEN_JAX,JAX,00-0036971,33,4.347590087726094,T.Lawrence
2022,2022_18_TEN_JAX,TEN,00-0033949,33,-0.5649513055226283,J.Dobbs
2022,2022_19_BAL_CIN,BAL,00-0035993,31,3.425004780988383,T.Huntley
2022,2022_19_BAL_CIN,CIN,00-0036442,37,5.792991386327596,J.Burrow
2022,2022_19_DAL_TB,DAL,00-0033077,34,23.88380591443274,D.Prescott
2022,2022_19_DAL_TB,TB,00-0019596,70,-3.578787126374431,T.Brady
2022,2022_19_LAC_JAX,JAX,00-0036971,49,-5.994776278617792,T.Lawrence
2022,2022_19_LAC_JAX,LAC,00-0036355,46,7.645669385090526,J.Herbert
2022,2022_19_MIA_BUF,BUF,00-0034857,46,-11.807607219514615,J.Allen
2022,2022_19_MIA_BUF,MIA,00-0037327,50,-9.625856898304905,S.Thompson
2022,2022_19_NYG_MIN,MIN,00-0029604,39,12.248063637001906,K.Cousins
2022,2022_19_NYG_MIN,MIN,00-0036322,1,-2.3801986994221807,J.Jefferson
2022,2022_19_NYG_MIN,NYG,00-0035710,38,13.61165669968953,D.Jones
2022,2022_19_SEA_SF,SEA,00-0030565,39,2.813331615631003,G.Smith
2022,2022_19_SEA_SF,SF,00-0037834,32,22.51470104532176,B.Purdy
2022,2022_20_CIN_BUF,BUF,00-0034857,43,-1.7571034816497098,J.Allen
2022,2022_20_CIN_BUF,CIN,00-0036442,36,11.998208448340334,J.Burrow
2022,2022_20_DAL_SF,DAL,00-0033077,38,-6.310623483164941,D.Prescott
2022,2022_20_DAL_SF,SF,00-0037834,31,3.6016753533626518,B.Purdy
2022,2022_20_JAX_KC,JAX,00-0036971,40,0.3156234340949824,T.Lawrence
2022,2022_20_JAX_KC,KC,00-0026197,7,2.7069520716322586,C.Henne
2022,2022_20_JAX_KC,KC,00-0033873,30,9.701416547034022,P.Mahomes
2022,2022_20_NYG_PHI,NYG,00-0035710,32,-14.503513101837598,D.Jones
2022,2022_20_NYG_PHI,PHI,00-0036389,25,5.891669733660251,J.Hurts
2022,2022_21_CIN_KC,CIN,00-0036442,46,-1.830366489460145,J.Burrow
2022,2022_21_CIN_KC,KC,00-0033873,46,7.392084315645732,P.Mahomes
2022,2022_21_SF_PHI,PHI,00-0036389,26,-0.6570534107740968,J.Hurts
2022,2022_21_SF_PHI,SF,00-0026300,15,-2.0255670020123944,J.Johnson
2022,2022_21_SF_PHI,SF,00-0033280,1,-0.5373300365172327,C.McCaffrey
2022,2022_21_SF_PHI,SF,00-0037834,5,-4.776096153305844,B.Purdy
2022,2022_22_KC_PHI,KC,00-0033873,27,12.38346458106125,P.Mahomes
2022,2022_22_KC_PHI,PHI,00-0036389,40,12.892023836994335,J.Hurts
2023,2023_01_ARI_WAS,ARI,00-0033949,33,-9.239667566276069,J.Dobbs
2023,2023_01_ARI_WAS,WAS,00-0037077,37,-13.413062730876792,S.Howell
2023,2023_01_BUF_NYJ,BUF,00-0034857,45,-1.37280364008696,J.Allen
2023,2023_01_BUF_NYJ,NYJ,00-0023459,2,-2.031959884334356,A.Rodgers
2023,2023_01_BUF_NYJ,NYJ,00-0037013,23,-3.1895326425664656,Z.Wilson
2023,2023_01_CAR_ATL,ATL,00-0038122,22,-4.450449751486303,D.Ridder
2023,2023_01_CAR_ATL,CAR,00-0039150,40,-10.528563417818296,B.Young
2023,2023_01_CIN_CLE,CIN,00-0035100,1,-1.24702901893761,J.Browning
2023,2023_01_CIN_CLE,CIN,00-0036442,33,-18.6356268896578,J.Burrow
2023,2023_01_CIN_CLE,CLE,00-0033537,32,-10.871305896014098,D.Watson
2023,2023_01_DAL_NYG,DAL,00-0033077,24,4.17848433913809,D.Prescott
2023,2023_01_DAL_NYG,DAL,00-0033662,1,-2.601653972407803,C.Rush
2023,2023_01_DAL_NYG,NYG,00-0028118,2,-0.544656885205768,T.Taylor
2023,2023_01_DAL_NYG,NYG,00-0035710,35,-22.697970342473127,D.Jones
2023,2023_01_DET_KC,DET,00-0033106,35,6.560922560049221,J.Goff
2023,2023_01_DET_KC,KC,00-0033873,39,-6.4536129623823655,P.Mahomes
2023,2023_01_GB_CHI,CHI,00-0036945,42,-11.945732079244234,J.Fields
2023,2023_01_GB_CHI,GB,00-0036264,28,17.795653510178614,J.Love
2023,2023_01_HOU_BAL,BAL,00-0034796,26,-4.415662565714761,L.Jackson
2023,2023_01_HOU_BAL,HOU,00-0039163,48,-11.393885451581587,C.Stroud
2023,2023_01_JAX_IND,IND,00-0035289,2,-4.754616433085175,G.Minshew
2023,2023_01_JAX_IND,IND,00-0039164,41,-4.387141410610639,A.Richardson
2023,2023_01_JAX_IND,JAX,00-0036971,34,-9.001866828126367,T.Lawrence
2023,2023_01_LA_SEA,LA,00-0026498,38,20.67998153272862,M.Stafford
2023,2023_01_LA_SEA,SEA,00-0030565,28,-4.389090738004491,G.Smith
2023,2023_01_LV_DEN,DEN,00-0029263,35,3.147663190258285,R.Wilson
2023,2023_01_LV_DEN,LV,00-0031345,26,13.086084981785486,J.Garoppolo
2023,2023_01_MIA_LAC,LAC,00-0036355,36,-1.241065451304303,J.Herbert
2023,2023_01_MIA_LAC,MIA,00-0036212,45,27.078330696646358,T.Tagovailoa
2023,2023_01_PHI_NE,NE,00-0036972,57,-7.607893661319278,M.Jones
2023,2023_01_PHI_NE,PHI,00-0036389,36,-4.85952255143671,J.Hurts
2023,2023_01_SF_PIT,PIT,00-0038102,50,-19.772737623075955,K.Pickett
2023,2023_01_SF_PIT,SF,00-0037834,32,6.5278640272773965,B.Purdy
2023,2023_01_TB_MIN,MIN,00-0029604,46,0.3236897762782771,K.Cousins
2023,2023_01_TB_MIN,TB,00-0034855,35,0.9109713025364148,B.Mayfield
2023,2023_01_TEN_NO,NO,00-0031280,37,3.670484631337193,D.Carr
2023,2023_01_TEN_NO,TEN,00-0029701,37,-12.0429618927599,R.Tannehill
2023,2023_02_BAL_CIN,BAL,00-0034796,33,12.392853365532094,L.Jackson
2023,2023_02_BAL_CIN,CIN,00-0036442,42,1.5723083208449875,J.Burrow
2023,2023_02_CHI_TB,CHI,00-0036945,35,-8.620328064332805,J.Fields
2023,2023_02_CHI_TB,TB,00-0034855,34,13.25848529643427,B.Mayfield
2023,2023_02_CLE_PIT,CLE,00-0033537,46,-15.953177403144815,D.Watson
2023,2023_02_CLE_PIT,PIT,00-0038102,32,-7.772112777774912,K.Pickett
2023,2023_02_GB_ATL,ATL,00-0038122,33,3.1194444414007774,D.Ridder
2023,2023_02_GB_ATL,GB,00-0036264,26,2.6311388129449607,J.Love
2023,2023_02_IND_HOU,HOU,00-0039163,51,7.57781817767515,C.Stroud
2023,2023_02_IND_HOU,IND,00-0035289,23,8.907145353119489,G.Minshew
2023,2023_02_IND_HOU,IND,00-0039164,10,1.7329200523672623,A.Richardson
2023,2023_02_KC_JAX,JAX,00-0034775,1,-1.2398807080462575,C.Kirk
2023,2023_02_KC_JAX,JAX,00-0036971,45,-12.625911246076312,T.Lawrence
2023,2023_02_KC_JAX,KC,00-0033873,42,10.558776084871267,P.Mahomes
2023,2023_02_LAC_TEN,LAC,00-0036355,45,10.31794210589466,J.Herbert
2023,2023_02_LAC_TEN,TEN,00-0029701,29,1.4567640593870608,R.Tannehill
2023,2023_02_LV_BUF,BUF,00-0034857,39,13.21760739837191,J.Allen
2023,2023_02_LV_BUF,LV,00-0031345,24,-2.0070985654510523,J.Garoppolo
2023,2023_02_MIA_NE,MIA,00-0036212,31,11.266563081514583,T.Tagovailoa
2023,2023_02_MIA_NE,NE,00-0036972,46,-2.3766230029077766,M.Jones
2023,2023_02_MIN_PHI,MIN,00-0029604,46,17.481337210163474,K.Cousins
2023,2023_02_MIN_PHI,PHI,00-0036389,27,1.1131707055028528,J.Hurts
2023,2023_02_NO_CAR,CAR,00-0039150,38,-11.274377782403372,B.Young
2023,2023_02_NO_CAR,NO,00-0031280,40,-2.1891075282538184,D.Carr
2023,2023_02_NO_CAR,NO,00-0033357,1,0.5803323040599935,T.Hill
2023,2023_02_NYG_ARI,ARI,00-0033949,31,7.430885184349266,J.Dobbs
2023,2023_02_NYG_ARI,NYG,00-0035710,40,8.180348059220705,D.Jones
2023,2023_02_NYJ_DAL,DAL,00-0033077,39,10.077872056186449,D.Prescott
2023,2023_02_NYJ_DAL,NYJ,00-0037013,29,-18.399233354252654,Z.Wilson
2023,2023_02_SEA_DET,DET,00-0033106,37,8.152201352508701,J.Goff
2023,2023_02_SEA_DET,SEA,00-0030565,41,14.49171823648194,G.Smith
2023,2023_02_SF_LA,LA,00-0026498,55,-5.431541688018593,M.Stafford
2023,2023_02_SF_LA,SF,00-0037834,26,3.2599135650464697,B.Purdy
2023,2023_02_WAS_DEN,DEN,00-0029263,39,2.406596301000537,R.Wilson
2023,2023_02_WAS_DEN,WAS,00-0037077,43,7.249400672420453,S.Howell
2023,2023_03_ATL_DET,ATL,00-0038122,45,-14.69095040827284,D.Ridder
2023,2023_03_ATL_DET,DET,00-0033106,33,2.7206899089548573,J.Goff
2023,2023_03_BUF_WAS,BUF,00-0034857,32,5.211040452186173,J.Allen
2023,2023_03_BUF_WAS,WAS,00-0037077,38,-26.450667170560944,S.Howell
2023,2023_03_CAR_SEA,CAR,00-0027973,61,4.548329591227218,A.Dalton
2023,2023_03_CAR_SEA,SEA,00-0030565,39,6.326515248427628,G.Smith
2023,2023_03_CHI_KC,CHI,00-0036945,25,-13.247832806431688,J.Fields
2023,2023_03_CHI_KC,KC,00-0027948,5,-6.706045397208072,B.Gabbert
2023,2023_03_CHI_KC,KC,00-0033873,33,20.917330593607605,P.Mahomes
2023,2023_03_DAL_ARI,ARI,00-0033949,24,3.61363140622018,J.Dobbs
2023,2023_03_DAL_ARI,DAL,00-0033077,42,-3.659614854047324,D.Prescott
2023,2023_03_DEN_MIA,DEN,00-0029263,39,2.208718735000881,R.Wilson
2023,2023_03_DEN_MIA,MIA,00-0034401,2,4.690234114881605,M.White
2023,2023_03_DEN_MIA,MIA,00-0036212,26,26.372212297806986,T.Tagovailoa
2023,2023_03_HOU_JAX,HOU,00-0039163,30,14.348350209458214,C.Stroud
2023,2023_03_HOU_JAX,JAX,00-0033936,2,0.4268732601776719,C.Beathard
2023,2023_03_HOU_JAX,JAX,00-0036971,40,2.2051360300596072,T.Lawrence
2023,2023_03_IND_BAL,BAL,00-0034796,35,-7.2513471138071,L.Jackson
2023,2023_03_IND_BAL,IND,00-0035289,49,-8.418345229189796,G.Minshew
2023,2023_03_LAC_MIN,LAC,00-0030279,1,3.968392387731001,K.Allen
2023,2023_03_LAC_MIN,LAC,00-0036355,48,21.501615730756065,J.Herbert
2023,2023_03_LAC_MIN,MIN,00-0029604,54,1.4202402869707438,K.Cousins
2023,2023_03_LA_CIN,CIN,00-0036442,50,-6.553374456077261,J.Burrow
2023,2023_03_LA_CIN,LA,00-0026498,39,-8.404790011332945,M.Stafford
2023,2023_03_NE_NYJ,NE,00-0036972,29,5.437647214136642,M.Jones
2023,2023_03_NE_NYJ,NYJ,00-0037013,38,-15.238621975388453,Z.Wilson
2023,2023_03_NO_GB,GB,00-0036264,46,-1.9114087828989983,J.Love
2023,2023_03_NO_GB,NO,00-0031280,21,0.0744669311893599,D.Carr
2023,2023_03_NO_GB,NO,00-0031503,17,-2.519490228338142,J.Winston
2023,2023_03_NYG_SF,NYG,00-0028118,1,-0.6515430161962286,T.Taylor
2023,2023_03_NYG_SF,NYG,00-0035710,35,-9.130832609500471,D.Jones
2023,2023_03_NYG_SF,SF,00-0037834,39,16.46249543812681,B.Purdy
2023,2023_03_PHI_TB,PHI,00-0036389,38,1.7553614552587669,J.Hurts
2023,2023_03_PHI_TB,TB,00-0034855,28,1.6140822458160358,B.Mayfield
2023,2023_03_PIT_LV,LV,00-0031345,49,-7.2994737805925425,J.Garoppolo
2023,2023_03_PIT_LV,PIT,00-0038102,29,5.9215954580455765,K.Pickett
2023,2023_03_TEN_CLE,CLE,00-0033537,36,12.508116518452686,D.Watson
2023,2023_03_TEN_CLE,TEN,00-0029701,30,-14.025611756842377,R.Tannehill
2023,2023_04_ARI_SF,ARI,00-0033949,42,3.898311003180688,J.Dobbs
2023,2023_04_ARI_SF,SF,00-0037834,22,22.84409084377694,B.Purdy
2023,2023_04_ATL_JAX,ATL,00-0038122,35,-19.31930863641901,D.Ridder
2023,2023_04_ATL_JAX,JAX,00-0036971,32,4.404516192038479,T.Lawrence
2023,2023_04_BAL_CLE,BAL,00-0034796,22,6.872492622467689,L.Jackson
2023,2023_04_BAL_CLE,CLE,00-0038583,40,-27.36171850353747,D.Thompson-Robinson
2023,2023_04_CIN_TEN,CIN,00-0036442,33,-8.805660734302364,J.Burrow
2023,2023_04_CIN_TEN,TEN,00-0029701,28,7.165728041705081,R.Tannehill
2023,2023_04_CIN_TEN,TEN,00-0032764,1,3.102167329663644,D.Henry
2023,2023_04_DEN_CHI,CHI,00-0036945,39,7.1422850987291895,J.Fields
2023,2023_04_DEN_CHI,DEN,00-0029263,29,14.21806286516332,R.Wilson
2023,2023_04_DET_GB,DET,00-0033106,30,2.4591233149722904,J.Goff
2023,2023_04_DET_GB,GB,00-0036264,42,-11.640179846350668,J.Love
2023,2023_04_KC_NYJ,KC,00-0033873,31,0.6326508337961014,P.Mahomes
2023,2023_04_KC_NYJ,NYJ,00-0037013,41,3.608918252683421,Z.Wilson
2023,2023_04_LA_IND,IND,00-0039164,29,7.211916146276286,A.Richardson
2023,2023_04_LA_IND,LA,00-0026498,42,11.37435107669372,M.Stafford
2023,2023_04_LV_LAC,LAC,00-0036355,26,-3.676677308384192,J.Herbert
2023,2023_04_LV_LAC,LV,00-0038579,46,-11.765604441442475,A.O'Connell
2023,2023_04_MIA_BUF,BUF,00-0034857,27,22.19731426213972,J.Allen
2023,2023_04_MIA_BUF,MIA,00-0036212,40,-4.43110618014168,T.Tagovailoa
2023,2023_04_MIN_CAR,CAR,00-0039150,37,-13.02082383805393,B.Young
2023,2023_04_MIN_CAR,MIN,00-0029604,21,-10.878062953648625,K.Cousins
2023,2023_04_NE_DAL,DAL,00-0029692,1,1.053,B.Anger
2023,2023_04_NE_DAL,DAL,00-0033077,37,3.933240894897108,D.Prescott
2023,2023_04_NE_DAL,DAL,00-0033662,2,1.5769879361032508,C.Rush
2023,2023_04_NE_DAL,NE,00-0036972,22,-12.8416448108037,M.Jones
2023,2023_04_NE_DAL,NE,00-0038108,10,-2.9953646172221102,B.Zappe
2023,2023_04_PIT_HOU,HOU,00-0035250,1,1.8422965880599804,D.Singletary
2023,2023_04_PIT_HOU,HOU,00-0039163,28,9.621636152770645,C.Stroud
2023,2023_04_PIT_HOU,PIT,00-0033869,5,-1.1255575283430517,M.Trubisky
2023,2023_04_PIT_HOU,PIT,00-0038102,26,-13.630709189599646,K.Pickett
2023,2023_04_SEA_NYG,NYG,00-0035639,1,-1.5267874808050692,P.Campbell
2023,2023_04_SEA_NYG,NYG,00-0035710,44,-29.01369021102904,D.Jones
2023,2023_04_SEA_NYG,SEA,00-0030565,22,-9.127239332726395,G.Smith
2023,2023_04_SEA_NYG,SEA,00-0035704,6,1.799429426464485,D.Lock
2023,2023_04_TB_NO,NO,00-0031280,39,-12.751911281074792,D.Carr
2023,2023_04_TB_NO,NO,00-0031503,1,-2.82205399236409,J.Winston
2023,2023_04_TB_NO,NO,00-0033357,2,-0.3197493079351261,T.Hill
2023,2023_04_TB_NO,TB,00-0033921,1,-0.7111730779288337,C.Godwin
2023,2023_04_TB_NO,TB,00-0034855,34,7.901396501853131,B.Mayfield
2023,2023_04_WAS_PHI,PHI,00-0036389,40,10.566899214391144,J.Hurts
2023,2023_04_WAS_PHI,WAS,00-0037077,46,7.724412571688452,S.Howell
2023,2023_05_BAL_PIT,BAL,00-0034796,42,-13.225236594514609,L.Jackson
2023,2023_05_BAL_PIT,PIT,00-0038102,36,3.101525538584668,K.Pickett
2023,2023_05_CAR_DET,CAR,00-0039150,42,-0.0112821313009043,B.Young
2023,2023_05_CAR_DET,DET,00-0033106,30,5.771698093274608,J.Goff
2023,2023_05_CHI_WAS,CHI,00-0036945,32,11.5088239949803,J.Fields
2023,2023_05_CHI_WAS,WAS,00-0037077,57,2.728322935908062,S.Howell
2023,2023_05_CIN_ARI,ARI,00-0033949,35,-15.65153375652153,J.Dobbs
2023,2023_05_CIN_ARI,CIN,00-0036442,49,9.498447030530684,J.Burrow
2023,2023_05_DAL_SF,DAL,00-0033077,27,-12.18878598313313,D.Prescott
2023,2023_05_DAL_SF,DAL,00-0033662,3,-1.4217072618193924,C.Rush
2023,2023_05_DAL_SF,SF,00-0034869,1,-1.055569262010977,S.Darnold
2023,2023_05_DAL_SF,SF,00-0037834,25,18.54200110162492,B.Purdy
2023,2023_05_GB_LV,GB,00-0036264,32,-14.767112767702136,J.Love
2023,2023_05_GB_LV,LV,00-0031345,33,-0.4204488718151369,J.Garoppolo
2023,2023_05_GB_LV,LV,00-0035700,1,-1.076406596112065,J.Jacobs
2023,2023_05_HOU_ATL,ATL,00-0037238,1,1.84401460189838,D.London
2023,2023_05_HOU_ATL,ATL,00-0038122,38,15.174646988207344,D.Ridder
2023,2023_05_HOU_ATL,HOU,00-0039163,35,3.293356952996761,C.Stroud
2023,2023_05_JAX_BUF,BUF,00-0034857,41,13.9983127423767,J.Allen
2023,2023_05_JAX_BUF,JAX,00-0036971,42,8.35737227689242,T.Lawrence
2023,2023_05_KC_MIN,KC,00-0033873,42,14.77843926546339,P.Mahomes
2023,2023_05_KC_MIN,MIN,00-0029604,49,2.6349363884598587,K.Cousins
2023,2023_05_NO_NE,NE,00-0036972,24,-18.676953684316025,M.Jones
2023,2023_05_NO_NE,NE,00-0038108,9,-7.567776053445414,B.Zappe
2023,2023_05_NO_NE,NO,00-0031280,28,3.4477739772610976,D.Carr
2023,2023_05_NYG_MIA,MIA,00-0036212,30,-2.032802336645545,T.Tagovailoa
2023,2023_05_NYG_MIA,NYG,00-0028118,13,2.4409939376013767,T.Taylor
2023,2023_05_NYG_MIA,NYG,00-0035710,26,-4.595704644326776,D.Jones
2023,2023_05_NYJ_DEN,DEN,00-0029263,34,-10.421557123857436,R.Wilson
2023,2023_05_NYJ_DEN,NYJ,00-0037013,30,-7.168929509143194,Z.Wilson
2023,2023_05_PHI_LA,LA,00-0026498,41,-2.536261009518057,M.Stafford
2023,2023_05_PHI_LA,PHI,00-0036389,39,7.784427022446399,J.Hurts
2023,2023_05_TEN_IND,IND,00-0035289,14,7.407801365479827,G.Minshew
2023,2023_05_TEN_IND,IND,00-0039164,13,2.136096499039202,A.Richardson
2023,2023_05_TEN_IND,TEN,00-0029701,34,9.446342548944802,R.Tannehill
2023,2023_05_TEN_IND,TEN,00-0032764,1,-0.4760324590024538,D.Henry
2023,2023_06_ARI_LA,ARI,00-0033949,43,-17.462166118847428,J.Dobbs
2023,2023_06_ARI_LA,LA,00-0026498,25,3.496808846426748,M.Stafford
2023,2023_06_BAL_TEN,BAL,00-0034796,31,5.846638061230958,L.Jackson
2023,2023_06_BAL_TEN,TEN,00-0029701,18,-10.508053488856875,R.Tannehill
2023,2023_06_BAL_TEN,TEN,00-0038128,9,-0.068276936013552,M.Willis
2023,2023_06_CAR_MIA,CAR,00-0028872,1,-1.9410884017124768,J.Hekker
2023,2023_06_CAR_MIA,CAR,00-0039150,42,-10.966093807958623,B.Young
2023,2023_06_CAR_MIA,MIA,00-0034401,1,-8.976947910850868,M.White
2023,2023_06_CAR_MIA,MIA,00-0036212,31,16.12479107605759,T.Tagovailoa
2023,2023_06_DAL_LAC,DAL,00-0033077,35,6.778182700220884,D.Prescott
2023,2023_06_DAL_LAC,LAC,00-0036355,38,-0.2059243075474346,J.Herbert
2023,2023_06_DEN_KC,DEN,00-0029263,26,-18.298592432925943,R.Wilson
2023,2023_06_DEN_KC,KC,00-0033873,42,4.571162276312816,P.Mahomes
2023,2023_06_DEN_KC,KC,00-0036913,1,-0.4460934295784682,K.Toney
2023,2023_06_DET_TB,DET,00-0033106,47,17.925803287663015,J.Goff
2023,2023_06_DET_TB,TB,00-0034855,38,-8.300111832407799,B.Mayfield
2023,2023_06_IND_JAX,IND,00-0035289,58,-11.561452929262398,G.Minshew
2023,2023_06_IND_JAX,JAX,00-0036971,33,-3.67093885802549,T.Lawrence
2023,2023_06_MIN_CHI,CHI,00-0036945,14,-8.60774218969313,J.Fields
2023,2023_06_MIN_CHI,CHI,00-0038416,15,-16.589481437113136,T.Bagent
2023,2023_06_MIN_CHI,MIN,00-0029604,33,-6.169656257693803,K.Cousins
2023,2023_06_NE_LV,LV,00-0026625,10,4.752259165038733,B.Hoyer
2023,2023_06_NE_LV,LV,00-0031345,22,5.130306091690607,J.Garoppolo
2023,2023_06_NE_LV,NE,00-0036972,36,-3.186446495703189,M.Jones
2023,2023_06_NE_LV,NE,00-0038911,1,-1.2853722739964724,M.Cunningham
2023,2023_06_NO_HOU,HOU,00-0039163,29,-0.315728024306809,C.Stroud
2023,2023_06_NO_HOU,NO,00-0031280,52,5.213855274451472,D.Carr
2023,2023_06_NO_HOU,NO,00-0033357,1,0.0868568505393341,T.Hill
2023,2023_06_NYG_BUF,BUF,00-0034857,30,1.2013992320389686,J.Allen
2023,2023_06_NYG_BUF,NYG,00-0028118,37,-1.7873601690036778,T.Taylor
2023,2023_06_PHI_NYJ,NYJ,00-0037013,39,-8.8321834682439,Z.Wilson
2023,2023_06_PHI_NYJ,PHI,00-0036389,47,-6.505956551640272,J.Hurts
2023,2023_06_SEA_CIN,CIN,00-0036442,38,-3.312432660459075,J.Burrow
2023,2023_06_SEA_CIN,SEA,00-0030565,45,-3.6160494096484737,G.Smith
2023,2023_06_SF_CLE,CLE,00-0033275,36,-14.264403022690107,P.Walker
2023,2023_06_SF_CLE,SF,00-0037834,29,-10.58884793915719,B.Purdy
2023,2023_06_WAS_ATL,ATL,00-0038122,49,-7.971019231484528,D.Ridder
2023,2023_06_WAS_ATL,WAS,00-0037077,28,-0.1997386012117821,S.Howell
2023,2023_07_ARI_SEA,ARI,00-0033949,37,-12.358147968825682,J.Dobbs
2023,2023_07_ARI_SEA,ARI,00-0038582,1,-1.980460286140442,C.Tune
2023,2023_07_ARI_SEA,SEA,00-0030565,26,7.281663570599957,G.Smith
2023,2023_07_ATL_TB,ATL,00-0038122,26,7.05915386592294,D.Ridder
2023,2023_07_ATL_TB,TB,00-0034855,45,0.5751858274117692,B.Mayfield
2023,2023_07_BUF_NE,BUF,00-0034857,42,8.579465328659799,J.Allen
2023,2023_07_BUF_NE,NE,00-0036972,31,13.239483982002865,M.Jones
2023,2023_07_CLE_IND,CLE,00-0033275,33,-3.243870737388117,P.Walker
2023,2023_07_CLE_IND,CLE,00-0033537,5,-5.87572387396358,D.Watson
2023,2023_07_CLE_IND,IND,00-0035289,27,0.7342462386582902,G.Minshew
2023,2023_07_DET_BAL,BAL,00-0034796,27,25.26283567451173,L.Jackson
2023,2023_07_DET_BAL,BAL,00-0035993,1,-0.9280543375061824,T.Huntley
2023,2023_07_DET_BAL,DET,00-0033106,59,-13.326357203666586,J.Goff
2023,2023_07_GB_DEN,DEN,00-0029263,30,4.095713499630485,R.Wilson
2023,2023_07_GB_DEN,GB,00-0036264,31,7.5664805464003715,J.Love
2023,2023_07_GB_DEN,GB,00-0038393,1,0.8892822902998887,D.Wicks
2023,2023_07_JAX_NO,JAX,00-0034437,1,2.5643760072416626,L.Cooke
2023,2023_07_JAX_NO,JAX,00-0036971,29,4.5950666462427945,T.Lawrence
2023,2023_07_JAX_NO,NO,00-0031280,57,-15.79771141964793,D.Carr
2023,2023_07_LAC_KC,KC,00-0033873,43,22.31995404173889,P.Mahomes
2023,2023_07_LAC_KC,LAC,00-0036355,35,0.5402288636620121,J.Herbert
2023,2023_07_LV_CHI,CHI,00-0033958,1,-0.094426492229104,N.Peterman
2023,2023_07_LV_CHI,CHI,00-0038416,30,5.508855066349271,T.Bagent
2023,2023_07_LV_CHI,LV,00-0026625,33,-13.533031918403136,B.Hoyer
2023,2023_07_LV_CHI,LV,00-0038579,14,3.0453352402402087,A.O'Connell
2023,2023_07_MIA_PHI,MIA,00-0034418,1,-1.3574523675488308,C.Wilson
2023,2023_07_MIA_PHI,MIA,00-0036212,35,-3.8402599184064217,T.Tagovailoa
2023,2023_07_MIA_PHI,PHI,00-0036389,34,2.172574536059983,J.Hurts
2023,2023_07_PIT_LA,LA,00-0026498,32,-2.537840504016092,M.Stafford
2023,2023_07_PIT_LA,PIT,00-0038102,27,0.6385510045254286,K.Pickett
2023,2023_07_SF_MIN,MIN,00-0029604,44,13.05572469308527,K.Cousins
2023,2023_07_SF_MIN,SF,00-0037834,30,8.451052933804736,B.Purdy
2023,2023_07_WAS_NYG,NYG,00-0028118,33,4.930734614199577,T.Taylor
2023,2023_07_WAS_NYG,WAS,00-0037077,48,-14.697246201267244,S.Howell
2023,2023_08_ATL_TEN,ATL,00-0031800,22,6.048243212197201,T.Heinicke
2023,2023_08_ATL_TEN,ATL,00-0033858,1,-0.8618303572875448,J.Smith
2023,2023_08_ATL_TEN,ATL,00-0038122,17,-10.739259789815335,D.Ridder
2023,2023_08_ATL_TEN,TEN,00-0039152,31,5.93669582210714,W.Levis
2023,2023_08_BAL_ARI,ARI,00-0033949,40,-9.691719452253777,J.Dobbs
2023,2023_08_BAL_ARI,BAL,00-0034796,31,-4.98437022745088,L.Jackson
2023,2023_08_CHI_LAC,CHI,00-0038416,39,-9.57190470393095,T.Bagent
2023,2023_08_CHI_LAC,LAC,00-0036355,40,17.087563478392997,J.Herbert
2023,2023_08_CIN_SF,CIN,00-0036442,35,13.392601461227596,J.Burrow
2023,2023_08_CIN_SF,SF,00-0037834,33,-2.851934379665181,B.Purdy
2023,2023_08_CLE_SEA,CLE,00-0033275,34,-5.688340737857574,P.Walker
2023,2023_08_CLE_SEA,CLE,00-0038583,1,0.6945670462446287,D.Thompson-Robinson
2023,2023_08_CLE_SEA,SEA,00-0030565,38,2.6245567447569806,G.Smith
2023,2023_08_HOU_CAR,CAR,00-0039150,37,-0.3340692363736806,B.Young
2023,2023_08_HOU_CAR,HOU,00-0039163,27,1.4899864267646334,C.Stroud
2023,2023_08_JAX_PIT,JAX,00-0036971,35,7.139634887643098,T.Lawrence
2023,2023_08_JAX_PIT,PIT,00-0033869,28,-7.244919516553637,M.Trubisky
2023,2023_08_JAX_PIT,PIT,00-0038102,17,-6.398177648077837,K.Pickett
2023,2023_08_KC_DEN,DEN,00-0029263,25,-4.844787587041258,R.Wilson
2023,2023_08_KC_DEN,KC,00-0033873,41,-10.966318837583817,P.Mahomes
2023,2023_08_LA_DAL,DAL,00-0033077,34,11.593556129590606,D.Prescott
2023,2023_08_LA_DAL,DAL,00-0033662,3,-2.317252834211104,C.Rush
2023,2023_08_LA_DAL,LA,00-0026498,24,-5.925713984668223,M.Stafford
2023,2023_08_LA_DAL,LA,00-0034955,11,-5.129441424680408,B.Rypien
2023,2023_08_LA_DAL,LA,00-0036849,1,1.053,T.Atwell
2023,2023_08_LV_DET,DET,00-0033106,37,2.399114062233902,J.Goff
2023,2023_08_LV_DET,DET,00-0036963,1,-1.9745741735678168,A.St. Brown
2023,2023_08_LV_DET,LV,00-0031345,27,-24.156507637933828,J.Garoppolo
2023,2023_08_MIN_GB,GB,00-0036264,45,-7.905982737080194,J.Love
2023,2023_08_MIN_GB,MIN,00-0029604,33,19.499932799483048,K.Cousins
2023,2023_08_MIN_GB,MIN,00-0038598,5,-2.580854845873546,J.Hall
2023,2023_08_NE_MIA,MIA,00-0036212,47,12.581885234021849,T.Tagovailoa
2023,2023_08_NE_MIA,NE,00-0036972,32,-9.12733173041946,M.Jones
2023,2023_08_NO_IND,IND,00-0035289,43,-2.0379720588497103,G.Minshew
2023,2023_08_NO_IND,NO,00-0031280,28,13.525134789408185,D.Carr
2023,2023_08_NO_IND,NO,00-0033357,2,2.595579115615692,T.Hill
2023,2023_08_NYJ_NYG,NYG,00-0028118,9,-10.349500579329142,T.Taylor
2023,2023_08_NYJ_NYG,NYG,00-0038476,9,-6.947000161278993,T.DeVito
2023,2023_08_NYJ_NYG,NYJ,00-0037013,39,-14.663178603921551,Z.Wilson
2023,2023_08_PHI_WAS,PHI,00-0036389,40,23.611318518510917,J.Hurts
2023,2023_08_PHI_WAS,WAS,00-0037077,53,3.582623646652792,S.Howell
2023,2023_08_TB_BUF,BUF,00-0034857,42,1.8202115608550784,J.Allen
2023,2023_08_TB_BUF,TB,00-0034855,45,-1.0801537833780106,B.Mayfield
2023,2023_09_ARI_CLE,ARI,00-0038582,27,-32.76908288651612,C.Tune
2023,2023_09_ARI_CLE,CLE,00-0033537,30,1.0012140903082267,D.Watson
2023,2023_09_BUF_CIN,BUF,00-0034857,40,4.649652031051859,J.Allen
2023,2023_09_BUF_CIN,CIN,00-0036442,45,12.65865346840559,J.Burrow
2023,2023_09_CHI_NO,CHI,00-0038416,32,-3.6926080370794896,T.Bagent
2023,2023_09_CHI_NO,NO,00-0031280,34,2.713006294238157,D.Carr
2023,2023_09_CHI_NO,NO,00-0033357,1,0.8065087035065517,T.Hill
2023,2023_09_DAL_PHI,DAL,00-0033077,49,12.918436241445182,D.Prescott
2023,2023_09_DAL_PHI,PHI,00-0036389,26,8.435014081711415,J.Hurts
2023,2023_09_IND_CAR,CAR,00-0039150,43,-24.65282764094532,B.Young
2023,2023_09_IND_CAR,IND,00-0035289,27,-1.0497175877787497,G.Minshew
2023,2023_09_LAC_NYJ,LAC,00-0036355,35,-6.611584542193967,J.Herbert
2023,2023_09_LAC_NYJ,NYJ,00-0037013,57,-19.13270812645457,Z.Wilson
2023,2023_09_LA_GB,GB,00-0036264,29,8.012475685359558,J.Love
2023,2023_09_LA_GB,LA,00-0034955,29,-14.595850082733032,B.Rypien
2023,2023_09_MIA_KC,KC,00-0033873,32,1.3612226745462976,P.Mahomes
2023,2023_09_MIA_KC,MIA,00-0036212,37,0.5236871447996236,T.Tagovailoa
2023,2023_09_MIN_ATL,ATL,00-0031800,38,-1.3047191328881027,T.Heinicke
2023,2023_09_MIN_ATL,MIN,00-0033949,34,-3.916575328276971,J.Dobbs
2023,2023_09_MIN_ATL,MIN,00-0036414,1,-1.51879248971818,C.Akers
2023,2023_09_MIN_ATL,MIN,00-0038598,6,4.896502905612579,J.Hall
2023,2023_09_NYG_LV,LV,00-0038579,25,7.603048639668113,A.O'Connell
2023,2023_09_NYG_LV,NYG,00-0035710,11,-4.144154457608238,D.Jones
2023,2023_09_NYG_LV,NYG,00-0038115,1,-0.947,D.Bellinger
2023,2023_09_NYG_LV,NYG,00-0038476,26,-14.882968198391607,T.DeVito
2023,2023_09_SEA_BAL,BAL,00-0034796,26,-3.3770014143561653,L.Jackson
2023,2023_09_SEA_BAL,BAL,00-0035993,7,5.176841295120539,T.Huntley
2023,2023_09_SEA_BAL,SEA,00-0030565,32,-14.661981639171309,G.Smith
2023,2023_09_TB_HOU,HOU,00-0039163,45,27.64180092026526,C.Stroud
2023,2023_09_TB_HOU,TB,00-0034855,32,10.579215147870128,B.Mayfield
2023,2023_09_TEN_PIT,PIT,00-0038102,30,3.3539545370808663,K.Pickett
2023,2023_09_TEN_PIT,TEN,00-0039152,42,-3.535381294981041,W.Levis
2023,2023_09_WAS_NE,NE,00-0036972,44,-6.030163121383092,M.Jones
2023,2023_09_WAS_NE,WAS,00-0037077,48,5.039729462119961,S.Howell
2023,2023_10_ATL_ARI,ARI,00-0035228,35,-6.457303714336204,K.Murray
2023,2023_10_ATL_ARI,ATL,00-0031800,18,-7.530447752532551,T.Heinicke
2023,2023_10_ATL_ARI,ATL,00-0038122,7,1.5387614090433344,D.Ridder
2023,2023_10_CAR_CHI,CAR,00-0039150,41,-8.250408326359667,B.Young
2023,2023_10_CAR_CHI,CHI,00-0038416,33,-2.019608180303595,T.Bagent
2023,2023_10_CLE_BAL,BAL,00-0034796,26,-5.893444059215654,L.Jackson
2023,2023_10_CLE_BAL,CLE,00-0033275,1,-0.2794255707995035,P.Walker
2023,2023_10_CLE_BAL,CLE,00-0033537,38,-0.1923484141191314,D.Watson
2023,2023_10_DEN_BUF,BUF,00-0034857,27,-3.9883880485575647,J.Allen
2023,2023_10_DEN_BUF,DEN,00-0029263,33,5.758063172628668,R.Wilson
2023,2023_10_DET_LAC,DET,00-0033106,33,14.826729859458284,J.Goff
2023,2023_10_DET_LAC,LAC,00-0036355,40,14.587980706253925,J.Herbert
2023,2023_10_GB_PIT,GB,00-0036264,40,5.312812427641839,J.Love
2023,2023_10_GB_PIT,PIT,00-0038102,24,-5.687628693613217,K.Pickett
2023,2023_10_HOU_CIN,CIN,00-0036442,44,3.1982571250112413,J.Burrow
2023,2023_10_HOU_CIN,HOU,00-0039163,40,5.137883713780643,C.Stroud
2023,2023_10_IND_NE,IND,00-0035289,28,2.417548161858106,G.Minshew
2023,2023_10_IND_NE,NE,00-0036972,25,-3.619902146221295,M.Jones
2023,2023_10_IND_NE,NE,00-0038108,7,-0.8285839124000631,B.Zappe
2023,2023_10_NO_MIN,MIN,00-0033949,35,8.31462603116892,J.Dobbs
2023,2023_10_NO_MIN,NO,00-0031280,20,-2.3130262496371943,D.Carr
2023,2023_10_NO_MIN,NO,00-0031503,26,-4.560712916892953,J.Winston
2023,2023_10_NYG_DAL,DAL,00-0033077,35,16.128327141632326,D.Prescott
2023,2023_10_NYG_DAL,DAL,00-0033662,9,-0.2904511610977351,C.Rush
2023,2023_10_NYG_DAL,NYG,00-0038476,32,-11.90789586554446,T.DeVito
2023,2023_10_NYJ_LV,LV,00-0038579,30,-9.807394982754028,A.O'Connell
2023,2023_10_NYJ_LV,NYJ,00-0037013,41,-4.123176070408278,Z.Wilson
2023,2023_10_NYJ_LV,NYJ,00-0037740,1,-0.4334826015401631,G.Wilson
2023,2023_10_SF_JAX,JAX,00-0033936,2,-1.0978968928102404,C.Beathard
2023,2023_10_SF_JAX,JAX,00-0034775,1,-0.5167164581362158,C.Kirk
2023,2023_10_SF_JAX,JAX,00-0036971,34,-17.344053464164666,T.Lawrence
2023,2023_10_SF_JAX,SF,00-0034869,2,-2.4168919341173023,S.Darnold
2023,2023_10_SF_JAX,SF,00-0037834,28,17.11725111317794,B.Purdy
2023,2023_10_TEN_TB,TB,00-0034855,32,7.865437767983115,B.Mayfield
2023,2023_10_TEN_TB,TEN,00-0039152,43,-11.563321911684696,W.Levis
2023,2023_10_WAS_SEA,SEA,00-0030565,47,4.817229818530498,G.Smith
2023,2023_10_WAS_SEA,WAS,00-0037077,47,11.658417408175437,S.Howell
2023,2023_11_ARI_HOU,ARI,00-0035228,33,-6.826709361931806,K.Murray
2023,2023_11_ARI_HOU,HOU,00-0036898,1,-0.95239889761433,D.Mills
2023,2023_11_ARI_HOU,HOU,00-0038977,1,-0.7774166874005459,N.Dell
2023,2023_11_ARI_HOU,HOU,00-0039163,40,3.795734735649568,C.Stroud
2023,2023_11_CHI_DET,CHI,00-0036945,25,4.194769059140295,J.Fields
2023,2023_11_CHI_DET,DET,00-0033106,38,-1.092054559397977,J.Goff
2023,2023_11_CIN_BAL,BAL,00-0034796,29,8.243131167493246,L.Jackson
2023,2023_11_CIN_BAL,CIN,00-0035100,17,-5.374978195216586,J.Browning
2023,2023_11_CIN_BAL,CIN,00-0036442,19,2.915514098940072,J.Burrow
2023,2023_11_DAL_CAR,CAR,00-0039150,36,-18.73243090448309,B.Young
2023,2023_11_DAL_CAR,DAL,00-0033077,38,7.6395618677019,D.Prescott
2023,2023_11_DAL_CAR,DAL,00-0033662,3,-1.0920929117128253,C.Rush
2023,2023_11_LAC_GB,GB,00-0036264,43,10.750950282512571,J.Love
2023,2023_11_LAC_GB,LAC,00-0036355,38,5.060112854914548,J.Herbert
2023,2023_11_LV_MIA,LV,00-0038579,43,-9.57663344397134,A.O'Connell
2023,2023_11_LV_MIA,MIA,00-0036212,40,4.769229019801378,T.Tagovailoa
2023,2023_11_MIN_DEN,DEN,00-0029263,37,1.4860982910168277,R.Wilson
2023,2023_11_MIN_DEN,MIN,00-0033949,34,1.061477755532914,J.Dobbs
2023,2023_11_NYG_WAS,NYG,00-0038476,35,3.808219777303748,T.DeVito
2023,2023_11_NYG_WAS,WAS,00-0037077,49,-8.88358981184046,S.Howell
2023,2023_11_NYJ_BUF,BUF,00-0034857,33,12.000879541489958,J.Allen
2023,2023_11_NYJ_BUF,NYJ,00-0027114,1,2.6709000263363123,T.Morstead
2023,2023_11_NYJ_BUF,NYJ,00-0034177,15,-7.643585715384688,T.Boyle
2023,2023_11_NYJ_BUF,NYJ,00-0037013,21,-8.557984552185982,Z.Wilson
2023,2023_11_PHI_KC,KC,00-0033873,43,-8.295653596811462,P.Mahomes
2023,2023_11_PHI_KC,PHI,00-0036389,27,-3.4149417451117188,J.Hurts
2023,2023_11_PIT_CLE,CLE,00-0038583,42,-9.267468995438737,D.Thompson-Robinson
2023,2023_11_PIT_CLE,PIT,00-0038102,31,-11.89154918366694,K.Pickett
2023,2023_11_SEA_LA,LA,00-0026498,32,-4.574814941957867,M.Stafford
2023,2023_11_SEA_LA,SEA,00-0030565,35,5.138461157394339,G.Smith
2023,2023_11_SEA_LA,SEA,00-0035704,6,-5.48228724184446,D.Lock
2023,2023_11_TB_SF,SF,00-0037834,29,15.87038970358464,B.Purdy
2023,2023_11_TB_SF,TB,00-0034855,49,-9.188732027629158,B.Mayfield
2023,2023_11_TEN_JAX,JAX,00-0036971,33,16.51056056429875,T.Lawrence
2023,2023_11_TEN_JAX,TEN,00-0039152,19,2.9629585499642417,W.Levis
2023,2023_12_BAL_LAC,BAL,00-0034796,34,-3.558443205733816,L.Jackson
2023,2023_12_BAL_LAC,LAC,00-0036355,47,-11.907626775650716,J.Herbert
2023,2023_12_BUF_PHI,BUF,00-0034857,52,7.660534720481226,J.Allen
2023,2023_12_BUF_PHI,PHI,00-0036389,33,0.0871955418921177,J.Hurts
2023,2023_12_CAR_TEN,CAR,00-0039150,35,-4.867258823719059,B.Young
2023,2023_12_CAR_TEN,TEN,00-0039152,28,-0.4362795581982936,W.Levis
2023,2023_12_CHI_MIN,CHI,00-0036945,40,-5.58729195784216,J.Fields
2023,2023_12_CHI_MIN,MIN,00-0033949,34,-23.790539162216252,J.Dobbs
2023,2023_12_CLE_DEN,CLE,00-0033275,17,-11.402487118903082,P.Walker
2023,2023_12_CLE_DEN,CLE,00-0038583,30,-0.9488359401899856,D.Thompson-Robinson
2023,2023_12_CLE_DEN,DEN,00-0029263,23,4.45424141373951,R.Wilson
2023,2023_12_GB_DET,DET,00-0033106,48,-4.387493225352839,J.Goff
2023,2023_12_GB_DET,GB,00-0036264,32,12.759378605006113,J.Love
2023,2023_12_GB_DET,GB,00-0037816,1,-0.947,R.Doubs
2023,2023_12_JAX_HOU,HOU,00-0039163,40,0.7591409554233532,C.Stroud
2023,2023_12_JAX_HOU,JAX,00-0036971,39,12.490231914085662,T.Lawrence
2023,2023_12_KC_LV,KC,00-0033873,35,12.58739586226176,P.Mahomes
2023,2023_12_KC_LV,LV,00-0034960,1,-0.8259646277874708,J.Meyers
2023,2023_12_KC_LV,LV,00-0038579,34,4.325248748179089,A.O'Connell
2023,2023_12_LA_ARI,ARI,00-0035228,50,-14.264040873352766,K.Murray
2023,2023_12_LA_ARI,LA,00-0026498,33,13.204231557474376,M.Stafford
2023,2023_12_MIA_NYJ,MIA,00-0036212,31,4.467057705718668,T.Tagovailoa
2023,2023_12_MIA_NYJ,NYJ,00-0034177,45,-18.66758491814835,T.Boyle
2023,2023_12_NE_NYG,NE,00-0036972,22,-9.911773824656848,M.Jones
2023,2023_12_NE_NYG,NE,00-0038108,15,-6.4132949726772495,B.Zappe
2023,2023_12_NE_NYG,NYG,00-0038476,31,-1.824021166448882,T.DeVito
2023,2023_12_NO_ATL,ATL,00-0038122,21,-2.746315741154831,D.Ridder
2023,2023_12_NO_ATL,NO,00-0031280,39,-1.2685188326217414,D.Carr
2023,2023_12_PIT_CIN,CIN,00-0035100,30,-2.747910093474186,J.Browning
2023,2023_12_PIT_CIN,PIT,00-0038102,35,11.777032637398312,K.Pickett
2023,2023_12_SF_SEA,SEA,00-0030565,33,-11.940727955094662,G.Smith
2023,2023_12_SF_SEA,SF,00-0035719,1,-0.4431877873139456,D.Samuel
2023,2023_12_SF_SEA,SF,00-0037834,31,0.7482287154365754,B.Purdy
2023,2023_12_TB_IND,IND,00-0035289,43,-0.0971001128042523,G.Minshew
2023,2023_12_TB_IND,TB,00-0034855,36,-7.509872112456654,B.Mayfield
2023,2023_12_TB_IND,TB,00-0036928,1,-1.8803028730234743,K.Trask
2023,2023_12_WAS_DAL,DAL,00-0033077,33,19.24523962637558,D.Prescott
2023,2023_12_WAS_DAL,WAS,00-0037077,48,-12.348847936825509,S.Howell
2023,2023_13_ARI_PIT,ARI,00-0035228,25,1.144690662534536,K.Murray
2023,2023_13_ARI_PIT,PIT,00-0033869,17,8.028602926241097,M.Trubisky
2023,2023_13_ARI_PIT,PIT,00-0038102,10,-0.4800470601178337,K.Pickett
2023,2023_13_ATL_NYJ,ATL,00-0038122,30,-3.778801962090527,D.Ridder
2023,2023_13_ATL_NYJ,NYJ,00-0032156,16,-7.564943343139021,T.Siemian
2023,2023_13_ATL_NYJ,NYJ,00-0034177,26,-4.676407473485347,T.Boyle
2023,2023_13_CAR_TB,CAR,00-0039150,35,-5.070967915060464,B.Young
2023,2023_13_CAR_TB,TB,00-0034855,30,-3.701134300499689,B.Mayfield
2023,2023_13_CIN_JAX,CIN,00-0033009,1,-6.527068739582319,T.Boyd
2023,2023_13_CIN_JAX,CIN,00-0035100,39,19.50506688831062,J.Browning
2023,2023_13_CIN_JAX,CIN,00-0036900,1,-2.102857018588111,J.Chase
2023,2023_13_CIN_JAX,JAX,00-0033936,12,0.9100369421664872,C.Beathard
2023,2023_13_CIN_JAX,JAX,00-0036971,31,10.467320891881942,T.Lawrence
2023,2023_13_CLE_LA,CLE,00-0026158,46,-7.791563930410868,J.Flacco
2023,2023_13_CLE_LA,LA,00-0026498,37,5.3191237424953215,M.Stafford
2023,2023_13_DEN_HOU,DEN,00-0029263,29,-14.968118985611405,R.Wilson
2023,2023_13_DEN_HOU,HOU,00-0036898,1,1.542847081553191,D.Mills
2023,2023_13_DEN_HOU,HOU,00-0039163,33,0.3017771724285545,C.Stroud
2023,2023_13_DET_NO,DET,00-0033106,27,7.492438044373312,J.Goff
2023,2023_13_DET_NO,NO,00-0031280,24,7.331379322044086,D.Carr
2023,2023_13_DET_NO,NO,00-0031503,5,0.1132375627639703,J.Winston
2023,2023_13_DET_NO,NO,00-0033357,2,-1.4256790415383875,T.Hill
2023,2023_13_IND_TEN,IND,00-0035289,46,2.043761869994217,G.Minshew
2023,2023_13_IND_TEN,TEN,00-0039152,39,0.1449495846555211,W.Levis
2023,2023_13_KC_GB,GB,00-0036264,38,15.392143603934803,J.Love
2023,2023_13_KC_GB,KC,00-0033873,36,3.947734712972335,P.Mahomes
2023,2023_13_LAC_NE,LAC,00-0036355,37,2.007862655023166,J.Herbert
2023,2023_13_LAC_NE,NE,00-0038108,30,-15.719805817992892,B.Zappe
2023,2023_13_MIA_WAS,MIA,00-0034401,1,-1.0640873379306868,M.White
2023,2023_13_MIA_WAS,MIA,00-0036212,24,19.67799806176171,T.Tagovailoa
2023,2023_13_MIA_WAS,WAS,00-0037077,27,-13.021273457233676,S.Howell
2023,2023_13_SEA_DAL,DAL,00-0033077,46,14.823497584657996,D.Prescott
2023,2023_13_SEA_DAL,SEA,00-0030565,40,11.755358941445593,G.Smith
2023,2023_13_SEA_DAL,SEA,00-0036425,1,-0.5178517469903454,D.Dallas
2023,2023_13_SF_PHI,PHI,00-0032268,3,-0.3476434804033488,M.Mariota
2023,2023_13_SF_PHI,PHI,00-0036389,49,9.313577223235749,J.Hurts
2023,2023_13_SF_PHI,SF,00-0037834,29,22.32971140131121,B.Purdy
2023,2023_14_BUF_KC,BUF,00-0034857,44,-1.9784441793941463,J.Allen
2023,2023_14_BUF_KC,KC,00-0033873,44,-2.9969492363316514,P.Mahomes
2023,2023_14_CAR_NO,CAR,00-0039150,40,-31.29169722110805,B.Young
2023,2023_14_CAR_NO,NO,00-0031280,27,-9.563635846828335,D.Carr
2023,2023_14_DEN_LAC,DEN,00-0029263,35,-2.21562039923466,R.Wilson
2023,2023_14_DEN_LAC,LAC,00-0030279,1,-0.4535154732293449,K.Allen
2023,2023_14_DEN_LAC,LAC,00-0035282,26,-6.7211686507216655,E.Stick
2023,2023_14_DEN_LAC,LAC,00-0036355,21,-19.54357248696033,J.Herbert
2023,2023_14_DET_CHI,CHI,00-0036945,37,1.9988508168047563,J.Fields
2023,2023_14_DET_CHI,DET,00-0033106,39,-6.335564998094924,J.Goff
2023,2023_14_GB_NYG,GB,00-0036264,41,-0.2179134213447895,J.Love
2023,2023_14_GB_NYG,NYG,00-0038476,21,5.1811854265103605,T.DeVito
2023,2023_14_HOU_NYJ,HOU,00-0036898,6,-9.069208267668728,D.Mills
2023,2023_14_HOU_NYJ,HOU,00-0039163,27,-16.43346299935365,C.Stroud
2023,2023_14_HOU_NYJ,NYJ,00-0037013,40,7.829823942284432,Z.Wilson
2023,2023_14_IND_CIN,CIN,00-0031288,1,-1.6931319367140532,A.McCarron
2023,2023_14_IND_CIN,CIN,00-0035100,24,7.979605776898097,J.Browning
2023,2023_14_IND_CIN,IND,00-0035289,43,0.6185343260919751,G.Minshew
2023,2023_14_JAX_CLE,CLE,00-0026158,46,-1.6544217481042307,J.Flacco
2023,2023_14_JAX_CLE,JAX,00-0036971,55,-7.259173207261367,T.Lawrence
2023,2023_14_LA_BAL,BAL,00-0034796,46,12.61282590244934,L.Jackson
2023,2023_14_LA_BAL,LA,00-0026498,44,5.60173018331353,M.Stafford
2023,2023_14_MIN_LV,LV,00-0038579,36,-19.20355119294254,A.O'Connell
2023,2023_14_MIN_LV,MIN,00-0033319,13,1.6778485485701822,N.Mullens
2023,2023_14_MIN_LV,MIN,00-0033949,28,-13.79923919798222,J.Dobbs
2023,2023_14_NE_PIT,NE,00-0038108,30,1.2988814690033903,B.Zappe
2023,2023_14_NE_PIT,PIT,00-0033869,38,-15.45474410171584,M.Trubisky
2023,2023_14_NE_PIT,PIT,00-0037304,1,-0.2526100490649696,Co.Heyward
2023,2023_14_PHI_DAL,DAL,00-0033077,42,-0.0549843039693869,D.Prescott
2023,2023_14_PHI_DAL,PHI,00-0036313,1,4.209326545824297,B.Mann
2023,2023_14_PHI_DAL,PHI,00-0036389,28,2.5487039626868744,J.Hurts
2023,2023_14_SEA_SF,SEA,00-0035704,36,-1.1833125089323149,D.Lock
2023,2023_14_SEA_SF,SF,00-0037834,30,12.758138486300597,B.Purdy
2023,2023_14_TB_ATL,ATL,00-0038122,43,-2.373047599169735,D.Ridder
2023,2023_14_TB_ATL,TB,00-0034855,30,2.4492407522937616,B.Mayfield
2023,2023_14_TEN_MIA,MIA,00-0036212,38,-7.438043209396786,T.Tagovailoa
2023,2023_14_TEN_MIA,TEN,00-0039152,40,8.76507234698824,W.Levis
2023,2023_15_ATL_CAR,ATL,00-0038122,20,3.120557009911863,D.Ridder
2023,2023_15_ATL_CAR,CAR,00-0039150,27,-3.88388326859889,B.Young
2023,2023_15_BAL_JAX,BAL,00-0034796,27,-3.565044596736317,L.Jackson
2023,2023_15_BAL_JAX,JAX,00-0036971,44,-12.136260574116172,T.Lawrence
2023,2023_15_CHI_CLE,CHI,00-0036945,43,-15.480020451794951,J.Fields
2023,2023_15_CHI_CLE,CLE,00-0026158,48,-17.392163456001867,J.Flacco
2023,2023_15_CHI_CLE,CLE,00-0038583,1,2.0642242955509573,D.Thompson-Robinson
2023,2023_15_DAL_BUF,BUF,00-0034857,16,-0.4609956982137855,J.Allen
2023,2023_15_DAL_BUF,DAL,00-0033077,37,-12.449003155246528,D.Prescott
2023,2023_15_DEN_DET,DEN,00-0029263,34,-2.392981426266488,R.Wilson
2023,2023_15_DEN_DET,DET,00-0033106,36,15.231727600214072,J.Goff
2023,2023_15_HOU_TEN,HOU,00-0028986,39,-2.5340544037528776,C.Keenum
2023,2023_15_HOU_TEN,HOU,00-0036898,1,-0.182974533556262,D.Mills
2023,2023_15_HOU_TEN,TEN,00-0039152,33,-5.730502565711504,W.Levis
2023,2023_15_KC_NE,KC,00-0031376,1,1.1053474548389204,J.McKinnon
2023,2023_15_KC_NE,KC,00-0033873,40,2.10937851810888,P.Mahomes
2023,2023_15_KC_NE,NE,00-0038108,35,-12.91829583833274,B.Zappe
2023,2023_15_LAC_LV,LAC,00-0035282,35,-10.32050233357586,E.Stick
2023,2023_15_LAC_LV,LV,00-0034960,2,1.6937964668031782,J.Meyers
2023,2023_15_LAC_LV,LV,00-0038579,35,10.630083312629722,A.O'Connell
2023,2023_15_MIN_CIN,CIN,00-0034613,1,-2.26438159962378,T.Hudson
2023,2023_15_MIN_CIN,CIN,00-0035100,46,10.253093997918768,J.Browning
2023,2023_15_MIN_CIN,MIN,00-0033319,36,11.740158662526127,N.Mullens
2023,2023_15_MIN_CIN,MIN,00-0036322,1,-0.3933257705648429,J.Jefferson
2023,2023_15_NYG_NO,NO,00-0031280,29,9.94775139906002,D.Carr
2023,2023_15_NYG_NO,NO,00-0033357,1,-0.5991178345866501,T.Hill
2023,2023_15_NYG_NO,NYG,00-0028118,3,0.0929630723549053,T.Taylor
2023,2023_15_NYG_NO,NYG,00-0038476,41,-14.636729936639313,T.DeVito
2023,2023_15_NYJ_MIA,MIA,00-0034401,2,-1.890100583666936,M.White
2023,2023_15_NYJ_MIA,MIA,00-0036212,27,9.223429321831444,T.Tagovailoa
2023,2023_15_NYJ_MIA,NYJ,00-0032156,28,-9.411222703638488,T.Siemian
2023,2023_15_NYJ_MIA,NYJ,00-0037013,15,-13.859405201656044,Z.Wilson
2023,2023_15_PHI_SEA,PHI,00-0036389,31,1.71635226032231,J.Hurts
2023,2023_15_PHI_SEA,SEA,00-0035704,35,3.265447533214444,D.Lock
2023,2023_15_PIT_IND,IND,00-0035289,31,-0.6965998019654949,G.Minshew
2023,2023_15_PIT_IND,PIT,00-0033869,26,-2.4031188849476166,M.Trubisky
2023,2023_15_PIT_IND,PIT,00-0034771,4,-5.6805059256148525,M.Rudolph
2023,2023_15_SF_ARI,ARI,00-0035228,43,-7.355165062213151,K.Murray
2023,2023_15_SF_ARI,SF,00-0034869,3,0.0426069239148967,S.Darnold
2023,2023_15_SF_ARI,SF,00-0037834,24,18.233205841388557,B.Purdy
2023,2023_15_TB_GB,GB,00-0036264,41,3.926120546559818,J.Love
2023,2023_15_TB_GB,TB,00-0034855,33,23.46660046726831,B.Mayfield
2023,2023_15_WAS_LA,LA,00-0026498,36,7.874736452077674,M.Stafford
2023,2023_15_WAS_LA,WAS,00-0033119,10,9.427990246273112,J.Brissett
2023,2023_15_WAS_LA,WAS,00-0037077,27,-12.578237459412776,S.Howell
2023,2023_16_ARI_CHI,ARI,00-0035228,40,-6.597582217263283,K.Murray
2023,2023_16_ARI_CHI,CHI,00-0036945,28,-3.621005084270454,J.Fields
2023,2023_16_BAL_SF,BAL,00-0034796,37,4.920349201298974,L.Jackson
2023,2023_16_BAL_SF,SF,00-0034869,16,-0.6477612565504387,S.Darnold
2023,2023_16_BAL_SF,SF,00-0037834,34,-18.069514673683724,B.Purdy
2023,2023_16_BUF_LAC,BUF,00-0034857,22,10.033300907642117,J.Allen
2023,2023_16_BUF_LAC,LAC,00-0035282,38,-1.0849161199779078,E.Stick
2023,2023_16_CIN_PIT,CIN,00-0035100,46,-7.586249561096868,J.Browning
2023,2023_16_CIN_PIT,PIT,00-0034771,28,8.335159954724112,M.Rudolph
2023,2023_16_CLE_HOU,CLE,00-0026158,43,20.08598806466046,J.Flacco
2023,2023_16_CLE_HOU,CLE,00-0038583,3,-4.293592726578936,D.Thompson-Robinson
2023,2023_16_CLE_HOU,HOU,00-0028986,20,-18.117274977848865,C.Keenum
2023,2023_16_CLE_HOU,HOU,00-0036898,32,3.6321571189328097,D.Mills
2023,2023_16_DAL_MIA,DAL,00-0033077,36,8.432478624566755,D.Prescott
2023,2023_16_DAL_MIA,MIA,00-0036212,38,7.294361547796323,T.Tagovailoa
2023,2023_16_DET_MIN,DET,00-0033106,41,14.274304325256995,J.Goff
2023,2023_16_DET_MIN,MIN,00-0033319,39,5.961937935033348,N.Mullens
2023,2023_16_GB_CAR,CAR,00-0039150,37,12.228139060598886,B.Young
2023,2023_16_GB_CAR,GB,00-0036264,29,11.282902940933514,J.Love
2023,2023_16_IND_ATL,ATL,00-0031800,33,7.691971271793335,T.Heinicke
2023,2023_16_IND_ATL,IND,00-0035289,43,-8.085402387826932,G.Minshew
2023,2023_16_JAX_TB,JAX,00-0033936,17,-0.7963752247304655,C.Beathard
2023,2023_16_JAX_TB,JAX,00-0036971,33,-5.845182343913382,T.Lawrence
2023,2023_16_JAX_TB,TB,00-0034855,37,12.943090209003838,B.Mayfield
2023,2023_16_LV_KC,KC,00-0033873,48,-14.331734661759542,P.Mahomes
2023,2023_16_LV_KC,KC,00-0035889,1,2.439640676777344,T.Townsend
2023,2023_16_LV_KC,LV,00-0038579,23,-12.96893692768682,A.O'Connell
2023,2023_16_NE_DEN,DEN,00-0029263,43,0.719094607630046,R.Wilson
2023,2023_16_NE_DEN,NE,00-0038108,34,2.9294667781853,B.Zappe
2023,2023_16_NO_LA,LA,00-0026498,35,15.034519595255832,M.Stafford
2023,2023_16_NO_LA,NO,00-0031280,43,1.758674705968704,D.Carr
2023,2023_16_NYG_PHI,NYG,00-0028118,14,0.6892612164956518,T.Taylor
2023,2023_16_NYG_PHI,NYG,00-0038476,17,-6.6646924380415005,T.DeVito
2023,2023_16_NYG_PHI,PHI,00-0036389,39,7.383805972453135,J.Hurts
2023,2023_16_SEA_TEN,SEA,00-0030565,39,11.052164996637064,G.Smith
2023,2023_16_SEA_TEN,TEN,00-0029701,31,-2.5815496064606123,R.Tannehill
2023,2023_16_SEA_TEN,TEN,00-0032764,1,1.896275853679981,D.Henry
2023,2023_16_WAS_NYJ,NYJ,00-0032156,49,-15.972939805726302,T.Siemian
2023,2023_16_WAS_NYJ,WAS,00-0033119,13,6.947744549863273,J.Brissett
2023,2023_16_WAS_NYJ,WAS,00-0037077,23,-23.490221187123097,S.Howell
2023,2023_17_ARI_PHI,ARI,00-0035228,32,9.116396065266414,K.Murray
2023,2023_17_ARI_PHI,PHI,00-0036389,23,11.54995583853046,J.Hurts
2023,2023_17_ARI_PHI,PHI,00-0036919,1,1.2345058486098424,K.Gainwell
2023,2023_17_ATL_CHI,ATL,00-0031800,31,-6.314528683457766,T.Heinicke
2023,2023_17_ATL_CHI,ATL,00-0038122,4,-2.75917106482666,D.Ridder
2023,2023_17_ATL_CHI,CHI,00-0036945,35,5.367985639412293,J.Fields
2023,2023_17_CAR_JAX,CAR,00-0039150,38,-21.465144071611576,B.Young
2023,2023_17_CAR_JAX,JAX,00-0033936,27,5.191076907221023,C.Beathard
2023,2023_17_CIN_KC,CIN,00-0035100,39,0.0672544692590038,J.Browning
2023,2023_17_CIN_KC,KC,00-0033873,31,-0.0302404010209613,P.Mahomes
2023,2023_17_DET_DAL,DAL,00-0033077,41,11.299152896313498,D.Prescott
2023,2023_17_DET_DAL,DET,00-0033106,33,-1.5749107304993624,J.Goff
2023,2023_17_DET_DAL,DET,00-0033557,1,4.1430035991361365,J.Reeves-Maybin
2023,2023_17_GB_MIN,GB,00-0036264,33,14.013365820699596,J.Love
2023,2023_17_GB_MIN,GB,00-0038391,1,2.143626828154084,S.Clifford
2023,2023_17_GB_MIN,MIN,00-0033319,23,-4.196707441064064,N.Mullens
2023,2023_17_GB_MIN,MIN,00-0038598,13,-14.99169085717639,J.Hall
2023,2023_17_LAC_DEN,DEN,00-0035264,34,4.700232412085761,J.Stidham
2023,2023_17_LAC_DEN,LAC,00-0035282,38,1.2128444429971097,E.Stick
2023,2023_17_LA_NYG,LA,00-0026498,38,0.8999966169358231,M.Stafford
2023,2023_17_LA_NYG,NYG,00-0028118,47,-2.7927914008576367,T.Taylor
2023,2023_17_LV_IND,IND,00-0035289,24,11.492219796404244,G.Minshew
2023,2023_17_LV_IND,LV,00-0038579,49,8.476911331376785,A.O'Connell
2023,2023_17_MIA_BAL,BAL,00-0034796,22,28.995928248681597,L.Jackson
2023,2023_17_MIA_BAL,BAL,00-0035993,1,4.22594323719386,T.Huntley
2023,2023_17_MIA_BAL,MIA,00-0036212,42,-1.3889396678963433,T.Tagovailoa
2023,2023_17_NE_BUF,BUF,00-0034857,31,-4.945098244781253,J.Allen
2023,2023_17_NE_BUF,NE,00-0038108,29,-12.082419550110458,B.Zappe
2023,2023_17_NO_TB,NO,00-0031280,33,9.247694994742734,D.Carr
2023,2023_17_NO_TB,NO,00-0033357,2,0.4906856817542575,T.Hill
2023,2023_17_NO_TB,TB,00-0034855,36,6.032737302695867,B.Mayfield
2023,2023_17_NYJ_CLE,CLE,00-0026158,30,6.197573908953928,J.Flacco
2023,2023_17_NYJ_CLE,NYJ,00-0032156,47,-10.637966791807788,T.Siemian
2023,2023_17_PIT_SEA,PIT,00-0034771,25,11.097580417471296,M.Rudolph
2023,2023_17_PIT_SEA,SEA,00-0030565,34,7.223915382146952,G.Smith
2023,2023_17_SF_WAS,SF,00-0034869,1,-1.7085371020948514,S.Darnold
2023,2023_17_SF_WAS,SF,00-0037834,28,12.450718497306733,B.Purdy
2023,2023_17_SF_WAS,WAS,00-0037077,29,-9.632565840491566,S.Howell
2023,2023_17_TEN_HOU,HOU,00-0039163,33,4.086053234528455,C.Stroud
2023,2023_17_TEN_HOU,TEN,00-0029701,25,-2.4355689408452954,R.Tannehill
2023,2023_17_TEN_HOU,TEN,00-0039152,7,-9.646544275106862,W.Levis
2023,2023_18_ATL_NO,ATL,00-0034438,5,-10.079575101757657,L.Woodside
2023,2023_18_ATL_NO,ATL,00-0038122,30,6.867769799828688,D.Ridder
2023,2023_18_ATL_NO,NO,00-0031280,30,14.978746151984351,D.Carr
2023,2023_18_ATL_NO,NO,00-0033357,1,-0.7570095867849886,T.Hill
2023,2023_18_BUF_MIA,BUF,00-0034857,41,3.935817859484814,J.Allen
2023,2023_18_BUF_MIA,MIA,00-0036212,27,1.2538411483401433,T.Tagovailoa
2023,2023_18_BUF_MIA,MIA,00-0039040,1,-1.4337288234382868,D.Achane
2023,2023_18_CHI_GB,CHI,00-0036945,21,-1.293238689303349,J.Fields
2023,2023_18_CHI_GB,GB,00-0036264,33,15.073805185603186,J.Love
2023,2023_18_CLE_CIN,CIN,00-0031288,5,-3.5579401078866795,A.McCarron
2023,2023_18_CLE_CIN,CIN,00-0035100,26,2.503222872829731,J.Browning
2023,2023_18_CLE_CIN,CLE,00-0032436,29,-10.95720804540906,J.Driskel
2023,2023_18_DAL_WAS,DAL,00-0033077,36,22.099422981782563,D.Prescott
2023,2023_18_DAL_WAS,DAL,00-0033662,4,0.9062224575763876,C.Rush
2023,2023_18_DAL_WAS,WAS,00-0036626,1,-0.3058939695474691,D.Brown
2023,2023_18_DAL_WAS,WAS,00-0037077,31,-6.822633927639816,S.Howell
2023,2023_18_DEN_LV,DEN,00-0035264,39,0.3531887839199044,J.Stidham
2023,2023_18_DEN_LV,LV,00-0031345,2,-2.135103028267622,J.Garoppolo
2023,2023_18_DEN_LV,LV,00-0038579,32,11.66505811622419,A.O'Connell
2023,2023_18_HOU_IND,HOU,00-0039163,28,12.062857357430085,C.Stroud
2023,2023_18_HOU_IND,IND,00-0035289,26,-3.512757124496995,G.Minshew
2023,2023_18_JAX_TEN,JAX,00-0036971,43,1.6498609748086892,T.Lawrence
2023,2023_18_JAX_TEN,TEN,00-0029701,28,0.881224628596101,R.Tannehill
2023,2023_18_JAX_TEN,TEN,00-0030564,1,-0.4180150681640953,D.Hopkins
2023,2023_18_KC_LAC,KC,00-0027948,31,-9.437241707955698,B.Gabbert
2023,2023_18_KC_LAC,LAC,00-0035282,50,-15.186350245580387,E.Stick
2023,2023_18_LA_SF,LA,00-0032950,27,8.117853062212934,C.Wentz
2023,2023_18_LA_SF,SF,00-0034869,28,5.6541701486775455,S.Darnold
2023,2023_18_MIN_DET,DET,00-0033106,33,10.87409844600108,J.Goff
2023,2023_18_MIN_DET,MIN,00-0033319,48,-2.615752360415426,N.Mullens
2023,2023_18_NYJ_NE,NE,00-0038108,37,-27.749018961736947,B.Zappe
2023,2023_18_NYJ_NE,NYJ,00-0032156,21,-11.007632592412085,T.Siemian
2023,2023_18_PHI_NYG,NYG,00-0028118,33,9.55054857267519,T.Taylor
2023,2023_18_PHI_NYG,NYG,00-0038476,3,-1.4483296424150467,T.DeVito
2023,2023_18_PHI_NYG,PHI,00-0032268,23,-4.762452383960964,M.Mariota
2023,2023_18_PHI_NYG,PHI,00-0036389,18,-10.87321348884143,J.Hurts
2023,2023_18_PIT_BAL,BAL,00-0035993,32,-4.674275439687568,T.Huntley
2023,2023_18_PIT_BAL,PIT,00-0034771,23,0.573040845541982,M.Rudolph
2023,2023_18_SEA_ARI,ARI,00-0035228,31,14.697530754196652,K.Murray
2023,2023_18_SEA_ARI,SEA,00-0030565,29,6.707846886358095,G.Smith
2023,2023_18_TB_CAR,CAR,00-0039150,21,-5.80218840235935,B.Young
2023,2023_18_TB_CAR,TB,00-0034855,35,-7.991260263885486,B.Mayfield
2023,2023_19_CLE_HOU,CLE,00-0026158,50,-17.7592921051546,J.Flacco
2023,2023_19_CLE_HOU,HOU,00-0036898,1,-1.1828420534729958,D.Mills
2023,2023_19_CLE_HOU,HOU,00-0039163,21,14.46087496833406,C.Stroud
2023,2023_19_GB_DAL,DAL,00-0033077,64,-3.369603093667072,D.Prescott
2023,2023_19_GB_DAL,GB,00-0036264,21,23.940234170295295,J.Love
2023,2023_19_LA_DET,DET,00-0033106,30,11.218379624959285,J.Goff
2023,2023_19_LA_DET,LA,00-0026498,38,18.576054674478726,M.Stafford
2023,2023_19_MIA_KC,KC,00-0033873,41,8.068400205722313,P.Mahomes
2023,2023_19_MIA_KC,MIA,00-0036212,41,-13.944825911836231,T.Tagovailoa
2023,2023_19_PHI_TB,PHI,00-0036389,38,-3.09559066947857,J.Hurts
2023,2023_19_PHI_TB,TB,00-0034855,40,11.523506570300729,B.Mayfield
2023,2023_19_PIT_BUF,BUF,00-0034857,32,3.685538399721668,J.Allen
2023,2023_19_PIT_BUF,PIT,00-0034771,39,-0.782668645664025,M.Rudolph
2023,2023_20_GB_SF,GB,00-0036264,35,-0.1349795474282031,J.Love
2023,2023_20_GB_SF,SF,00-0037834,39,7.166561342612276,B.Purdy
2023,2023_20_HOU_BAL,BAL,00-0034796,25,3.898759590174426,L.Jackson
2023,2023_20_HOU_BAL,HOU,00-0039163,33,-4.314405376955754,C.Stroud
2023,2023_20_KC_BUF,BUF,00-0034857,39,5.781411918336964,J.Allen
2023,2023_20_KC_BUF,KC,00-0033873,23,14.063692492368045,P.Mahomes
2023,2023_20_TB_DET,DET,00-0033106,45,8.110827929340303,J.Goff
2023,2023_20_TB_DET,TB,00-0034855,46,3.86391702017397,B.Mayfield
2023,2023_21_DET_SF,DET,00-0033106,43,6.998413283817362,J.Goff
2023,2023_21_DET_SF,SF,00-0037834,33,6.624599790882831,B.Purdy
2023,2023_21_KC_BAL,BAL,00-0034796,41,-5.030444493832832,L.Jackson
2023,2023_21_KC_BAL,KC,00-0033873,41,7.783350470341216,P.Mahomes
2023,2023_22_SF_KC,KC,00-0033873,49,6.06114717927388,P.Mahomes
2023,2023_22_SF_KC,SF,00-0036259,1,2.9465133666526526,J.Jennings
2023,2023_22_SF_KC,SF,00-0037834,39,6.1979575560893405,B.Purdy
2024,2024_01_ARI_BUF,ARI,00-0035228,35,-1.184849735212116,K.Murray
2024,2024_01_ARI_BUF,BUF,00-0034857,25,9.161098091100992,J.Allen
2024,2024_01_BAL_KC,BAL,00-0034796,42,-2.491159604567032,L.Jackson
2024,2024_01_BAL_KC,KC,00-0033873,30,11.084406207205,P.Mahomes
2024,2024_01_CAR_NO,CAR,00-0027973,1,-0.6210238231578842,A.Dalton
2024,2024_01_CAR_NO,CAR,00-0039150,34,-17.846270702655513,B.Young
2024,2024_01_CAR_NO,NO,00-0031280,24,8.547130642507241,D.Carr
2024,2024_01_CAR_NO,NO,00-0038998,1,-0.5536398805561475,J.Haener
2024,2024_01_DAL_CLE,CLE,00-0033537,51,-23.115656479087196,D.Watson
2024,2024_01_DAL_CLE,DAL,00-0033077,35,-6.667337795562192,D.Prescott
2024,2024_01_DEN_SEA,DEN,00-0039732,44,-18.2777050810312,B.Nix
2024,2024_01_DEN_SEA,SEA,00-0030565,28,-5.73969622205013,G.Smith
2024,2024_01_GB_PHI,GB,00-0036264,35,2.811224767698266,J.Love
2024,2024_01_GB_PHI,GB,00-0038128,2,-0.4375434906105511,M.Willis
2024,2024_01_GB_PHI,PHI,00-0036389,35,10.701968693290835,J.Hurts
2024,2024_01_HOU_IND,HOU,00-0039163,36,7.507696996312891,C.Stroud
2024,2024_01_HOU_IND,IND,00-0039164,21,-3.033125795656815,A.Richardson
2024,2024_01_JAX_MIA,JAX,00-0036971,24,1.7065504872972963,T.Lawrence
2024,2024_01_JAX_MIA,MIA,00-0036212,40,4.323552238676893,T.Tagovailoa
2024,2024_01_LA_DET,DET,00-0033106,30,-4.8084564083650525,J.Goff
2024,2024_01_LA_DET,LA,00-0026498,51,4.536420907523806,M.Stafford
2024,2024_01_LV_LAC,LAC,00-0036355,27,-4.875879753395097,J.Herbert
2024,2024_01_LV_LAC,LV,00-0035289,37,-1.242704641111882,G.Minshew
2024,2024_01_MIN_NYG,MIN,00-0034869,25,9.554716408369131,S.Darnold
2024,2024_01_MIN_NYG,NYG,00-0035710,47,-22.593837722959112,D.Jones
2024,2024_01_NE_CIN,CIN,00-0036442,32,-4.170614777700862,J.Burrow
2024,2024_01_NE_CIN,NE,00-0033119,25,-1.969379734590177,J.Brissett
2024,2024_01_NYJ_SF,NYJ,00-0023459,22,3.2582827980513684,A.Rodgers
2024,2024_01_NYJ_SF,NYJ,00-0028118,9,2.263536552564008,T.Taylor
2024,2024_01_NYJ_SF,SF,00-0035719,1,-2.089831991296666,D.Samuel
2024,2024_01_NYJ_SF,SF,00-0037834,31,6.5013994169793135,B.Purdy
2024,2024_01_PIT_ATL,ATL,00-0029604,27,-10.993093573905886,K.Cousins
2024,2024_01_PIT_ATL,PIT,00-0036945,25,-1.352276713480927,J.Fields
2024,2024_01_TEN_CHI,CHI,00-0039918,32,-12.146704188691032,C.Williams
2024,2024_01_TEN_CHI,TEN,00-0039152,35,-18.17117940797632,W.Levis
2024,2024_01_WAS_TB,TB,00-0034855,31,20.591765050842863,B.Mayfield
2024,2024_01_WAS_TB,WAS,00-0039910,27,-1.7388794818162725,J.Daniels
2024,2024_02_ATL_PHI,ATL,00-0029604,31,9.083101339781052,K.Cousins
2024,2024_02_ATL_PHI,PHI,00-0036389,31,1.803824284088121,J.Hurts
2024,2024_02_BUF_MIA,BUF,00-0034857,19,11.151412883304674,J.Allen
2024,2024_02_BUF_MIA,MIA,00-0036212,26,-10.667231454283115,T.Tagovailoa
2024,2024_02_BUF_MIA,MIA,00-0037327,15,-5.73660835105693,S.Thompson
2024,2024_02_CHI_HOU,CHI,00-0039918,44,-21.561364475864146,C.Williams
2024,2024_02_CHI_HOU,HOU,00-0039163,39,1.6088561200666724,C.Stroud
2024,2024_02_CIN_KC,CIN,00-0036442,39,3.920934920632503,J.Burrow
2024,2024_02_CIN_KC,KC,00-0033873,28,-9.668457253713648,P.Mahomes
2024,2024_02_CLE_JAX,CLE,00-0033537,36,1.245954113845745,D.Watson
2024,2024_02_CLE_JAX,JAX,00-0036971,33,-6.018202037033352,T.Lawrence
2024,2024_02_IND_GB,GB,00-0038128,14,8.98679386245334,M.Willis
2024,2024_02_IND_GB,IND,00-0039164,34,-8.03595453651347,A.Richardson
2024,2024_02_LAC_CAR,CAR,00-0039150,28,-22.052850578564293,B.Young
2024,2024_02_LAC_CAR,LAC,00-0036355,21,1.4336512824779608,J.Herbert
2024,2024_02_LA_ARI,ARI,00-0035228,22,18.101088591167414,K.Murray
2024,2024_02_LA_ARI,LA,00-0026498,32,-11.159592631582589,M.Stafford
2024,2024_02_LV_BAL,BAL,00-0034796,34,0.9741902351427304,L.Jackson
2024,2024_02_LV_BAL,LV,00-0035289,43,-2.416132526708785,G.Minshew
2024,2024_02_NO_DAL,DAL,00-0033077,41,-8.634618191122463,D.Prescott
2024,2024_02_NO_DAL,DAL,00-0033662,3,-1.9856584365479648,C.Rush
2024,2024_02_NO_DAL,NO,00-0031280,17,14.025829735968728,D.Carr
2024,2024_02_NYG_WAS,NYG,00-0035710,31,6.824964155646972,D.Jones
2024,2024_02_NYG_WAS,WAS,00-0039910,34,4.707815975978937,J.Daniels
2024,2024_02_NYJ_TEN,NYJ,00-0023459,32,1.6537689469747647,A.Rodgers
2024,2024_02_NYJ_TEN,TEN,00-0039152,32,-6.44535794708645,W.Levis
2024,2024_02_PIT_DEN,DEN,00-0039732,37,-8.624825167329671,B.Nix
2024,2024_02_PIT_DEN,PIT,00-0036945,22,2.209675965199503,J.Fields
2024,2024_02_SEA_NE,NE,00-0033119,30,-0.1701063295014102,J.Brissett
2024,2024_02_SEA_NE,SEA,00-0030565,46,8.975614928582218,G.Smith
2024,2024_02_SF_MIN,MIN,00-0034869,28,-0.8688710652754885,S.Darnold
2024,2024_02_SF_MIN,MIN,00-0037276,1,-0.5984916715533473,T.Chandler
2024,2024_02_SF_MIN,SF,00-0037834,42,0.5646058952261228,B.Purdy
2024,2024_02_TB_DET,DET,00-0033106,54,-13.650965836978678,J.Goff
2024,2024_02_TB_DET,DET,00-0035156,1,3.637429093476385,J.Fox
2024,2024_02_TB_DET,TB,00-0034855,24,-3.4361799402679942,B.Mayfield
2024,2024_03_BAL_DAL,BAL,00-0034796,15,10.670858654775657,L.Jackson
2024,2024_03_BAL_DAL,DAL,00-0033077,56,6.197160795382595,D.Prescott
2024,2024_03_CAR_LV,CAR,00-0027973,40,12.354778816505888,A.Dalton
2024,2024_03_CAR_LV,LV,00-0035289,31,-4.296362854683731,G.Minshew
2024,2024_03_CAR_LV,LV,00-0038579,13,5.555142228025943,A.O'Connell
2024,2024_03_CHI_IND,CHI,00-0039918,56,-7.310312479264945,C.Williams
2024,2024_03_CHI_IND,IND,00-0039164,21,-10.29302441625623,A.Richardson
2024,2024_03_DEN_TB,DEN,00-0039732,36,2.115855223944337,B.Nix
2024,2024_03_DEN_TB,TB,00-0034855,40,-18.282071196561446,B.Mayfield
2024,2024_03_DET_ARI,ARI,00-0035228,35,-5.631904723752118,K.Murray
2024,2024_03_DET_ARI,DET,00-0033106,25,5.869152297440451,J.Goff
2024,2024_03_GB_TEN,GB,00-0038128,22,3.52078201780931,M.Willis
2024,2024_03_GB_TEN,TEN,00-0039152,42,-16.97985835390864,W.Levis
2024,2024_03_HOU_MIN,HOU,00-0031588,1,2.762919135740958,S.Diggs
2024,2024_03_HOU_MIN,HOU,00-0036898,13,-1.2606540999840945,D.Mills
2024,2024_03_HOU_MIN,HOU,00-0039163,34,-8.820167894623843,C.Stroud
2024,2024_03_HOU_MIN,MIN,00-0034869,32,5.25261193368137,S.Darnold
2024,2024_03_JAX_BUF,BUF,00-0033869,1,-1.034331233514204,M.Trubisky
2024,2024_03_JAX_BUF,BUF,00-0034857,30,22.41553522919728,J.Allen
2024,2024_03_JAX_BUF,JAX,00-0036971,42,-16.08310560073347,T.Lawrence
2024,2024_03_JAX_BUF,JAX,00-0036972,9,-10.0527353156358,M.Jones
2024,2024_03_KC_ATL,ATL,00-0029604,31,2.7967293687774437,K.Cousins
2024,2024_03_KC_ATL,KC,00-0033873,39,2.4128778593004543,P.Mahomes
2024,2024_03_LAC_PIT,LAC,00-0031800,5,-3.60795848350972,T.Heinicke
2024,2024_03_LAC_PIT,LAC,00-0036355,20,1.560360405726979,J.Herbert
2024,2024_03_LAC_PIT,PIT,00-0036945,34,8.205475067990267,J.Fields
2024,2024_03_MIA_SEA,MIA,00-0034177,14,-7.548008152109105,T.Boyle
2024,2024_03_MIA_SEA,MIA,00-0037327,24,-9.774416790956188,S.Thompson
2024,2024_03_MIA_SEA,SEA,00-0030565,37,-0.8126982188896368,G.Smith
2024,2024_03_NE_NYJ,NE,00-0033119,23,-10.965362024573018,J.Brissett
2024,2024_03_NE_NYJ,NE,00-0039851,10,-5.410988618445117,D.Maye
2024,2024_03_NE_NYJ,NYJ,00-0023459,37,18.20478460580541,A.Rodgers
2024,2024_03_NYG_CLE,CLE,00-0033537,46,-19.51902969374708,D.Watson
2024,2024_03_NYG_CLE,NYG,00-0035710,36,9.847737785661591,D.Jones
2024,2024_03_NYG_CLE,NYG,00-0039337,1,-0.9637323682836724,M.Nabers
2024,2024_03_PHI_NO,NO,00-0031280,27,0.5845496743514782,D.Carr
2024,2024_03_PHI_NO,PHI,00-0036389,42,-5.0485688447872175,J.Hurts
2024,2024_03_SF_LA,LA,00-0026498,28,3.40812083655558,M.Stafford
2024,2024_03_SF_LA,LA,00-0036849,1,-0.5111013762652874,T.Atwell
2024,2024_03_SF_LA,SF,00-0037834,31,14.322098457225366,B.Purdy
2024,2024_03_WAS_CIN,CIN,00-0036442,41,16.027962973015352,J.Burrow
2024,2024_03_WAS_CIN,WAS,00-0039910,25,21.611945293380504,J.Daniels
2024,2024_04_BUF_BAL,BAL,00-0026300,1,-1.405656185816042,J.Johnson
2024,2024_04_BUF_BAL,BAL,00-0034796,19,9.182408976193985,L.Jackson
2024,2024_04_BUF_BAL,BUF,00-0033869,2,-0.7431461592204869,M.Trubisky
2024,2024_04_BUF_BAL,BUF,00-0034857,32,-7.575484683290668,J.Allen
2024,2024_04_CIN_CAR,CAR,00-0027973,40,3.0990683737667077,A.Dalton
2024,2024_04_CIN_CAR,CAR,00-0028872,1,-3.028582197148353,J.Hekker
2024,2024_04_CIN_CAR,CIN,00-0036442,31,8.988195129815722,J.Burrow
2024,2024_04_CLE_LV,CLE,00-0033537,35,-6.92235081968829,D.Watson
2024,2024_04_CLE_LV,LV,00-0035289,26,-3.775178223637057,G.Minshew
2024,2024_04_DAL_NYG,DAL,00-0033077,28,10.9522814873646,D.Prescott
2024,2024_04_DAL_NYG,NYG,00-0035710,41,4.439631956087325,D.Jones
2024,2024_04_DEN_NYJ,DEN,00-0039732,25,-12.965077901084442,B.Nix
2024,2024_04_DEN_NYJ,NYJ,00-0023459,47,-12.08222806330182,A.Rodgers
2024,2024_04_JAX_HOU,HOU,00-0039163,42,14.305587934855184,C.Stroud
2024,2024_04_JAX_HOU,JAX,00-0036971,34,-1.3805359188538402,T.Lawrence
2024,2024_04_KC_LAC,KC,00-0033873,32,-1.6064922553457284,P.Mahomes
2024,2024_04_KC_LAC,LAC,00-0036355,29,-2.0499847903784856,J.Herbert
2024,2024_04_LA_CHI,CHI,00-0039918,26,2.083515190295674,C.Williams
2024,2024_04_LA_CHI,LA,00-0026498,33,-2.2876256965415545,M.Stafford
2024,2024_04_MIN_GB,GB,00-0036264,56,-5.017132399455284,J.Love
2024,2024_04_MIN_GB,MIN,00-0034869,30,8.12683829251762,S.Darnold
2024,2024_04_NE_SF,NE,00-0033119,38,-15.768360736456144,J.Brissett
2024,2024_04_NE_SF,SF,00-0037834,28,6.95503554671041,B.Purdy
2024,2024_04_NO_ATL,ATL,00-0029604,36,-1.0691966593920248,K.Cousins
2024,2024_04_NO_ATL,NO,00-0031280,37,-0.1086862746799943,D.Carr
2024,2024_04_PHI_TB,PHI,00-0036389,36,-10.592363961273804,J.Hurts
2024,2024_04_PHI_TB,TB,00-0034855,49,9.353125648884182,B.Mayfield
2024,2024_04_PIT_IND,IND,00-0026158,28,7.757926788051728,J.Flacco
2024,2024_04_PIT_IND,IND,00-0039164,4,4.277928645606153,A.Richardson
2024,2024_04_PIT_IND,PIT,00-0036945,37,3.4636515972670168,J.Fields
2024,2024_04_SEA_DET,DET,00-0033106,21,17.89840751833981,J.Goff
2024,2024_04_SEA_DET,DET,00-0036963,1,1.72411598067265,A.St. Brown
2024,2024_04_SEA_DET,SEA,00-0030565,60,8.867202348405169,G.Smith
2024,2024_04_TEN_MIA,MIA,00-0035993,25,-11.76269284277302,T.Huntley
2024,2024_04_TEN_MIA,TEN,00-0034771,17,-4.3347068321915705,M.Rudolph
2024,2024_04_TEN_MIA,TEN,00-0039152,4,-3.084776717238128,W.Levis
2024,2024_04_WAS_ARI,ARI,00-0035228,26,-0.4332526233629323,K.Murray
2024,2024_04_WAS_ARI,WAS,00-0039910,31,14.161258280229596,J.Daniels
2024,2024_05_ARI_SF,ARI,00-0035228,31,-1.8273485221899808,K.Murray
2024,2024_05_ARI_SF,SF,00-0037834,37,-0.8968391142674834,B.Purdy
2024,2024_05_BAL_CIN,BAL,00-0034796,43,21.248209867206043,L.Jackson
2024,2024_05_BAL_CIN,CIN,00-0036442,42,23.61106959625613,J.Burrow
2024,2024_05_BUF_HOU,BUF,00-0034857,31,-5.131946196880337,J.Allen
2024,2024_05_BUF_HOU,HOU,00-0039163,39,6.22630780538768,C.Stroud
2024,2024_05_CAR_CHI,CAR,00-0027973,31,-12.502870778195833,A.Dalton
2024,2024_05_CAR_CHI,CAR,00-0039150,8,-0.3561284461757168,B.Young
2024,2024_05_CAR_CHI,CHI,00-0039918,31,14.142914184585294,C.Williams
2024,2024_05_CLE_WAS,CLE,00-0031503,1,0.8074564936105162,J.Winston
2024,2024_05_CLE_WAS,CLE,00-0033537,35,-15.072190076718874,D.Watson
2024,2024_05_CLE_WAS,WAS,00-0032268,3,-3.301094082533382,M.Mariota
2024,2024_05_CLE_WAS,WAS,00-0039910,28,2.3787115597295148,J.Daniels
2024,2024_05_DAL_PIT,DAL,00-0033077,44,10.677303028626843,D.Prescott
2024,2024_05_DAL_PIT,PIT,00-0034577,1,1.4325529362540692,K.Allen
2024,2024_05_DAL_PIT,PIT,00-0036945,30,-3.471511214709608,J.Fields
2024,2024_05_GB_LA,GB,00-0036264,28,-0.7490976510351732,J.Love
2024,2024_05_GB_LA,LA,00-0026498,48,-8.955648682371248,M.Stafford
2024,2024_05_IND_JAX,IND,00-0026158,48,10.4048808673696,J.Flacco
2024,2024_05_IND_JAX,IND,00-0039890,1,2.4456588270841166,A.Mitchell
2024,2024_05_IND_JAX,JAX,00-0036971,34,16.75668474577833,T.Lawrence
2024,2024_05_LV_DEN,DEN,00-0039732,29,2.4993953257529262,B.Nix
2024,2024_05_LV_DEN,LV,00-0035289,19,-10.35655636214262,G.Minshew
2024,2024_05_LV_DEN,LV,00-0038579,21,-5.343939675774891,A.O'Connell
2024,2024_05_MIA_NE,MIA,00-0035993,35,-3.495429404583073,T.Huntley
2024,2024_05_MIA_NE,NE,00-0033119,35,-8.796733581410301,J.Brissett
2024,2024_05_NO_KC,KC,00-0033873,41,2.9501115496304946,P.Mahomes
2024,2024_05_NO_KC,NO,00-0031280,29,-0.0354039146914146,D.Carr
2024,2024_05_NO_KC,NO,00-0038998,7,-2.6209136521210894,J.Haener
2024,2024_05_NYG_SEA,NYG,00-0035710,37,7.590214311905704,D.Jones
2024,2024_05_NYG_SEA,SEA,00-0030565,47,-4.120158323491429,G.Smith
2024,2024_05_NYJ_MIN,MIN,00-0033319,1,2.5932225097203627,N.Mullens
2024,2024_05_NYJ_MIN,MIN,00-0034869,35,-12.029919572182564,S.Darnold
2024,2024_05_NYJ_MIN,NYJ,00-0023459,57,-16.156328739288377,A.Rodgers
2024,2024_05_TB_ATL,ATL,00-0029604,60,22.133271685231414,K.Cousins
2024,2024_05_TB_ATL,ATL,00-0036309,1,-0.4238181968685239,D.Mooney
2024,2024_05_TB_ATL,TB,00-0034855,25,9.387637990161814,B.Mayfield
2024,2024_06_ARI_GB,ARI,00-0035228,32,7.708929887737185,K.Murray
2024,2024_06_ARI_GB,GB,00-0036264,32,14.854657110941345,J.Love
2024,2024_06_ATL_CAR,ATL,00-0029604,30,12.311614662975456,K.Cousins
2024,2024_06_ATL_CAR,CAR,00-0027973,38,-4.906794649207466,A.Dalton
2024,2024_06_BUF_NYJ,BUF,00-0034857,27,10.847876160386026,J.Allen
2024,2024_06_BUF_NYJ,NYJ,00-0023459,38,11.15705159996046,A.Rodgers
2024,2024_06_CIN_NYG,CIN,00-0036442,32,-0.5126924400629438,J.Burrow
2024,2024_06_CIN_NYG,NYG,00-0035710,41,-13.66987009452484,D.Jones
2024,2024_06_CLE_PHI,CLE,00-0033537,28,1.5159850724068882,D.Watson
2024,2024_06_CLE_PHI,PHI,00-0036389,26,7.14371745643391,J.Hurts
2024,2024_06_DET_DAL,DAL,00-0033077,37,-19.51792664152954,D.Prescott
2024,2024_06_DET_DAL,DAL,00-0033662,11,-3.4963412155630067,C.Rush
2024,2024_06_DET_DAL,DET,00-0033106,27,19.55894776486755,J.Goff
2024,2024_06_DET_DAL,DET,00-0038550,3,-3.3531181288999505,H.Hooker
2024,2024_06_HOU_NE,HOU,00-0036898,1,-0.7681780345737934,D.Mills
2024,2024_06_HOU_NE,HOU,00-0039163,33,2.623923754506483,C.Stroud
2024,2024_06_HOU_NE,NE,00-0039851,37,-9.781366722367238,D.Maye
2024,2024_06_IND_TEN,IND,00-0026158,38,1.5733930395443276,J.Flacco
2024,2024_06_IND_TEN,TEN,00-0039152,27,-5.684862375749349,W.Levis
2024,2024_06_JAX_CHI,CHI,00-0039918,32,14.273044016386848,C.Williams
2024,2024_06_JAX_CHI,JAX,00-0036971,39,8.484627317043746,T.Lawrence
2024,2024_06_JAX_CHI,JAX,00-0036972,2,-1.5077407426433638,M.Jones
2024,2024_06_LAC_DEN,DEN,00-0039732,36,-3.4612769858357497,B.Nix
2024,2024_06_LAC_DEN,LAC,00-0036355,37,8.115746300136228,J.Herbert
2024,2024_06_PIT_LV,LV,00-0038579,42,-3.816641160883475,A.O'Connell
2024,2024_06_PIT_LV,PIT,00-0036945,28,-0.4326682375336199,J.Fields
2024,2024_06_SF_SEA,SEA,00-0030565,52,4.443329160450002,G.Smith
2024,2024_06_SF_SEA,SF,00-0037834,28,11.726026032879034,B.Purdy
2024,2024_06_TB_NO,NO,00-0039376,45,-13.846393132651176,S.Rattler
2024,2024_06_TB_NO,TB,00-0034855,38,3.209284828916608,B.Mayfield
2024,2024_06_WAS_BAL,BAL,00-0034796,28,11.00163137748456,L.Jackson
2024,2024_06_WAS_BAL,WAS,00-0039910,38,9.49313516664466,J.Daniels
2024,2024_07_BAL_TB,BAL,00-0034796,24,25.11704377840552,L.Jackson
2024,2024_07_BAL_TB,TB,00-0034855,50,12.246047927204897,B.Mayfield
2024,2024_07_CAR_WAS,CAR,00-0027973,18,-16.466049265989568,A.Dalton
2024,2024_07_CAR_WAS,CAR,00-0039150,2,-1.8600795059464872,B.Young
2024,2024_07_CAR_WAS,WAS,00-0032268,24,11.832089762105014,M.Mariota
2024,2024_07_CAR_WAS,WAS,00-0039910,2,-1.2399959464945671,J.Daniels
2024,2024_07_CIN_CLE,CIN,00-0036442,28,-1.7718636580975726,J.Burrow
2024,2024_07_CIN_CLE,CLE,00-0031503,13,7.0311501903780735,J.Winston
2024,2024_07_CIN_CLE,CLE,00-0033537,19,0.3260118758771568,D.Watson
2024,2024_07_CIN_CLE,CLE,00-0038583,25,-19.31839746661717,D.Thompson-Robinson
2024,2024_07_DEN_NO,DEN,00-0039732,26,1.1637442958891078,B.Nix
2024,2024_07_DEN_NO,NO,00-0038998,4,3.728103826695588,J.Haener
2024,2024_07_DEN_NO,NO,00-0039376,41,-28.09436148347516,S.Rattler
2024,2024_07_DET_MIN,DET,00-0033106,29,14.917896740080325,J.Goff
2024,2024_07_DET_MIN,MIN,00-0034869,32,-0.7669991719308661,S.Darnold
2024,2024_07_HOU_GB,GB,00-0036264,36,-0.6216179161382076,J.Love
2024,2024_07_HOU_GB,HOU,00-0039163,25,-11.363515555555596,C.Stroud
2024,2024_07_KC_SF,KC,00-0033873,29,-5.723242367559578,P.Mahomes
2024,2024_07_KC_SF,SF,00-0037834,33,-10.69541663494156,B.Purdy
2024,2024_07_LAC_ARI,ARI,00-0035228,26,-0.3420845066430047,K.Murray
2024,2024_07_LAC_ARI,LAC,00-0036355,41,12.951227208535569,J.Herbert
2024,2024_07_LV_LA,LA,00-0026498,24,-7.252890682794836,M.Stafford
2024,2024_07_LV_LA,LV,00-0035289,36,-23.16512447090848,G.Minshew
2024,2024_07_LV_LA,LV,00-0038579,10,-1.131383720319718,A.O'Connell
2024,2024_07_MIA_IND,IND,00-0039164,24,-5.32929617855242,A.Richardson
2024,2024_07_MIA_IND,MIA,00-0034177,12,0.6597389150992967,T.Boyle
2024,2024_07_MIA_IND,MIA,00-0035993,15,-2.910168590963405,T.Huntley
2024,2024_07_NE_JAX,JAX,00-0036971,21,11.188944673076191,T.Lawrence
2024,2024_07_NE_JAX,NE,00-0039851,40,6.863785661391786,D.Maye
2024,2024_07_NYJ_PIT,NYJ,00-0023459,41,0.0847212394392391,A.Rodgers
2024,2024_07_NYJ_PIT,PIT,00-0029263,30,8.761338668603006,R.Wilson
2024,2024_07_PHI_NYG,NYG,00-0035704,9,-7.037273598834872,D.Lock
2024,2024_07_PHI_NYG,NYG,00-0035710,27,-15.22836846858263,D.Jones
2024,2024_07_PHI_NYG,PHI,00-0036389,18,-2.0727209945907816,J.Hurts
2024,2024_07_PHI_NYG,PHI,00-0038102,2,-1.6758197312010452,K.Pickett
2024,2024_07_SEA_ATL,ATL,00-0029604,38,-9.430239478007437,K.Cousins
2024,2024_07_SEA_ATL,ATL,00-0039917,1,1.3768166581867265,M.Penix
2024,2024_07_SEA_ATL,SEA,00-0030565,29,7.130207947885287,G.Smith
2024,2024_07_SEA_ATL,SEA,00-0038543,1,2.243609394179657,J.Smith-Njigba
2024,2024_07_TEN_BUF,BUF,00-0034857,34,12.851946564213348,J.Allen
2024,2024_07_TEN_BUF,TEN,00-0034771,42,-3.649616198181377,M.Rudolph
2024,2024_08_ARI_MIA,ARI,00-0035228,36,18.33353970605348,K.Murray
2024,2024_08_ARI_MIA,MIA,00-0036212,39,8.731976428380111,T.Tagovailoa
2024,2024_08_ATL_TB,ATL,00-0029604,31,15.142078965669498,K.Cousins
2024,2024_08_ATL_TB,TB,00-0034855,49,8.851652236289702,B.Mayfield
2024,2024_08_BAL_CLE,BAL,00-0034796,39,7.768832307413405,L.Jackson
2024,2024_08_BAL_CLE,CLE,00-0031503,44,11.899560420864818,J.Winston
2024,2024_08_BUF_SEA,BUF,00-0034857,35,12.495397780473018,J.Allen
2024,2024_08_BUF_SEA,SEA,00-0030565,30,1.1531145050552674,G.Smith
2024,2024_08_CAR_DEN,CAR,00-0028872,1,-2.6834525330923498,J.Hekker
2024,2024_08_CAR_DEN,CAR,00-0039150,39,-2.8013703132164665,B.Young
2024,2024_08_CAR_DEN,DEN,00-0032943,1,-1.8986855424009264,R.Dixon
2024,2024_08_CAR_DEN,DEN,00-0034348,1,3.6108437566435896,C.Sutton
2024,2024_08_CAR_DEN,DEN,00-0039732,39,13.637262063537491,B.Nix
2024,2024_08_CHI_WAS,CHI,00-0039918,28,-8.284721263815182,C.Williams
2024,2024_08_CHI_WAS,WAS,00-0039910,40,6.438086702909335,J.Daniels
2024,2024_08_DAL_SF,DAL,00-0033077,40,0.9261805765831248,D.Prescott
2024,2024_08_DAL_SF,SF,00-0037834,28,7.321977107159839,B.Purdy
2024,2024_08_GB_JAX,GB,00-0036264,22,2.8724852073680496,J.Love
2024,2024_08_GB_JAX,GB,00-0038128,6,3.155872286413796,M.Willis
2024,2024_08_GB_JAX,JAX,00-0036971,33,5.368962183812849,T.Lawrence
2024,2024_08_IND_HOU,HOU,00-0039163,39,5.503707473111152,C.Stroud
2024,2024_08_IND_HOU,IND,00-0039164,36,-8.075745732023329,A.Richardson
2024,2024_08_KC_LV,KC,00-0033873,38,10.588797254648624,P.Mahomes
2024,2024_08_KC_LV,LV,00-0035289,33,6.846216843546439,G.Minshew
2024,2024_08_MIN_LA,LA,00-0026498,34,15.890277726517525,M.Stafford
2024,2024_08_MIN_LA,MIN,00-0034869,28,8.46824148462099,S.Darnold
2024,2024_08_NO_LAC,LAC,00-0036355,35,2.149432955255817,J.Herbert
2024,2024_08_NO_LAC,NO,00-0033357,1,-0.1749808921013027,T.Hill
2024,2024_08_NO_LAC,NO,00-0038998,19,-4.720295784899928,J.Haener
2024,2024_08_NO_LAC,NO,00-0039376,27,-5.947728378915212,S.Rattler
2024,2024_08_NYG_PIT,NYG,00-0035710,43,-1.2034438480466063,D.Jones
2024,2024_08_NYG_PIT,PIT,00-0029263,31,3.7647846082027367,R.Wilson
2024,2024_08_NYJ_NE,NE,00-0033119,26,2.7477063525104746,J.Brissett
2024,2024_08_NYJ_NE,NE,00-0039851,7,-2.8058212546166037,D.Maye
2024,2024_08_NYJ_NE,NYJ,00-0023459,30,4.21573919234711,A.Rodgers
2024,2024_08_PHI_CIN,CIN,00-0036442,38,6.644946539542049,J.Burrow
2024,2024_08_PHI_CIN,PHI,00-0036389,20,14.404560368732096,J.Hurts
2024,2024_08_TEN_DET,DET,00-0033106,19,-3.5498791379890235,J.Goff
2024,2024_08_TEN_DET,DET,00-0035685,1,1.5191485377727076,D.Montgomery
2024,2024_08_TEN_DET,DET,00-0038550,3,-2.3470915579237044,H.Hooker
2024,2024_08_TEN_DET,TEN,00-0034771,39,-12.475185061775846,M.Rudolph
2024,2024_09_CHI_ARI,ARI,00-0035228,23,-1.3238325496493528,K.Murray
2024,2024_09_CHI_ARI,CHI,00-0039918,47,-10.911949551074532,C.Williams
2024,2024_09_DAL_ATL,ATL,00-0029604,26,8.401332029723562,K.Cousins
2024,2024_09_DAL_ATL,ATL,00-0032065,1,-0.947,B.Pinion
2024,2024_09_DAL_ATL,DAL,00-0029692,1,-2.9773164816433564,B.Anger
2024,2024_09_DAL_ATL,DAL,00-0033077,26,-3.440309661151714,D.Prescott
2024,2024_09_DAL_ATL,DAL,00-0033662,26,1.4293847701484337,C.Rush
2024,2024_09_DEN_BAL,BAL,00-0034796,20,19.339015614314043,L.Jackson
2024,2024_09_DEN_BAL,DEN,00-0034348,1,3.8798944197478704,C.Sutton
2024,2024_09_DEN_BAL,DEN,00-0039732,37,-11.442227866370208,B.Nix
2024,2024_09_DET_GB,DET,00-0033106,23,5.942980538421371,J.Goff
2024,2024_09_DET_GB,GB,00-0036264,40,-3.081276243726884,J.Love
2024,2024_09_HOU_NYJ,HOU,00-0033897,1,-0.7261459626606666,J.Mixon
2024,2024_09_HOU_NYJ,HOU,00-0039163,38,-13.43764722783453,C.Stroud
2024,2024_09_HOU_NYJ,NYJ,00-0023459,34,8.60553915501805,A.Rodgers
2024,2024_09_IND_MIN,IND,00-0026158,30,-8.775372928424066,J.Flacco
2024,2024_09_IND_MIN,MIN,00-0034869,38,-6.185278175917383,S.Darnold
2024,2024_09_IND_MIN,MIN,00-0036322,1,3.050906698219478,J.Jefferson
2024,2024_09_JAX_PHI,JAX,00-0036971,35,-8.785268068313366,T.Lawrence
2024,2024_09_JAX_PHI,PHI,00-0036389,28,4.183691901423205,J.Hurts
2024,2024_09_LAC_CLE,CLE,00-0031503,52,-20.964322289520812,J.Winston
2024,2024_09_LAC_CLE,LAC,00-0036355,33,1.3242007204249338,J.Herbert
2024,2024_09_LA_SEA,LA,00-0026498,44,3.873418507520166,M.Stafford
2024,2024_09_LA_SEA,SEA,00-0030565,41,-5.465296312177088,G.Smith
2024,2024_09_LV_CIN,CIN,00-0036442,40,7.016673185370065,J.Burrow
2024,2024_09_LV_CIN,LV,00-0035289,18,0.9504952851566486,G.Minshew
2024,2024_09_LV_CIN,LV,00-0038122,20,-10.538204038864931,D.Ridder
2024,2024_09_MIA_BUF,BUF,00-0034857,40,9.08060080008013,J.Allen
2024,2024_09_MIA_BUF,MIA,00-0036212,29,17.544328126894143,T.Tagovailoa
2024,2024_09_NE_TEN,NE,00-0039851,44,-11.048353499326865,D.Maye
2024,2024_09_NE_TEN,TEN,00-0034771,34,5.174849518574774,M.Rudolph
2024,2024_09_NO_CAR,CAR,00-0039150,28,-0.5590030956693982,B.Young
2024,2024_09_NO_CAR,NO,00-0031280,33,3.402960131166928,D.Carr
2024,2024_09_NO_CAR,NO,00-0033357,1,-1.1422894898144156,T.Hill
2024,2024_09_TB_KC,KC,00-0033873,48,16.1055098749386,P.Mahomes
2024,2024_09_TB_KC,TB,00-0034855,33,7.638863838075984,B.Mayfield
2024,2024_09_WAS_NYG,NYG,00-0035710,30,-1.9680125192096456,D.Jones
2024,2024_09_WAS_NYG,WAS,00-0039910,22,9.809720332377156,J.Daniels
2024,2024_10_ATL_NO,ATL,00-0029604,41,-1.245446489061938,K.Cousins
2024,2024_10_ATL_NO,NO,00-0031280,25,6.222857016431702,D.Carr
2024,2024_10_BUF_IND,BUF,00-0034857,39,-6.463513292489639,J.Allen
2024,2024_10_BUF_IND,IND,00-0026158,39,-12.451161307303776,J.Flacco
2024,2024_10_CIN_BAL,BAL,00-0034796,33,19.65990231549949,L.Jackson
2024,2024_10_CIN_BAL,CIN,00-0036442,60,12.234198317994132,J.Burrow
2024,2024_10_DEN_KC,DEN,00-0039732,32,7.696348666215701,B.Nix
2024,2024_10_DEN_KC,KC,00-0033873,46,3.8779830225843033,P.Mahomes
2024,2024_10_DET_HOU,DET,00-0033106,30,-1.8688213077679268,J.Goff
2024,2024_10_DET_HOU,HOU,00-0039163,37,-5.874458842751672,C.Stroud
2024,2024_10_MIA_LA,LA,00-0026498,49,-7.455165512594906,M.Stafford
2024,2024_10_MIA_LA,MIA,00-0036212,31,-1.5312514591516702,T.Tagovailoa
2024,2024_10_MIN_JAX,JAX,00-0036972,25,-8.997734661330469,M.Jones
2024,2024_10_MIN_JAX,MIN,00-0034869,39,-2.4223577002886763,S.Darnold
2024,2024_10_NE_CHI,CHI,00-0039918,39,-22.357460956134336,C.Williams
2024,2024_10_NE_CHI,NE,00-0039851,26,-1.3342440700961165,D.Maye
2024,2024_10_NYG_CAR,CAR,00-0039150,26,-2.38272735218328,B.Young
2024,2024_10_NYG_CAR,NYG,00-0035710,38,-10.368059095495918,D.Jones
2024,2024_10_NYJ_ARI,ARI,00-0035228,25,17.980556081592596,K.Murray
2024,2024_10_NYJ_ARI,NYJ,00-0023459,38,-10.893348057246827,A.Rodgers
2024,2024_10_PHI_DAL,DAL,00-0033662,24,-16.95471364547289,C.Rush
2024,2024_10_PHI_DAL,DAL,00-0037012,8,-5.342377725755796,T.Lance
2024,2024_10_PHI_DAL,PHI,00-0036389,25,-4.800011300660856,J.Hurts
2024,2024_10_PHI_DAL,PHI,00-0038102,2,-1.3199137070332654,K.Pickett
2024,2024_10_PIT_WAS,PIT,00-0029263,31,7.329395678825676,R.Wilson
2024,2024_10_PIT_WAS,PIT,00-0032399,1,-2.677720189734828,M.Killebrew
2024,2024_10_PIT_WAS,WAS,00-0039910,37,-9.261980554713908,J.Daniels
2024,2024_10_SF_TB,SF,00-0037834,38,16.825427703860097,B.Purdy
2024,2024_10_SF_TB,TB,00-0034855,31,-1.5207339657417909,B.Mayfield
2024,2024_10_TEN_LAC,LAC,00-0036355,18,9.668904586900211,J.Herbert
2024,2024_10_TEN_LAC,TEN,00-0039152,30,1.3635178053062136,W.Levis
2024,2024_11_ATL_DEN,ATL,00-0029604,29,-7.118682980012999,K.Cousins
2024,2024_11_ATL_DEN,ATL,00-0039917,5,1.8046338148415089,M.Penix
2024,2024_11_ATL_DEN,DEN,00-0039732,34,22.72140826567721,B.Nix
2024,2024_11_BAL_PIT,BAL,00-0034796,36,-2.438620983949903,L.Jackson
2024,2024_11_BAL_PIT,PIT,00-0029263,40,-11.591212340985363,R.Wilson
2024,2024_11_CIN_LAC,CIN,00-0036442,53,6.436153140921302,J.Burrow
2024,2024_11_CIN_LAC,LAC,00-0036355,37,2.28987711654838,J.Herbert
2024,2024_11_CLE_NO,CLE,00-0031503,50,9.484876365381425,J.Winston
2024,2024_11_CLE_NO,CLE,00-0038583,1,-0.4764392426004633,D.Thompson-Robinson
2024,2024_11_CLE_NO,NO,00-0031280,28,12.270167347975075,D.Carr
2024,2024_11_CLE_NO,NO,00-0033357,2,-1.900422933511436,T.Hill
2024,2024_11_GB_CHI,CHI,00-0039918,35,3.1933444820275354,C.Williams
2024,2024_11_GB_CHI,GB,00-0036264,18,13.075745527574329,J.Love
2024,2024_11_HOU_DAL,DAL,00-0029692,1,-2.709706327295862,B.Anger
2024,2024_11_HOU_DAL,DAL,00-0033662,60,-13.679566236527164,C.Rush
2024,2024_11_HOU_DAL,HOU,00-0039163,35,6.418011947523786,C.Stroud
2024,2024_11_IND_NYJ,IND,00-0039164,33,8.690708180895307,A.Richardson
2024,2024_11_IND_NYJ,NYJ,00-0023459,32,-0.4481784604158245,A.Rodgers
2024,2024_11_JAX_DET,DET,00-0033106,29,32.976435910502914,J.Goff
2024,2024_11_JAX_DET,DET,00-0038550,4,3.623322121429159,H.Hooker
2024,2024_11_JAX_DET,JAX,00-0036972,30,-11.868479111575368,M.Jones
2024,2024_11_KC_BUF,BUF,00-0034857,40,5.961758687028341,J.Allen
2024,2024_11_KC_BUF,KC,00-0033873,35,5.599778355506714,P.Mahomes
2024,2024_11_LA_NE,LA,00-0026498,27,16.001792662762995,M.Stafford
2024,2024_11_LA_NE,NE,00-0039851,42,11.093982242824096,D.Maye
2024,2024_11_LV_MIA,LV,00-0035289,46,4.922723967598332,G.Minshew
2024,2024_11_LV_MIA,MIA,00-0036212,37,24.5388110240292,T.Tagovailoa
2024,2024_11_MIN_TEN,MIN,00-0034869,34,7.44695669365934,S.Darnold
2024,2024_11_MIN_TEN,TEN,00-0039152,36,1.866540065099651,W.Levis
2024,2024_11_SEA_SF,SEA,00-0030565,36,-0.7549310410544843,G.Smith
2024,2024_11_SEA_SF,SF,00-0037834,30,0.7670178439844149,B.Purdy
2024,2024_11_WAS_PHI,PHI,00-0036389,30,0.8737312728603861,J.Hurts
2024,2024_11_WAS_PHI,WAS,00-0039910,36,1.396345592264086,J.Daniels
2024,2024_12_ARI_SEA,ARI,00-0035228,42,-5.312439965478136,K.Murray
2024,2024_12_ARI_SEA,SEA,00-0030565,36,2.1306606442667544,G.Smith
2024,2024_12_BAL_LAC,BAL,00-0034796,24,8.123395734776407,L.Jackson
2024,2024_12_BAL_LAC,LAC,00-0036355,40,-1.8392485675853765,J.Herbert
2024,2024_12_DAL_WAS,DAL,00-0033662,33,8.539612328004344,C.Rush
2024,2024_12_DAL_WAS,WAS,00-0039910,41,-4.740377688239776,J.Daniels
2024,2024_12_DEN_LV,DEN,00-0039732,43,8.337529324486804,B.Nix
2024,2024_12_DEN_LV,LV,00-0035190,1,4.333918029908091,A.Cole
2024,2024_12_DEN_LV,LV,00-0035289,44,-13.14270960042942,G.Minshew
2024,2024_12_DEN_LV,LV,00-0038122,12,-5.315821815864183,D.Ridder
2024,2024_12_DET_IND,DET,00-0033106,39,9.311170491704347,J.Goff
2024,2024_12_DET_IND,IND,00-0039164,28,-2.591627109820388,A.Richardson
2024,2024_12_KC_CAR,CAR,00-0039150,37,6.348971300737508,B.Young
2024,2024_12_KC_CAR,KC,00-0033873,42,9.169239682292726,P.Mahomes
2024,2024_12_MIN_CHI,CHI,00-0034827,1,-0.4472721833735704,D.Moore
2024,2024_12_MIN_CHI,CHI,00-0039918,51,3.906996313744538,C.Williams
2024,2024_12_MIN_CHI,MIN,00-0033319,1,2.27550311293453,N.Mullens
2024,2024_12_MIN_CHI,MIN,00-0034869,37,10.175371037454047,S.Darnold
2024,2024_12_NE_MIA,MIA,00-0036212,42,13.061815574565571,T.Tagovailoa
2024,2024_12_NE_MIA,NE,00-0033307,1,-1.3199654843192548,K.Bourne
2024,2024_12_NE_MIA,NE,00-0039851,42,-11.349172246365807,D.Maye
2024,2024_12_PHI_LA,LA,00-0026498,42,4.146638122326023,M.Stafford
2024,2024_12_PHI_LA,PHI,00-0036389,23,7.471461810654631,J.Hurts
2024,2024_12_PIT_CLE,CLE,00-0031503,30,-0.7570856122181285,J.Winston
2024,2024_12_PIT_CLE,PIT,00-0029263,33,7.811286311006702,R.Wilson
2024,2024_12_PIT_CLE,PIT,00-0036945,1,-1.1198502680053934,J.Fields
2024,2024_12_SF_GB,GB,00-0036264,25,6.631264539280345,J.Love
2024,2024_12_SF_GB,SF,00-0032434,31,-10.667565045155744,B.Allen
2024,2024_12_TB_NYG,NYG,00-0035704,1,-0.2705114798154682,D.Lock
2024,2024_12_TB_NYG,NYG,00-0038476,35,-6.280943510704674,T.DeVito
2024,2024_12_TB_NYG,TB,00-0034855,30,16.715856334514683,B.Mayfield
2024,2024_12_TEN_HOU,HOU,00-0039163,37,-6.365417903699747,C.Stroud
2024,2024_12_TEN_HOU,TEN,00-0033009,1,-0.4344160368200391,T.Boyd
2024,2024_12_TEN_HOU,TEN,00-0039152,32,-1.9745699129351149,W.Levis
2024,2024_13_ARI_MIN,ARI,00-0035228,45,0.7463806142903469,K.Murray
2024,2024_13_ARI_MIN,MIN,00-0034869,36,1.083707622930696,S.Darnold
2024,2024_13_CHI_DET,CHI,00-0039918,44,-1.2645867895188276,C.Williams
2024,2024_13_CHI_DET,DET,00-0033106,35,7.128169895617159,J.Goff
2024,2024_13_CHI_DET,DET,00-0036880,1,-0.9758530937833712,P.Sewell
2024,2024_13_CLE_DEN,CLE,00-0031503,62,-2.339280853559483,J.Winston
2024,2024_13_CLE_DEN,DEN,00-0039732,35,3.297869358028213,B.Nix
2024,2024_13_HOU_JAX,HOU,00-0039163,36,2.8301942070348893,C.Stroud
2024,2024_13_HOU_JAX,JAX,00-0036971,10,-5.041943465359509,T.Lawrence
2024,2024_13_HOU_JAX,JAX,00-0036972,34,14.264848442183288,M.Jones
2024,2024_13_IND_NE,IND,00-0039164,24,-1.4226152612539718,A.Richardson
2024,2024_13_IND_NE,NE,00-0039851,35,7.793953025479342,D.Maye
2024,2024_13_LAC_ATL,ATL,00-0029604,40,-11.633553486629031,K.Cousins
2024,2024_13_LAC_ATL,LAC,00-0034162,1,-2.7066063629463315,J.Scott
2024,2024_13_LAC_ATL,LAC,00-0036355,29,-5.198224682945748,J.Herbert
2024,2024_13_LA_NO,LA,00-0026498,26,0.2989891153993085,M.Stafford
2024,2024_13_LA_NO,NO,00-0031280,38,-1.6041287415243692,D.Carr
2024,2024_13_LV_KC,KC,00-0033873,50,1.2063798437946782,P.Mahomes
2024,2024_13_LV_KC,LV,00-0038579,37,9.266488849591182,A.O'Connell
2024,2024_13_MIA_GB,GB,00-0036264,28,12.667359238268414,J.Love
2024,2024_13_MIA_GB,MIA,00-0036212,53,11.943116470511924,T.Tagovailoa
2024,2024_13_NYG_DAL,DAL,00-0033662,36,-2.71940301306588,C.Rush
2024,2024_13_NYG_DAL,NYG,00-0035704,38,-20.77091952393162,D.Lock
2024,2024_13_PHI_BAL,BAL,00-0034796,39,-0.9726886269649856,L.Jackson
2024,2024_13_PHI_BAL,PHI,00-0036389,21,-1.5673560519353489,J.Hurts
2024,2024_13_PIT_CIN,CIN,00-0036442,42,-1.1944501415327764,J.Burrow
2024,2024_13_PIT_CIN,PIT,00-0029263,40,15.515664771345556,R.Wilson
2024,2024_13_SEA_NYJ,NYJ,00-0023459,41,-14.039030682528391,A.Rodgers
2024,2024_13_SEA_NYJ,SEA,00-0030565,34,-1.5587153364787714,G.Smith
2024,2024_13_SF_BUF,BUF,00-0033869,1,-0.1403975976863876,M.Trubisky
2024,2024_13_SF_BUF,BUF,00-0034857,17,7.459330769866938,J.Allen
2024,2024_13_SF_BUF,SF,00-0037834,19,-6.4782698119405255,B.Purdy
2024,2024_13_TB_CAR,CAR,00-0039150,47,4.518333094965044,B.Young
2024,2024_13_TB_CAR,TB,00-0034855,37,-8.418919523209684,B.Mayfield
2024,2024_13_TB_CAR,TB,00-0036928,1,0.2978109391406178,K.Trask
2024,2024_13_TEN_WAS,TEN,00-0039152,40,1.923217071071249,W.Levis
2024,2024_13_TEN_WAS,WAS,00-0039910,32,10.12790515654569,J.Daniels
2024,2024_14_ATL_MIN,ATL,00-0029604,38,0.7157764172624468,K.Cousins
2024,2024_14_ATL_MIN,MIN,00-0034869,32,23.604845772602964,S.Darnold
2024,2024_14_BUF_LA,BUF,00-0034857,37,16.823644940159284,J.Allen
2024,2024_14_BUF_LA,LA,00-0026498,30,24.564090923832897,M.Stafford
2024,2024_14_CAR_PHI,CAR,00-0039150,35,2.78333638899494,B.Young
2024,2024_14_CAR_PHI,PHI,00-0036389,25,-1.7947641140599684,J.Hurts
2024,2024_14_CHI_SF,CHI,00-0038416,1,0.3910486756358295,T.Bagent
2024,2024_14_CHI_SF,CHI,00-0039918,31,-7.522400229834486,C.Williams
2024,2024_14_CHI_SF,SF,00-0032434,1,-1.686612502206117,B.Allen
2024,2024_14_CHI_SF,SF,00-0037834,26,22.78080663687433,B.Purdy
2024,2024_14_CIN_DAL,CIN,00-0036442,46,10.575287454100463,J.Burrow
2024,2024_14_CIN_DAL,DAL,00-0033662,34,-5.963565976259552,C.Rush
2024,2024_14_CLE_PIT,CLE,00-0031503,44,-10.037393141880234,J.Winston
2024,2024_14_CLE_PIT,PIT,00-0029263,27,-0.560810978784168,R.Wilson
2024,2024_14_GB_DET,DET,00-0033106,42,11.84859770108892,J.Goff
2024,2024_14_GB_DET,GB,00-0036264,21,6.701136507617775,J.Love
2024,2024_14_JAX_TEN,JAX,00-0036972,32,5.344276756625681,M.Jones
2024,2024_14_JAX_TEN,TEN,00-0039152,34,-10.757726167576154,W.Levis
2024,2024_14_LAC_KC,KC,00-0033873,40,0.6303111378696098,P.Mahomes
2024,2024_14_LAC_KC,LAC,00-0036355,33,8.155707047029864,J.Herbert
2024,2024_14_LV_TB,LV,00-0038122,19,0.9912340276806604,D.Ridder
2024,2024_14_LV_TB,LV,00-0038579,20,-7.580805402317426,A.O'Connell
2024,2024_14_LV_TB,TB,00-0034855,33,4.732747731613927,B.Mayfield
2024,2024_14_NO_NYG,NO,00-0031280,32,4.264099495653646,D.Carr
2024,2024_14_NO_NYG,NO,00-0038998,1,-1.3392184140975587,J.Haener
2024,2024_14_NO_NYG,NYG,00-0035704,51,-10.86905775030583,D.Lock
2024,2024_14_NYJ_MIA,MIA,00-0036212,47,20.880223811164395,T.Tagovailoa
2024,2024_14_NYJ_MIA,NYJ,00-0023459,42,14.799697282132872,A.Rodgers
2024,2024_14_SEA_ARI,ARI,00-0035228,40,-4.43118470647484,K.Murray
2024,2024_14_SEA_ARI,SEA,00-0030565,30,7.1610925634604925,G.Smith
2024,2024_15_ATL_LV,ATL,00-0029604,20,-7.511997886550209,K.Cousins
2024,2024_15_ATL_LV,LV,00-0034960,1,-1.5676263889763504,J.Meyers
2024,2024_15_ATL_LV,LV,00-0038122,41,-7.4418246608448495,D.Ridder
2024,2024_15_BAL_NYG,BAL,00-0026300,1,-1.179331989493221,J.Johnson
2024,2024_15_BAL_NYG,BAL,00-0034796,27,24.62604583549546,L.Jackson
2024,2024_15_BAL_NYG,NYG,00-0034177,25,-7.389704616158269,T.Boyle
2024,2024_15_BAL_NYG,NYG,00-0038476,15,-1.7279889796045609,T.DeVito
2024,2024_15_BUF_DET,BUF,00-0034857,34,19.885844467490543,J.Allen
2024,2024_15_BUF_DET,DET,00-0033106,60,28.549139780655096,J.Goff
2024,2024_15_CHI_MIN,CHI,00-0038416,1,-0.072181174706202,T.Bagent
2024,2024_15_CHI_MIN,CHI,00-0039918,34,-4.348173730299496,C.Williams
2024,2024_15_CHI_MIN,MIN,00-0034869,42,2.8864500130642363,S.Darnold
2024,2024_15_CIN_TEN,CIN,00-0036442,37,7.844402702168566,J.Burrow
2024,2024_15_CIN_TEN,TEN,00-0034771,25,9.657332767674234,M.Rudolph
2024,2024_15_CIN_TEN,TEN,00-0039152,13,-12.299817095045,W.Levis
2024,2024_15_DAL_CAR,CAR,00-0039150,34,-10.285111122066157,B.Young
2024,2024_15_DAL_CAR,DAL,00-0033662,29,11.28281988816182,C.Rush
2024,2024_15_GB_SEA,GB,00-0036264,27,10.782306672222292,J.Love
2024,2024_15_GB_SEA,SEA,00-0030565,22,-5.205535544278002,G.Smith
2024,2024_15_GB_SEA,SEA,00-0037077,18,-15.572918311471668,S.Howell
2024,2024_15_IND_DEN,DEN,00-0039732,34,-14.825610202783174,B.Nix
2024,2024_15_IND_DEN,IND,00-0039164,40,-15.755782451023029,A.Richardson
2024,2024_15_KC_CLE,CLE,00-0031503,30,-20.197631082264703,J.Winston
2024,2024_15_KC_CLE,CLE,00-0038583,9,-7.471041835087817,D.Thompson-Robinson
2024,2024_15_KC_CLE,KC,00-0032950,2,2.0291093739215285,C.Wentz
2024,2024_15_KC_CLE,KC,00-0033873,38,-4.491240243252832,P.Mahomes
2024,2024_15_LA_SF,LA,00-0026498,27,-5.896531199318261,M.Stafford
2024,2024_15_LA_SF,SF,00-0037834,34,-10.566544854500965,B.Purdy
2024,2024_15_MIA_HOU,HOU,00-0039163,30,-6.688229880207084,C.Stroud
2024,2024_15_MIA_HOU,MIA,00-0036212,43,-8.854686274098757,T.Tagovailoa
2024,2024_15_NE_ARI,ARI,00-0035228,30,11.530686542323313,K.Murray
2024,2024_15_NE_ARI,ARI,00-0038582,2,-1.1280186781659722,C.Tune
2024,2024_15_NE_ARI,NE,00-0039851,25,3.4368945037442016,D.Maye
2024,2024_15_NYJ_JAX,JAX,00-0036972,49,4.560388447221561,M.Jones
2024,2024_15_NYJ_JAX,NYJ,00-0023459,32,13.774321898020606,A.Rodgers
2024,2024_15_PIT_PHI,PHI,00-0036389,35,21.311538478605037,J.Hurts
2024,2024_15_PIT_PHI,PIT,00-0029263,24,-5.86317926853425,R.Wilson
2024,2024_15_TB_LAC,LAC,00-0031800,1,-0.2892832463840022,T.Heinicke
2024,2024_15_TB_LAC,LAC,00-0036355,36,-11.176209496916272,J.Herbert
2024,2024_15_TB_LAC,TB,00-0034855,28,17.861936522152714,B.Mayfield
2024,2024_15_WAS_NO,NO,00-0034418,1,2.034913587849587,C.Wilson
2024,2024_15_WAS_NO,NO,00-0038998,13,-9.442515248782,J.Haener
2024,2024_15_WAS_NO,NO,00-0039376,21,6.301402731084571,S.Rattler
2024,2024_15_WAS_NO,WAS,00-0039910,39,1.1065485933335657,J.Daniels
2024,2024_16_ARI_CAR,ARI,00-0035228,35,1.339832786799806,K.Murray
2024,2024_16_ARI_CAR,CAR,00-0039150,29,1.0898572438312986,B.Young
2024,2024_16_CLE_CIN,CIN,00-0036442,34,3.053676655412602,J.Burrow
2024,2024_16_CLE_CIN,CLE,00-0038583,39,-17.84603051986778,D.Thompson-Robinson
2024,2024_16_DEN_LAC,DEN,00-0039732,42,7.127936665068483,B.Nix
2024,2024_16_DEN_LAC,LAC,00-0036355,34,12.3183116628062,J.Herbert
2024,2024_16_DET_CHI,CHI,00-0039918,42,16.46451891196193,C.Williams
2024,2024_16_DET_CHI,DET,00-0033106,33,15.490683310386071,J.Goff
2024,2024_16_HOU_KC,HOU,00-0039163,41,6.035946416850766,C.Stroud
2024,2024_16_HOU_KC,KC,00-0033873,42,9.490251844529643,P.Mahomes
2024,2024_16_JAX_LV,JAX,00-0036972,40,-5.377738477138337,M.Jones
2024,2024_16_JAX_LV,LV,00-0038579,41,-0.241094664736039,A.O'Connell
2024,2024_16_LA_NYJ,LA,00-0026498,19,3.1867796305471403,M.Stafford
2024,2024_16_LA_NYJ,NYJ,00-0023459,43,2.7580433396838098,A.Rodgers
2024,2024_16_MIN_SEA,MIN,00-0034869,38,8.355436213514567,S.Darnold
2024,2024_16_MIN_SEA,SEA,00-0030565,45,0.3033877674065899,G.Smith
2024,2024_16_NE_BUF,BUF,00-0034857,30,1.5287619842515856,J.Allen
2024,2024_16_NE_BUF,NE,00-0039851,38,4.18428439006675,D.Maye
2024,2024_16_NO_GB,GB,00-0036264,28,3.255589010599448,J.Love
2024,2024_16_NO_GB,GB,00-0038128,2,2.8354712769796606,M.Willis
2024,2024_16_NO_GB,NO,00-0039376,33,-17.423240505042486,S.Rattler
2024,2024_16_NYG_ATL,ATL,00-0039917,27,6.547739793670731,M.Penix
2024,2024_16_NYG_ATL,NYG,00-0035704,42,-21.454953689244576,D.Lock
2024,2024_16_PHI_WAS,PHI,00-0034844,1,-1.659953220529728,S.Barkley
2024,2024_16_PHI_WAS,PHI,00-0036389,4,-2.0782454311847687,J.Hurts
2024,2024_16_PHI_WAS,PHI,00-0038102,27,-0.6076742107428408,K.Pickett
2024,2024_16_PHI_WAS,WAS,00-0039910,39,4.557647701760288,J.Daniels
2024,2024_16_PIT_BAL,BAL,00-0034796,24,7.082269471813374,L.Jackson
2024,2024_16_PIT_BAL,PIT,00-0029263,35,-6.567241572774947,R.Wilson
2024,2024_16_SF_MIA,MIA,00-0036212,34,5.652358010653883,T.Tagovailoa
2024,2024_16_SF_MIA,SF,00-0037834,41,5.7012597124533855,B.Purdy
2024,2024_16_TB_DAL,DAL,00-0033662,36,9.25454558860563,C.Rush
2024,2024_16_TB_DAL,TB,00-0034855,47,2.2010984395084345,B.Mayfield
2024,2024_16_TEN_IND,IND,00-0039164,12,2.424384397279937,A.Richardson
2024,2024_16_TEN_IND,TEN,00-0034771,36,3.618777581146891,M.Rudolph
2024,2024_17_ARI_LA,ARI,00-0035228,52,2.2234945211197354,K.Murray
2024,2024_17_ARI_LA,LA,00-0026498,32,-0.4822571154124071,M.Stafford
2024,2024_17_ATL_WAS,ATL,00-0039917,37,-0.6429523978219969,M.Penix
2024,2024_17_ATL_WAS,WAS,00-0039910,41,4.971853517922844,J.Daniels
2024,2024_17_BAL_HOU,BAL,00-0026300,2,0.7752526643453166,J.Johnson
2024,2024_17_BAL_HOU,BAL,00-0034796,16,8.4326372798062,L.Jackson
2024,2024_17_BAL_HOU,HOU,00-0036898,1,0.579170580022037,D.Mills
2024,2024_17_BAL_HOU,HOU,00-0039163,36,-18.87997326132609,C.Stroud
2024,2024_17_CAR_TB,CAR,00-0039150,33,-2.502133105487451,B.Young
2024,2024_17_CAR_TB,TB,00-0034855,34,25.205253371282296,B.Mayfield
2024,2024_17_DAL_PHI,DAL,00-0033662,29,-8.82291461349399,C.Rush
2024,2024_17_DAL_PHI,DAL,00-0037012,1,-0.4633061687927693,T.Lance
2024,2024_17_DAL_PHI,PHI,00-0038102,15,7.040618781527591,K.Pickett
2024,2024_17_DAL_PHI,PHI,00-0038400,4,7.160986814531498,T.McKee
2024,2024_17_DEN_CIN,CIN,00-0036442,56,18.63396873320934,J.Burrow
2024,2024_17_DEN_CIN,DEN,00-0039732,33,9.496485496653737,B.Nix
2024,2024_17_DET_SF,DET,00-0033106,37,21.92110835524948,J.Goff
2024,2024_17_DET_SF,SF,00-0033949,4,2.775570365891326,J.Dobbs
2024,2024_17_DET_SF,SF,00-0037834,36,13.39764969330029,B.Purdy
2024,2024_17_DET_SF,SF,00-0039916,1,-0.5309751115273684,R.Pearsall
2024,2024_17_GB_MIN,GB,00-0036264,34,0.7544746832186138,J.Love
2024,2024_17_GB_MIN,MIN,00-0034869,44,12.191306583659037,S.Darnold
2024,2024_17_IND_NYG,IND,00-0026158,41,7.237719444592963,J.Flacco
2024,2024_17_IND_NYG,NYG,00-0035704,23,27.63103197995224,D.Lock
2024,2024_17_KC_PIT,KC,00-0033873,39,19.15145948427209,P.Mahomes
2024,2024_17_KC_PIT,PIT,00-0029263,42,-15.375228794728171,R.Wilson
2024,2024_17_LAC_NE,LAC,00-0031800,2,-2.0583578572259285,T.Heinicke
2024,2024_17_LAC_NE,LAC,00-0036355,38,19.62700716635617,J.Herbert
2024,2024_17_LAC_NE,NE,00-0033119,2,-2.181070867809467,J.Brissett
2024,2024_17_LAC_NE,NE,00-0039851,26,-15.040431668050587,D.Maye
2024,2024_17_LV_NO,LV,00-0038579,36,9.65595756046888,A.O'Connell
2024,2024_17_LV_NO,NO,00-0034418,1,-0.8836968974792399,C.Wilson
2024,2024_17_LV_NO,NO,00-0039376,39,-15.643320484186072,S.Rattler
2024,2024_17_MIA_CLE,CLE,00-0038583,48,-25.161638461693656,D.Thompson-Robinson
2024,2024_17_MIA_CLE,MIA,00-0035993,29,4.635684968788244,T.Huntley
2024,2024_17_NYJ_BUF,BUF,00-0033869,1,7.094042852520943,M.Trubisky
2024,2024_17_NYJ_BUF,BUF,00-0034857,27,9.769992327399844,J.Allen
2024,2024_17_NYJ_BUF,NYJ,00-0023459,22,-15.625547985662706,A.Rodgers
2024,2024_17_NYJ_BUF,NYJ,00-0028118,16,8.799549574993085,T.Taylor
2024,2024_17_SEA_CHI,CHI,00-0039918,35,-10.22574662037193,C.Williams
2024,2024_17_SEA_CHI,SEA,00-0030565,26,-4.18387351824247,G.Smith
2024,2024_17_TEN_JAX,JAX,00-0036972,24,7.608072873527098,M.Jones
2024,2024_17_TEN_JAX,TEN,00-0034771,34,0.2341703360092966,M.Rudolph
2024,2024_18_BUF_NE,BUF,00-0033869,21,4.540342380214272,M.Trubisky
2024,2024_18_BUF_NE,BUF,00-0034401,11,-7.152866298856679,M.White
2024,2024_18_BUF_NE,NE,00-0039398,29,11.790716131760057,J.Milton
2024,2024_18_BUF_NE,NE,00-0039851,2,-2.7135364850983024,D.Maye
2024,2024_18_CAR_ATL,ATL,00-0039917,39,5.466879083280481,M.Penix
2024,2024_18_CAR_ATL,CAR,00-0039150,34,20.03909871125128,B.Young
2024,2024_18_CAR_ATL,CAR,00-0039491,1,1.3107093420112506,J.Coker
2024,2024_18_CHI_GB,CHI,00-0030279,1,-5.911163269076496,K.Allen
2024,2024_18_CHI_GB,CHI,00-0039918,29,3.9416614081710577,C.Williams
2024,2024_18_CHI_GB,GB,00-0036264,12,-2.7985995693234664,J.Love
2024,2024_18_CHI_GB,GB,00-0038128,17,-2.7617367076681907,M.Willis
2024,2024_18_CIN_PIT,CIN,00-0036442,50,-1.42624499736261,J.Burrow
2024,2024_18_CIN_PIT,PIT,00-0029263,35,-5.404655771760845,R.Wilson
2024,2024_18_CLE_BAL,BAL,00-0034796,31,5.2734521195234265,L.Jackson
2024,2024_18_CLE_BAL,CLE,00-0038108,32,-16.848805408400583,B.Zappe
2024,2024_18_CLE_BAL,CLE,00-0038583,4,-0.8675994474906474,D.Thompson-Robinson
2024,2024_18_HOU_TEN,HOU,00-0036898,23,-3.762977971753571,D.Mills
2024,2024_18_HOU_TEN,HOU,00-0039163,6,5.277879639528692,C.Stroud
2024,2024_18_HOU_TEN,TEN,00-0034771,10,0.5282645906536141,M.Rudolph
2024,2024_18_HOU_TEN,TEN,00-0039152,19,4.725940895776264,W.Levis
2024,2024_18_JAX_IND,IND,00-0026158,43,-3.6950000316639087,J.Flacco
2024,2024_18_JAX_IND,JAX,00-0036972,34,2.728372124314148,M.Jones
2024,2024_18_KC_DEN,DEN,00-0039732,29,25.95772983400812,B.Nix
2024,2024_18_KC_DEN,KC,00-0032950,21,-8.78485758761084,C.Wentz
2024,2024_18_KC_DEN,KC,00-0037324,1,-1.3898326593916863,C.Oladokun
2024,2024_18_LAC_LV,LAC,00-0036355,37,18.42212367073839,J.Herbert
2024,2024_18_LAC_LV,LV,00-0038122,2,0.2972585596144199,D.Ridder
2024,2024_18_LAC_LV,LV,00-0038579,34,-3.8717228206720593,A.O'Connell
2024,2024_18_MIA_NYJ,MIA,00-0035993,45,-6.921629176284158,T.Huntley
2024,2024_18_MIA_NYJ,NYJ,00-0023459,39,2.028019384821289,A.Rodgers
2024,2024_18_MIA_NYJ,NYJ,00-0034521,1,-1.0107955927378498,A.Lazard
2024,2024_18_MIN_DET,DET,00-0033106,35,1.5881570649833985,J.Goff
2024,2024_18_MIN_DET,MIN,00-0034869,43,-24.812253738504936,S.Darnold
2024,2024_18_NO_TB,NO,00-0039376,44,-1.0724893337699646,S.Rattler
2024,2024_18_NO_TB,TB,00-0034855,33,9.411980555664716,B.Mayfield
2024,2024_18_NYG_PHI,NYG,00-0035704,29,-8.675329102245367,D.Lock
2024,2024_18_NYG_PHI,PHI,00-0038400,43,7.516726461768228,T.McKee
2024,2024_18_SEA_LA,LA,00-0031345,45,2.0776321841180367,J.Garoppolo
2024,2024_18_SEA_LA,SEA,00-0030565,30,9.838861239118344,G.Smith
2024,2024_18_SF_ARI,ARI,00-0035228,35,8.010847701248606,K.Murray
2024,2024_18_SF_ARI,SF,00-0033949,44,3.30969838237886,J.Dobbs
2024,2024_18_WAS_DAL,DAL,00-0037012,36,-2.5586524666536583,T.Lance
2024,2024_18_WAS_DAL,WAS,00-0032268,20,10.753157478917393,M.Mariota
2024,2024_18_WAS_DAL,WAS,00-0036626,1,-0.4298603706993162,D.Brown
2024,2024_18_WAS_DAL,WAS,00-0039910,16,-11.413751845261851,J.Daniels
2024,2024_19_DEN_BUF,BUF,00-0034857,29,15.96646682515846,J.Allen
2024,2024_19_DEN_BUF,DEN,00-0032943,1,3.4906835660804063,R.Dixon
2024,2024_19_DEN_BUF,DEN,00-0039732,24,-7.437494957720211,B.Nix
2024,2024_19_GB_PHI,GB,00-0036264,35,-5.509075429002417,J.Love
2024,2024_19_GB_PHI,PHI,00-0036389,23,0.5318427028622046,J.Hurts
2024,2024_19_LAC_HOU,HOU,00-0039163,36,1.1497275900673811,C.Stroud
2024,2024_19_LAC_HOU,LAC,00-0036355,36,-23.056620933084403,J.Herbert
2024,2024_19_MIN_LA,LA,00-0026498,29,5.320361357126192,M.Stafford
2024,2024_19_MIN_LA,MIN,00-0034869,50,-29.898737033518195,S.Darnold
2024,2024_19_PIT_BAL,BAL,00-0034796,21,9.966151808795985,L.Jackson
2024,2024_19_PIT_BAL,PIT,00-0029263,33,8.114423981169239,R.Wilson
2024,2024_19_PIT_BAL,PIT,00-0036945,1,-0.4703446136554703,J.Fields
2024,2024_19_WAS_TB,TB,00-0034855,19,13.499115414618384,B.Mayfield
2024,2024_19_WAS_TB,WAS,00-0039910,36,11.077331459244014,J.Daniels
2024,2024_20_BAL_BUF,BAL,00-0034796,29,4.56418802212206,L.Jackson
2024,2024_20_BAL_BUF,BUF,00-0034857,23,-1.7310598662434282,J.Allen
2024,2024_20_HOU_KC,HOU,00-0039163,36,0.970950500509085,C.Stroud
2024,2024_20_HOU_KC,KC,00-0033873,28,-0.5429879332680922,P.Mahomes
2024,2024_20_LA_PHI,LA,00-0026498,49,3.7475674107428727,M.Stafford
2024,2024_20_LA_PHI,PHI,00-0036389,27,-4.764904062380083,J.Hurts
2024,2024_20_WAS_DET,DET,00-0031237,1,-0.1319517916999757,T.Bridgewater
2024,2024_20_WAS_DET,DET,00-0033106,39,-3.302367042517289,J.Goff
2024,2024_20_WAS_DET,DET,00-0035685,1,1.1859101130394265,D.Montgomery
2024,2024_20_WAS_DET,DET,00-0037240,1,-4.441427099518478,Ja.Williams
2024,2024_20_WAS_DET,WAS,00-0039910,31,19.172675308815947,J.Daniels
2024,2024_21_BUF_KC,BUF,00-0034857,37,7.281316275241578,J.Allen
2024,2024_21_BUF_KC,KC,00-0033873,29,17.219217011132944,P.Mahomes
2024,2024_21_WAS_PHI,PHI,00-0036389,30,16.010678982195138,J.Hurts
2024,2024_21_WAS_PHI,WAS,00-0030140,1,3.984215603442863,T.Way
2024,2024_21_WAS_PHI,WAS,00-0039910,53,0.0088339892030266,J.Daniels
2024,2024_22_KC_PHI,KC,00-0033873,41,-14.241485736841804,P.Mahomes
2024,2024_22_KC_PHI,PHI,00-0036389,24,14.077119197172578,J.Hurts
2024,2024_22_KC_PHI,PHI,00-0038102,1,-2.720175083552021,K.Pickett
2025,2025_01_ARI_NO,ARI,00-0035228,34,1.5247993258601382,K.Murray
2025,2025_01_ARI_NO,NO,00-0039376,45,-3.593186701583208,S.Rattler
2025,2025_01_BAL_BUF,BAL,00-0034796,21,8.798420577786704,L.Jackson
2025,2025_01_BAL_BUF,BUF,00-0034857,49,14.303660285478683,J.Allen
2025,2025_01_CAR_JAX,CAR,00-0039150,36,-15.40268957134174,B.Young
2025,2025_01_CAR_JAX,JAX,00-0036971,30,1.4557720210216152,T.Lawrence
2025,2025_01_CIN_CLE,CIN,00-0036442,26,-0.3315927372285721,J.Burrow
2025,2025_01_CIN_CLE,CLE,00-0026158,47,-1.8421275162300692,J.Flacco
2025,2025_01_DAL_PHI,DAL,00-0033077,33,1.1834143474010783,D.Prescott
2025,2025_01_DAL_PHI,PHI,00-0036389,24,1.5907520360172065,J.Hurts
2025,2025_01_DET_GB,DET,00-0033106,43,1.3743778578947283,J.Goff
2025,2025_01_DET_GB,GB,00-0036264,22,10.06529425203067,J.Love
2025,2025_01_HOU_LA,HOU,00-0039163,30,-4.065033344958763,C.Stroud
2025,2025_01_HOU_LA,LA,00-0026498,32,6.090108856966253,M.Stafford
2025,2025_01_KC_LAC,KC,00-0033873,41,3.5773808977751305,P.Mahomes
2025,2025_01_KC_LAC,LAC,00-0036355,37,17.567262160454625,J.Herbert
2025,2025_01_LV_NE,LV,00-0030565,37,14.247806560671323,G.Smith
2025,2025_01_LV_NE,NE,00-0039851,50,-0.3256324429139474,D.Maye
2025,2025_01_MIA_IND,IND,00-0035710,30,12.997713351082982,D.Jones
2025,2025_01_MIA_IND,MIA,00-0036212,27,-14.372576010195072,T.Tagovailoa
2025,2025_01_MIA_IND,MIA,00-0037013,8,-1.7699932106770575,Z.Wilson
2025,2025_01_MIN_CHI,CHI,00-0039918,37,-6.988247807139811,C.Williams
2025,2025_01_MIN_CHI,MIN,00-0039923,25,-9.8162908989945,J.McCarthy
2025,2025_01_NYG_WAS,NYG,00-0029263,39,-11.39383654077999,R.Wilson
2025,2025_01_NYG_WAS,WAS,00-0039910,33,1.364757596165873,J.Daniels
2025,2025_01_PIT_NYJ,NYJ,00-0036945,24,10.05393822364579,J.Fields
2025,2025_01_PIT_NYJ,PIT,00-0023459,34,10.20475524963341,A.Rodgers
2025,2025_01_SF_SEA,SEA,00-0034869,23,-6.743627762244325,S.Darnold
2025,2025_01_SF_SEA,SF,00-0037834,36,13.329884157278125,B.Purdy
2025,2025_01_TB_ATL,ATL,00-0039917,43,9.624095207309598,M.Penix
2025,2025_01_TB_ATL,TB,00-0034855,33,5.766234403595268,B.Mayfield
2025,2025_01_TEN_DEN,DEN,00-0039732,41,-7.655766740974426,B.Nix
2025,2025_01_TEN_DEN,TEN,00-0040676,34,-13.389458418787804,C.Ward
2025,2025_02_ATL_MIN,ATL,00-0039917,24,-3.2441715903873147,M.Penix
2025,2025_02_ATL_MIN,MIN,00-0039923,27,-17.96655729044881,J.McCarthy
2025,2025_02_BUF_NYJ,BUF,00-0033869,2,2.519746646983549,M.Trubisky
2025,2025_02_BUF_NYJ,BUF,00-0034857,26,-2.247475089648096,J.Allen
2025,2025_02_BUF_NYJ,NYJ,00-0028118,13,5.397247545304708,T.Taylor
2025,2025_02_BUF_NYJ,NYJ,00-0036945,13,-9.524855010502506,J.Fields
2025,2025_02_CAR_ARI,ARI,00-0035228,26,6.139767758614543,K.Murray
2025,2025_02_CAR_ARI,CAR,00-0039150,58,3.2342329092731377,B.Young
2025,2025_02_CHI_DET,CHI,00-0038416,3,0.8962666277075186,T.Bagent
2025,2025_02_CHI_DET,CHI,00-0039918,34,-0.9654794219241012,C.Williams
2025,2025_02_CHI_DET,DET,00-0033106,28,24.103420304085983,J.Goff
2025,2025_02_CLE_BAL,BAL,00-0034796,32,9.342703126255495,L.Jackson
2025,2025_02_CLE_BAL,CLE,00-0026158,47,-26.738699900731607,J.Flacco
2025,2025_02_CLE_BAL,CLE,00-0040704,3,3.4221809962182306,D.Gabriel
2025,2025_02_DEN_IND,DEN,00-0039732,30,8.345343489918493,B.Nix
2025,2025_02_DEN_IND,IND,00-0035710,35,10.95338626059685,D.Jones
2025,2025_02_JAX_CIN,CIN,00-0035100,33,-2.0213017329473897,J.Browning
2025,2025_02_JAX_CIN,CIN,00-0036442,15,0.1930838447879068,J.Burrow
2025,2025_02_JAX_CIN,JAX,00-0036971,43,5.005488552057198,T.Lawrence
2025,2025_02_LAC_LV,LAC,00-0036355,29,10.168125412291896,J.Herbert
2025,2025_02_LAC_LV,LV,00-0030565,46,-23.067928140179568,G.Smith
2025,2025_02_LA_TEN,LA,00-0026498,34,9.779970589626965,M.Stafford
2025,2025_02_LA_TEN,TEN,00-0040676,38,-6.733974176207457,C.Ward
2025,2025_02_NE_MIA,MIA,00-0036212,37,9.932129502697004,T.Tagovailoa
2025,2025_02_NE_MIA,NE,00-0039851,26,14.99050014814068,D.Maye
2025,2025_02_NYG_DAL,DAL,00-0033077,55,10.098487662582055,D.Prescott
2025,2025_02_NYG_DAL,NYG,00-0029263,44,17.073441614049575,R.Wilson
2025,2025_02_PHI_KC,KC,00-0033873,31,-7.1535654113225045,P.Mahomes
2025,2025_02_PHI_KC,PHI,00-0036389,24,-4.85998605615568,J.Hurts
2025,2025_02_SEA_PIT,PIT,00-0023459,36,-6.193220436920898,A.Rodgers
2025,2025_02_SEA_PIT,PIT,00-0034771,2,-0.1123071780893951,M.Rudolph
2025,2025_02_SEA_PIT,SEA,00-0034869,35,2.854062096416647,S.Darnold
2025,2025_02_SF_NO,NO,00-0039376,37,-2.823341653949246,S.Rattler
2025,2025_02_SF_NO,SF,00-0036972,41,2.872716699980669,M.Jones
2025,2025_02_TB_HOU,HOU,00-0039163,28,-4.481482616525894,C.Stroud
2025,2025_02_TB_HOU,TB,00-0034855,43,-0.643385174034916,B.Mayfield
2025,2025_02_WAS_GB,GB,00-0036264,33,6.662380209949733,J.Love
2025,2025_02_WAS_GB,WAS,00-0039910,46,-7.934033841546404,J.Daniels
2025,2025_03_ARI_SF,ARI,00-0035228,36,-0.6186131590061503,K.Murray
2025,2025_03_ARI_SF,SF,00-0036972,41,1.5868631020047914,M.Jones
2025,2025_03_ATL_CAR,ATL,00-0029604,7,-3.043475183425471,K.Cousins
2025,2025_03_ATL_CAR,ATL,00-0039917,36,-18.804658700747623,M.Penix
2025,2025_03_ATL_CAR,CAR,00-0039150,25,-2.483794948615308,B.Young
2025,2025_03_CIN_MIN,CIN,00-0034955,1,-1.2378779940772802,B.Rypien
2025,2025_03_CIN_MIN,CIN,00-0035100,30,-18.071667482451065,J.Browning
2025,2025_03_CIN_MIN,MIN,00-0032950,23,9.443549821281032,C.Wentz
2025,2025_03_CIN_MIN,MIN,00-0040494,4,-3.822981710953172,M.Brosmer
2025,2025_03_DAL_CHI,CHI,00-0039918,28,17.979574728623284,C.Williams
2025,2025_03_DAL_CHI,DAL,00-0033077,43,-1.896484852767028,D.Prescott
2025,2025_03_DAL_CHI,DAL,00-0039398,5,-0.7261007607448846,J.Milton
2025,2025_03_DEN_LAC,DEN,00-0039732,27,-1.5255322747893847,B.Nix
2025,2025_03_DEN_LAC,LAC,00-0036355,52,-2.3949824955743924,J.Herbert
2025,2025_03_DET_BAL,BAL,00-0032764,1,-0.4591185906319879,D.Henry
2025,2025_03_DET_BAL,BAL,00-0034796,35,11.022880831304771,L.Jackson
2025,2025_03_DET_BAL,DET,00-0033106,28,14.249866356456977,J.Goff
2025,2025_03_GB_CLE,CLE,00-0026158,37,-9.17460266958918,J.Flacco
2025,2025_03_GB_CLE,GB,00-0036264,30,-0.9422872209794448,J.Love
2025,2025_03_HOU_JAX,HOU,00-0039163,39,-3.9223341873016135,C.Stroud
2025,2025_03_HOU_JAX,JAX,00-0036971,42,-9.546405788773784,T.Lawrence
2025,2025_03_IND_TEN,IND,00-0035710,25,10.818640147236174,D.Jones
2025,2025_03_IND_TEN,TEN,00-0040676,42,-12.524410886228845,C.Ward
2025,2025_03_KC_NYG,KC,00-0033873,39,8.23080711069923,P.Mahomes
2025,2025_03_KC_NYG,NYG,00-0029263,34,-14.808334934932644,R.Wilson
2025,2025_03_LA_PHI,LA,00-0026498,34,-2.4790925060067264,M.Stafford
2025,2025_03_LA_PHI,PHI,00-0036389,37,-0.2115985595299861,J.Hurts
2025,2025_03_LV_WAS,LV,00-0030565,35,12.24070766654052,G.Smith
2025,2025_03_LV_WAS,WAS,00-0032268,21,10.84050515657676,M.Mariota
2025,2025_03_MIA_BUF,BUF,00-0034857,30,10.64952215948613,J.Allen
2025,2025_03_MIA_BUF,MIA,00-0036212,34,0.1474408378708176,T.Tagovailoa
2025,2025_03_NO_SEA,NO,00-0039376,41,1.4428194655963993,S.Rattler
2025,2025_03_NO_SEA,NO,00-0040743,2,-1.774221153347753,T.Shough
2025,2025_03_NO_SEA,SEA,00-0034869,18,16.96673510819116,S.Darnold
2025,2025_03_NO_SEA,SEA,00-0035704,3,-0.8927228087559342,D.Lock
2025,2025_03_NYJ_TB,NYJ,00-0028118,39,-7.753308154979737,T.Taylor
2025,2025_03_NYJ_TB,TB,00-0034855,30,8.269022356935064,B.Mayfield
2025,2025_03_PIT_NE,NE,00-0039851,42,1.4129189930099528,D.Maye
2025,2025_03_PIT_NE,PIT,00-0023459,23,0.1934049493283964,A.Rodgers
2025,2025_04_BAL_KC,BAL,00-0033662,13,-5.848786475718953,C.Rush
2025,2025_04_BAL_KC,BAL,00-0034796,23,-5.220177533155578,L.Jackson
2025,2025_04_BAL_KC,KC,00-0033873,38,16.188958369112918,P.Mahomes
2025,2025_04_CAR_NE,CAR,00-0027973,6,9.913806472613942,A.Dalton
2025,2025_04_CAR_NE,CAR,00-0039150,31,-8.936443562660584,B.Young
2025,2025_04_CAR_NE,NE,00-0033949,1,-0.8546301424503326,J.Dobbs
2025,2025_04_CAR_NE,NE,00-0039851,18,19.27563390720752,D.Maye
2025,2025_04_CHI_LV,CHI,00-0039918,39,-1.1209580173019456,C.Williams
2025,2025_04_CHI_LV,LV,00-0030565,20,-9.602183523751789,G.Smith
2025,2025_04_CIN_DEN,CIN,00-0035100,28,-10.354677599800777,J.Browning
2025,2025_04_CIN_DEN,DEN,00-0039732,42,13.279796198068652,B.Nix
2025,2025_04_CLE_DET,CLE,00-0026158,37,-19.947237710560973,J.Flacco
2025,2025_04_CLE_DET,CLE,00-0040704,1,-1.213066232507117,D.Gabriel
2025,2025_04_CLE_DET,DET,00-0033106,27,-1.022109346540395,J.Goff
2025,2025_04_GB_DAL,DAL,00-0033077,41,22.430883390743485,D.Prescott
2025,2025_04_GB_DAL,GB,00-0036264,44,21.450974295086887,J.Love
2025,2025_04_IND_LA,IND,00-0035710,35,4.143268179661794,D.Jones
2025,2025_04_IND_LA,LA,00-0026498,43,14.450304073013676,M.Stafford
2025,2025_04_JAX_SF,JAX,00-0036971,31,5.348803941946466,T.Lawrence
2025,2025_04_JAX_SF,SF,00-0037834,40,3.371967635811135,B.Purdy
2025,2025_04_LAC_NYG,LAC,00-0036355,43,-21.121796523494552,J.Herbert
2025,2025_04_LAC_NYG,NYG,00-0029263,2,-2.168585649225861,R.Wilson
2025,2025_04_LAC_NYG,NYG,00-0040691,25,-4.536941834476309,J.Dart
2025,2025_04_MIN_PIT,MIN,00-0032950,52,3.252385075435304,C.Wentz
2025,2025_04_MIN_PIT,PIT,00-0023459,24,3.799732759834968,A.Rodgers
2025,2025_04_NO_BUF,BUF,00-0034857,25,4.917184796040829,J.Allen
2025,2025_04_NO_BUF,NO,00-0037239,1,-3.595132173621096,C.Olave
2025,2025_04_NO_BUF,NO,00-0039376,30,-8.409940210783478,S.Rattler
2025,2025_04_NYJ_MIA,MIA,00-0036212,25,10.377943898333484,T.Tagovailoa
2025,2025_04_NYJ_MIA,NYJ,00-0036945,29,5.608728678049778,J.Fields
2025,2025_04_PHI_TB,PHI,00-0036389,26,-1.2928640485042706,J.Hurts
2025,2025_04_PHI_TB,TB,00-0034855,41,-5.28399500962787,B.Mayfield
2025,2025_04_SEA_ARI,ARI,00-0035228,47,-3.3043997842296657,K.Murray
2025,2025_04_SEA_ARI,SEA,00-0034869,29,9.92136531109626,S.Darnold
2025,2025_04_TEN_HOU,HOU,00-0039163,31,8.211450432493871,C.Stroud
2025,2025_04_TEN_HOU,TEN,00-0040676,27,-16.451596797642075,C.Ward
2025,2025_04_WAS_ATL,ATL,00-0039917,27,18.28767629923104,M.Penix
2025,2025_04_WAS_ATL,WAS,00-0032268,29,1.9127384445416675,M.Mariota
2025,2025_05_DAL_NYJ,DAL,00-0033077,30,11.848729786221256,D.Prescott
2025,2025_05_DAL_NYJ,NYJ,00-0036945,52,4.364786956830623,J.Fields
2025,2025_05_DEN_PHI,DEN,00-0039732,42,4.242067022660045,B.Nix
2025,2025_05_DEN_PHI,PHI,00-0036389,44,0.5049775303469999,J.Hurts
2025,2025_05_DET_CIN,CIN,00-0035100,42,-8.766111446794405,J.Browning
2025,2025_05_DET_CIN,DET,00-0033106,27,11.639841439959127,J.Goff
2025,2025_05_DET_CIN,DET,00-0035685,1,1.373055194679182,D.Montgomery
2025,2025_05_HOU_BAL,BAL,00-0033662,21,-7.894956491922906,C.Rush
2025,2025_05_HOU_BAL,HOU,00-0036898,4,0.7288865833543241,D.Mills
2025,2025_05_HOU_BAL,HOU,00-0039163,29,18.24793267996667,C.Stroud
2025,2025_05_KC_JAX,JAX,00-0036971,28,-0.7439143976450788,T.Lawrence
2025,2025_05_KC_JAX,KC,00-0033873,41,2.664317194139585,P.Mahomes
2025,2025_05_LV_IND,IND,00-0035710,32,12.359543740560532,D.Jones
2025,2025_05_LV_IND,IND,00-0039164,2,-1.2116199531592429,A.Richardson
2025,2025_05_LV_IND,IND,00-0040128,1,-0.4653273890144191,T.Warren
2025,2025_05_LV_IND,LV,00-0030565,40,-10.903446787652872,G.Smith
2025,2025_05_MIA_CAR,CAR,00-0039150,32,-1.059225698087828,B.Young
2025,2025_05_MIA_CAR,MIA,00-0036212,39,11.485191292514582,T.Tagovailoa
2025,2025_05_MIN_CLE,CLE,00-0040704,34,-2.2177870211891757,D.Gabriel
2025,2025_05_MIN_CLE,MIN,00-0032950,37,8.69971042177006,C.Wentz
2025,2025_05_MIN_CLE,MIN,00-0036414,1,3.2600105608580634,C.Akers
2025,2025_05_NE_BUF,BUF,00-0034857,32,10.64589824559546,J.Allen
2025,2025_05_NE_BUF,NE,00-0039851,34,9.731839577931728,D.Maye
2025,2025_05_NYG_NO,NO,00-0033357,1,1.8301944836275648,T.Hill
2025,2025_05_NYG_NO,NO,00-0039376,31,7.479521064558307,S.Rattler
2025,2025_05_NYG_NO,NYG,00-0040691,40,-12.264517302508466,J.Dart
2025,2025_05_SF_LA,LA,00-0026498,47,15.3807773471277,M.Stafford
2025,2025_05_SF_LA,SF,00-0036972,49,14.003761811146738,M.Jones
2025,2025_05_TB_SEA,SEA,00-0034869,34,23.413120006202856,S.Darnold
2025,2025_05_TB_SEA,TB,00-0034855,35,25.9806902520554,B.Mayfield
2025,2025_05_TEN_ARI,ARI,00-0033119,1,-0.7791321533732116,J.Brissett
2025,2025_05_TEN_ARI,ARI,00-0035228,34,1.979036984499544,K.Murray
2025,2025_05_TEN_ARI,TEN,00-0040676,41,1.5977186041471612,C.Ward
2025,2025_05_WAS_LAC,LAC,00-0036355,33,-6.124441063523405,J.Herbert
2025,2025_05_WAS_LAC,LAC,00-0037012,4,-1.2106754559790716,T.Lance
2025,2025_05_WAS_LAC,WAS,00-0039910,26,13.769057699043394,J.Daniels
2025,2025_06_ARI_IND,ARI,00-0033119,46,6.258094309852431,J.Brissett
2025,2025_06_ARI_IND,IND,00-0035710,31,2.8482230268754942,D.Jones
2025,2025_06_BUF_ATL,ATL,00-0039917,34,-0.4192698308516087,M.Penix
2025,2025_06_BUF_ATL,BUF,00-0034857,30,-7.167852376616793,J.Allen
2025,2025_06_CHI_WAS,CHI,00-0039918,33,3.275814118387534,C.Williams
2025,2025_06_CHI_WAS,WAS,00-0039910,29,6.435357536926994,J.Daniels
2025,2025_06_CIN_GB,CIN,00-0026158,45,6.505671614700354,J.Flacco
2025,2025_06_CIN_GB,GB,00-0036264,27,7.356112143495093,J.Love
2025,2025_06_CLE_PIT,CLE,00-0040704,58,-13.877616212263888,D.Gabriel
2025,2025_06_CLE_PIT,PIT,00-0023459,30,9.599199736872942,A.Rodgers
2025,2025_06_DAL_CAR,CAR,00-0039150,26,2.201376390146385,B.Young
2025,2025_06_DAL_CAR,DAL,00-0033077,34,17.745348571297626,D.Prescott
2025,2025_06_DEN_NYJ,DEN,00-0039732,31,5.107167024033728,B.Nix
2025,2025_06_DEN_NYJ,NYJ,00-0036945,26,-20.7214580506014,J.Fields
2025,2025_06_DET_KC,DET,00-0033106,30,6.713151381118223,J.Goff
2025,2025_06_DET_KC,KC,00-0033873,33,15.57258388680734,P.Mahomes
2025,2025_06_LAC_MIA,LAC,00-0036355,39,12.641889955414864,J.Herbert
2025,2025_06_LAC_MIA,MIA,00-0036212,34,-0.0333886147494779,T.Tagovailoa
2025,2025_06_LAC_MIA,MIA,00-0036613,1,-0.5923647911444314,J.Waddle
2025,2025_06_LA_BAL,BAL,00-0033662,19,-5.103429209696493,C.Rush
2025,2025_06_LA_BAL,BAL,00-0035993,18,-7.16104423685465,T.Huntley
2025,2025_06_LA_BAL,LA,00-0026498,28,0.9594451738590664,M.Stafford
2025,2025_06_NE_NO,NE,00-0039851,27,17.406637246674592,D.Maye
2025,2025_06_NE_NO,NO,00-0039376,28,3.9048227529301194,S.Rattler
2025,2025_06_PHI_NYG,NYG,00-0029263,1,-1.7682281213346869,R.Wilson
2025,2025_06_PHI_NYG,NYG,00-0040691,27,7.53858233615756,J.Dart
2025,2025_06_PHI_NYG,PHI,00-0036389,36,2.161582256778953,J.Hurts
2025,2025_06_SEA_JAX,JAX,00-0036971,49,-0.3868465225514557,T.Lawrence
2025,2025_06_SEA_JAX,SEA,00-0034869,28,10.52449972709388,S.Darnold
2025,2025_06_SF_TB,SF,00-0036972,45,-4.42705243935853,M.Jones
2025,2025_06_SF_TB,TB,00-0034855,24,12.067489617715156,B.Mayfield
2025,2025_06_TEN_LV,LV,00-0030565,25,0.5693263779394329,G.Smith
2025,2025_06_TEN_LV,TEN,00-0040676,43,-14.638347636791876,C.Ward
2025,2025_07_ATL_SF,ATL,00-0039917,40,-6.737357140441047,M.Penix
2025,2025_07_ATL_SF,SF,00-0036972,27,1.968226376034634,M.Jones
2025,2025_07_CAR_NYJ,CAR,00-0027973,8,-2.7145870813401416,A.Dalton
2025,2025_07_CAR_NYJ,CAR,00-0039150,26,0.1084312759271246,B.Young
2025,2025_07_CAR_NYJ,NYJ,00-0028118,25,-4.264952001140927,T.Taylor
2025,2025_07_CAR_NYJ,NYJ,00-0036945,15,-9.234413881145883,J.Fields
2025,2025_07_GB_ARI,ARI,00-0033119,42,1.0358332606710157,J.Brissett
2025,2025_07_GB_ARI,GB,00-0036264,30,6.063561517960258,J.Love
2025,2025_07_HOU_SEA,HOU,00-0039163,53,-13.52440370475038,C.Stroud
2025,2025_07_HOU_SEA,SEA,00-0033908,1,-5.370166467153467,C.Kupp
2025,2025_07_HOU_SEA,SEA,00-0034869,33,-5.613761459817213,S.Darnold
2025,2025_07_IND_LAC,IND,00-0035710,35,14.348580248464833,D.Jones
2025,2025_07_IND_LAC,LAC,00-0036355,58,5.819126800481275,J.Herbert
2025,2025_07_LA_JAX,JAX,00-0036971,55,-13.934148005980758,T.Lawrence
2025,2025_07_LA_JAX,LA,00-0026498,33,8.782921106321737,M.Stafford
2025,2025_07_LV_KC,KC,00-0033873,36,19.33917764713534,P.Mahomes
2025,2025_07_LV_KC,LV,00-0030565,17,-9.709725162945688,G.Smith
2025,2025_07_LV_KC,LV,00-0038102,2,-0.7535614247899503,K.Pickett
2025,2025_07_MIA_CLE,CLE,00-0040704,20,0.8498010866597445,D.Gabriel
2025,2025_07_MIA_CLE,MIA,00-0036212,25,-23.489218928981693,T.Tagovailoa
2025,2025_07_MIA_CLE,MIA,00-0040234,10,-3.0399087821133435,Q.Ewers
2025,2025_07_NE_TEN,NE,00-0033949,1,1.7749354206607677,J.Dobbs
2025,2025_07_NE_TEN,NE,00-0039851,27,9.747935889102669,D.Maye
2025,2025_07_NE_TEN,TEN,00-0040676,39,-11.742684764254212,C.Ward
2025,2025_07_NO_CHI,CHI,00-0039918,27,2.149814817582892,C.Williams
2025,2025_07_NO_CHI,NO,00-0039376,36,-12.23894606068894,S.Rattler
2025,2025_07_NYG_DEN,DEN,00-0039732,53,-1.9763964661685751,B.Nix
2025,2025_07_NYG_DEN,NYG,00-0040691,38,8.377084178893828,J.Dart
2025,2025_07_PHI_MIN,MIN,00-0032950,44,-2.276972435588653,C.Wentz
2025,2025_07_PHI_MIN,PHI,00-0036389,26,18.90667418378871,J.Hurts
2025,2025_07_PIT_CIN,CIN,00-0026158,49,15.144058558264485,J.Flacco
2025,2025_07_PIT_CIN,PIT,00-0023459,34,13.311911904311271,A.Rodgers
2025,2025_07_TB_DET,DET,00-0033106,33,-8.635040956975383,J.Goff
2025,2025_07_TB_DET,TB,00-0034855,55,-25.048290733687832,B.Mayfield
2025,2025_07_WAS_DAL,DAL,00-0033077,31,7.193154708318104,D.Prescott
2025,2025_07_WAS_DAL,WAS,00-0032268,12,-14.07168677879963,M.Mariota
2025,2025_07_WAS_DAL,WAS,00-0039910,24,-5.883244332449976,J.Daniels
2025,2025_08_BUF_CAR,BUF,00-0033869,4,0.729749396792613,M.Trubisky
2025,2025_08_BUF_CAR,BUF,00-0034857,21,7.693339027595142,J.Allen
2025,2025_08_BUF_CAR,CAR,00-0027973,31,-12.860889769130974,A.Dalton
2025,2025_08_CHI_BAL,BAL,00-0035993,24,5.315543281004171,T.Huntley
2025,2025_08_CHI_BAL,CHI,00-0039918,39,1.0999335164201205,C.Williams
2025,2025_08_CLE_NE,CLE,00-0040704,37,-19.84580293446636,D.Gabriel
2025,2025_08_CLE_NE,NE,00-0039851,30,6.421182738901681,D.Maye
2025,2025_08_DAL_DEN,DAL,00-0033077,33,-4.384394332819756,D.Prescott
2025,2025_08_DAL_DEN,DAL,00-0039398,4,5.733710461063311,J.Milton
2025,2025_08_DAL_DEN,DEN,00-0039732,30,14.092828136220142,B.Nix
2025,2025_08_GB_PIT,GB,00-0036264,38,22.352007517259448,J.Love
2025,2025_08_GB_PIT,PIT,00-0023459,40,-4.052352931075593,A.Rodgers
2025,2025_08_MIA_ATL,ATL,00-0029604,32,-5.867928963794839,K.Cousins
2025,2025_08_MIA_ATL,MIA,00-0036212,27,9.609911366660778,T.Tagovailoa
2025,2025_08_MIA_ATL,MIA,00-0037013,1,-3.3889502391102724,Z.Wilson
2025,2025_08_MIN_LAC,LAC,00-0036355,27,11.607531543715911,J.Herbert
2025,2025_08_MIN_LAC,MIN,00-0032950,32,-12.73999706881145,C.Wentz
2025,2025_08_MIN_LAC,MIN,00-0040494,4,-0.0107737586949951,M.Brosmer
2025,2025_08_NYG_PHI,NYG,00-0040691,29,3.372110629519341,J.Dart
2025,2025_08_NYG_PHI,PHI,00-0036389,24,8.026514688373709,J.Hurts
2025,2025_08_NYJ_CIN,CIN,00-0026158,35,3.1859004099274557,J.Flacco
2025,2025_08_NYJ_CIN,NYJ,00-0036945,32,15.309926734706744,J.Fields
2025,2025_08_NYJ_CIN,NYJ,00-0038120,1,1.194561611104291,B.Hall
2025,2025_08_SF_HOU,HOU,00-0039163,39,19.188032113091264,C.Stroud
2025,2025_08_SF_HOU,SF,00-0036972,35,-2.791569479173515,M.Jones
2025,2025_08_TB_NO,NO,00-0039376,23,-6.999590925070994,S.Rattler
2025,2025_08_TB_NO,NO,00-0040743,32,-15.057858266751282,T.Shough
2025,2025_08_TB_NO,TB,00-0034855,27,-1.770362463950527,B.Mayfield
2025,2025_08_TEN_IND,IND,00-0035710,32,13.842817138787025,D.Jones
2025,2025_08_TEN_IND,IND,00-0040206,2,-2.116206401027739,R.Leonard
2025,2025_08_TEN_IND,TEN,00-0040676,41,-8.368194033158943,C.Ward
2025,2025_08_WAS_KC,KC,00-0033873,37,13.728703663044143,P.Mahomes
2025,2025_08_WAS_KC,WAS,00-0032268,32,-7.404169346555136,M.Mariota
2025,2025_09_ARI_DAL,ARI,00-0033119,36,7.010368498253448,J.Brissett
2025,2025_09_ARI_DAL,DAL,00-0033077,43,-5.252358172470329,D.Prescott
2025,2025_09_ATL_NE,ATL,00-0039917,38,3.742431711216263,M.Penix
2025,2025_09_ATL_NE,NE,00-0039851,35,0.4237268484247227,D.Maye
2025,2025_09_BAL_MIA,BAL,00-0034796,25,10.401708490913734,L.Jackson
2025,2025_09_BAL_MIA,MIA,00-0036212,41,3.4958965966866806,T.Tagovailoa
2025,2025_09_CAR_GB,CAR,00-0039150,21,-3.305482862138888,B.Young
2025,2025_09_CAR_GB,GB,00-0036264,38,5.899998472000961,J.Love
2025,2025_09_CHI_CIN,CHI,00-0034827,1,3.8681936897919513,D.Moore
2025,2025_09_CHI_CIN,CHI,00-0036290,1,-0.4927360210567713,C.Kmet
2025,2025_09_CHI_CIN,CHI,00-0038416,1,1.4088159858365543,T.Bagent
2025,2025_09_CHI_CIN,CHI,00-0039918,37,14.034130709070611,C.Williams
2025,2025_09_CHI_CIN,CIN,00-0026158,51,16.731745319796122,J.Flacco
2025,2025_09_DEN_HOU,DEN,00-0039732,39,-3.500159671231928,B.Nix
2025,2025_09_DEN_HOU,HOU,00-0036898,32,-5.678505135843193,D.Mills
2025,2025_09_DEN_HOU,HOU,00-0039163,12,3.0863300227839026,C.Stroud
2025,2025_09_IND_PIT,IND,00-0035710,54,-16.300366617893957,D.Jones
2025,2025_09_IND_PIT,PIT,00-0023459,38,0.0109541692459926,A.Rodgers
2025,2025_09_JAX_LV,JAX,00-0036971,34,-0.9027933454080076,T.Lawrence
2025,2025_09_JAX_LV,LV,00-0030565,42,11.396392546725169,G.Smith
2025,2025_09_KC_BUF,BUF,00-0034857,29,9.603388036164688,J.Allen
2025,2025_09_KC_BUF,KC,00-0033873,38,-1.682720837813762,P.Mahomes
2025,2025_09_LAC_TEN,LAC,00-0036355,35,1.8336171157623544,J.Herbert
2025,2025_09_LAC_TEN,TEN,00-0040676,25,-1.692690688505536,C.Ward
2025,2025_09_MIN_DET,DET,00-0033106,42,4.1288096063833954,J.Goff
2025,2025_09_MIN_DET,MIN,00-0039923,30,-7.4183446173490415,J.McCarthy
2025,2025_09_NO_LA,LA,00-0026498,34,11.838741028613722,M.Stafford
2025,2025_09_NO_LA,NO,00-0033357,1,-0.7399639681680128,T.Hill
2025,2025_09_NO_LA,NO,00-0040743,24,0.0938296116655692,T.Shough
2025,2025_09_SEA_WAS,SEA,00-0034869,24,22.447935086084,S.Darnold
2025,2025_09_SEA_WAS,WAS,00-0039910,26,-1.3299716647306925,J.Daniels
2025,2025_09_SF_NYG,NYG,00-0040691,35,1.7102711593444475,J.Dart
2025,2025_09_SF_NYG,SF,00-0036972,26,13.49070095318574,M.Jones
2025,2025_10_ARI_SEA,ARI,00-0033119,50,-11.871959152092924,J.Brissett
2025,2025_10_ARI_SEA,ARI,00-0039577,1,-0.6202312656678259,K.Slovis
2025,2025_10_ARI_SEA,SEA,00-0034869,13,4.095139754899237,S.Darnold
2025,2025_10_ATL_IND,ATL,00-0039917,32,-8.050063597610325,M.Penix
2025,2025_10_ATL_IND,IND,00-0035710,34,-2.113338494551453,D.Jones
2025,2025_10_BAL_MIN,BAL,00-0034796,31,-1.389796550758274,L.Jackson
2025,2025_10_BAL_MIN,MIN,00-0039923,44,-9.892118250213404,J.McCarthy
2025,2025_10_BUF_MIA,BUF,00-0034857,44,4.186331392542459,J.Allen
2025,2025_10_BUF_MIA,MIA,00-0036212,21,9.007470136275517,T.Tagovailoa
2025,2025_10_CLE_NYJ,CLE,00-0040704,38,-7.389529405771441,D.Gabriel
2025,2025_10_CLE_NYJ,NYJ,00-0036945,14,-10.175787572690751,J.Fields
2025,2025_10_DET_WAS,DET,00-0033106,33,25.34362703664474,J.Goff
2025,2025_10_DET_WAS,DET,00-0034577,2,-1.3552653677443862,K.Allen
2025,2025_10_DET_WAS,WAS,00-0032268,25,10.92373223727344,M.Mariota
2025,2025_10_JAX_HOU,HOU,00-0036898,49,0.7544076708290386,D.Mills
2025,2025_10_JAX_HOU,JAX,00-0036971,29,-7.292075384233067,T.Lawrence
2025,2025_10_LA_SF,LA,00-0026498,37,22.63015853331308,M.Stafford
2025,2025_10_LA_SF,SF,00-0036972,40,18.252678949662485,M.Jones
2025,2025_10_LV_DEN,DEN,00-0034348,1,-4.031719361392031,C.Sutton
2025,2025_10_LV_DEN,DEN,00-0039732,29,-6.544006506850952,B.Nix
2025,2025_10_LV_DEN,LV,00-0030565,32,-16.31954670541179,G.Smith
2025,2025_10_LV_DEN,LV,00-0038102,1,-0.9850948718376458,K.Pickett
2025,2025_10_NE_TB,NE,00-0039851,32,6.266848459315952,D.Maye
2025,2025_10_NE_TB,TB,00-0034855,45,0.9682208392788594,B.Mayfield
2025,2025_10_NO_CAR,CAR,00-0039150,27,-11.4978759260794,B.Young
2025,2025_10_NO_CAR,NO,00-0033357,1,-0.574528492288664,T.Hill
2025,2025_10_NO_CAR,NO,00-0040743,29,11.777017397178302,T.Shough
2025,2025_10_NYG_CHI,CHI,00-0039918,36,-6.061366754207314,C.Williams
2025,2025_10_NYG_CHI,NYG,00-0029263,9,-2.6007183073670603,R.Wilson
2025,2025_10_NYG_CHI,NYG,00-0040691,31,3.4402063399511795,J.Dart
2025,2025_10_PHI_GB,GB,00-0036264,38,-8.066629703852682,J.Love
2025,2025_10_PHI_GB,PHI,00-0036389,26,8.49402574551641,J.Hurts
2025,2025_10_PIT_LAC,LAC,00-0036355,38,-6.661067343007555,J.Herbert
2025,2025_10_PIT_LAC,PIT,00-0023459,34,-18.09004052675284,A.Rodgers
2025,2025_11_BAL_CLE,BAL,00-0034796,30,-12.848054744788678,L.Jackson
2025,2025_11_BAL_CLE,CLE,00-0040668,18,-14.408387282746844,S.Sanders
2025,2025_11_BAL_CLE,CLE,00-0040704,11,-2.5845736775704307,D.Gabriel
2025,2025_11_CAR_ATL,ATL,00-0029604,14,-3.795178366062174,K.Cousins
2025,2025_11_CAR_ATL,ATL,00-0039917,16,10.74121231713798,M.Penix
2025,2025_11_CAR_ATL,CAR,00-0039150,52,14.242022988657276,B.Young
2025,2025_11_CHI_MIN,CHI,00-0039918,34,-0.9484717985872968,C.Williams
2025,2025_11_CHI_MIN,MIN,00-0039923,32,-13.061916102694454,J.McCarthy
2025,2025_11_CIN_PIT,CIN,00-0026158,41,-9.329388562074028,J.Flacco
2025,2025_11_CIN_PIT,PIT,00-0023459,16,1.238684057501668,A.Rodgers
2025,2025_11_CIN_PIT,PIT,00-0034771,16,10.721693948170673,M.Rudolph
2025,2025_11_DAL_LV,DAL,00-0033077,34,8.562692845276407,D.Prescott
2025,2025_11_DAL_LV,LV,00-0030565,46,-14.232012563434278,G.Smith
2025,2025_11_DET_PHI,DET,00-0033106,39,-14.263226809680678,J.Goff
2025,2025_11_DET_PHI,PHI,00-0036389,29,-8.38929800431808,J.Hurts
2025,2025_11_GB_NYG,GB,00-0036264,27,10.40877283333987,J.Love
2025,2025_11_GB_NYG,GB,00-0038128,2,2.0718749547959305,M.Willis
2025,2025_11_GB_NYG,NYG,00-0031503,31,6.399802807543892,J.Winston
2025,2025_11_HOU_TEN,HOU,00-0036898,45,-0.1929771544812348,D.Mills
2025,2025_11_HOU_TEN,TEN,00-0040676,40,-2.71816846039732,C.Ward
2025,2025_11_KC_DEN,DEN,00-0039732,39,5.053020263566832,B.Nix
2025,2025_11_KC_DEN,DEN,00-0040730,1,-0.4586076693958603,R.Harvey
2025,2025_11_KC_DEN,KC,00-0033873,48,1.151241861704671,P.Mahomes
2025,2025_11_LAC_JAX,JAX,00-0036971,22,2.3877489911101293,T.Lawrence
2025,2025_11_LAC_JAX,LAC,00-0036355,20,-14.244363311345335,J.Herbert
2025,2025_11_LAC_JAX,LAC,00-0037012,9,-7.450519461068325,T.Lance
2025,2025_11_NYJ_NE,NE,00-0039851,35,12.246038138652798,D.Maye
2025,2025_11_NYJ_NE,NYJ,00-0036945,28,-7.414159964653663,J.Fields
2025,2025_11_NYJ_NE,NYJ,00-0039451,1,-0.8187713430379517,I.Williams
2025,2025_11_SEA_LA,LA,00-0026498,28,-4.049926161009353,M.Stafford
2025,2025_11_SEA_LA,SEA,00-0034869,44,-13.136533367589896,S.Darnold
2025,2025_11_SF_ARI,ARI,00-0033119,58,9.212935896495567,J.Brissett
2025,2025_11_SF_ARI,SF,00-0037834,28,8.642695559272799,B.Purdy
2025,2025_11_TB_BUF,BUF,00-0034857,31,12.44086280861659,J.Allen
2025,2025_11_TB_BUF,TB,00-0034855,31,-8.958836055104406,B.Mayfield
2025,2025_11_WAS_MIA,MIA,00-0036212,23,1.9614673138904752,T.Tagovailoa
2025,2025_11_WAS_MIA,WAS,00-0032268,31,4.05368816264805,M.Mariota
2025,2025_12_ATL_NO,ATL,00-0029604,25,-3.965246638594405,K.Cousins
2025,2025_12_ATL_NO,NO,00-0033357,2,-7.587928771992891,T.Hill
2025,2025_12_ATL_NO,NO,00-0040743,48,-10.291987417184494,T.Shough
2025,2025_12_BUF_HOU,BUF,00-0034857,42,-7.277763720803337,J.Allen
2025,2025_12_BUF_HOU,HOU,00-0036898,30,-6.352323018502744,D.Mills
2025,2025_12_CAR_SF,CAR,00-0039150,31,-9.992723701494928,B.Young
2025,2025_12_CAR_SF,SF,00-0037834,32,-3.168522982927289,B.Purdy
2025,2025_12_CLE_LV,CLE,00-0040668,21,1.9820752221727345,S.Sanders
2025,2025_12_CLE_LV,LV,00-0030565,54,-20.258941511998373,G.Smith
2025,2025_12_IND_KC,IND,00-0035710,31,1.4296765363172348,D.Jones
2025,2025_12_IND_KC,KC,00-0033873,51,8.500650892524233,P.Mahomes
2025,2025_12_JAX_ARI,ARI,00-0033119,55,-8.522086946416568,J.Brissett
2025,2025_12_JAX_ARI,ARI,00-0039577,1,-1.5264001602772623,K.Slovis
2025,2025_12_JAX_ARI,JAX,00-0036971,33,-9.005758199020079,T.Lawrence
2025,2025_12_MIN_GB,GB,00-0036264,22,5.490758609189893,J.Love
2025,2025_12_MIN_GB,GB,00-0038128,1,0.3700421722605824,M.Willis
2025,2025_12_MIN_GB,MIN,00-0039923,24,-16.463835103171725,J.McCarthy
2025,2025_12_NE_CIN,CIN,00-0026158,37,-14.271977953295725,J.Flacco
2025,2025_12_NE_CIN,CIN,00-0035100,1,0.8267194108339027,J.Browning
2025,2025_12_NE_CIN,NE,00-0039851,36,6.7743000405394485,D.Maye
2025,2025_12_NYG_DET,DET,00-0033106,43,-6.204211909654816,J.Goff
2025,2025_12_NYG_DET,NYG,00-0031503,37,10.519610372842294,J.Winston
2025,2025_12_NYG_DET,NYG,00-0035645,1,3.2233546525239944,G.Olszewski
2025,2025_12_NYJ_BAL,BAL,00-0034796,24,-0.0710245292235827,L.Jackson
2025,2025_12_NYJ_BAL,NYJ,00-0028118,31,0.7697196948200404,T.Taylor
2025,2025_12_PHI_DAL,DAL,00-0033077,36,4.220486363538866,D.Prescott
2025,2025_12_PHI_DAL,PHI,00-0036389,40,8.190091875261315,J.Hurts
2025,2025_12_PIT_CHI,CHI,00-0039918,35,0.5526937606580802,C.Williams
2025,2025_12_PIT_CHI,PIT,00-0034771,33,-5.817271571839228,M.Rudolph
2025,2025_12_SEA_TEN,SEA,00-0034869,27,9.42420726075015,S.Darnold
2025,2025_12_SEA_TEN,TEN,00-0040676,46,2.119718929560406,C.Ward
2025,2025_12_TB_LA,LA,00-0026498,36,8.219429925997625,M.Stafford
2025,2025_12_TB_LA,TB,00-0031237,17,-12.498526949668303,T.Bridgewater
2025,2025_12_TB_LA,TB,00-0034855,21,-18.236453417455778,B.Mayfield
2025,2025_13_ARI_TB,ARI,00-0033119,41,5.435921828270449,J.Brissett
2025,2025_13_ARI_TB,TB,00-0034855,30,1.7500612158833175,B.Mayfield
2025,2025_13_ATL_NYJ,ATL,00-0029604,35,5.853858310111897,K.Cousins
2025,2025_13_ATL_NYJ,NYJ,00-0028118,35,-0.968703565033632,T.Taylor
2025,2025_13_BUF_PIT,BUF,00-0034857,23,5.398728491622023,J.Allen
2025,2025_13_BUF_PIT,PIT,00-0023459,22,-9.5785145421396,A.Rodgers
2025,2025_13_BUF_PIT,PIT,00-0034771,3,-2.2887515111942776,M.Rudolph
2025,2025_13_CHI_PHI,CHI,00-0039918,38,-6.028513783271149,C.Williams
2025,2025_13_CHI_PHI,PHI,00-0036389,33,2.512525741500646,J.Hurts
2025,2025_13_CIN_BAL,BAL,00-0034796,35,-11.811996963922866,L.Jackson
2025,2025_13_CIN_BAL,CIN,00-0036442,47,6.142689269761428,J.Burrow
2025,2025_13_DEN_WAS,DEN,00-0039732,46,9.88027036314034,B.Nix
2025,2025_13_DEN_WAS,WAS,00-0032268,53,-0.339285278882058,M.Mariota
2025,2025_13_GB_DET,DET,00-0033106,29,9.494504789796594,J.Goff
2025,2025_13_GB_DET,DET,00-0035685,1,-0.4135682895430363,D.Montgomery
2025,2025_13_GB_DET,GB,00-0036264,30,16.350408765736013,J.Love
2025,2025_13_HOU_IND,HOU,00-0039163,37,7.595687960062666,C.Stroud
2025,2025_13_HOU_IND,IND,00-0035710,28,0.6210259530715807,D.Jones
2025,2025_13_JAX_TEN,JAX,00-0036971,30,4.863736678089481,T.Lawrence
2025,2025_13_JAX_TEN,TEN,00-0040676,41,-20.3992894543822,C.Ward
2025,2025_13_KC_DAL,DAL,00-0033077,40,15.606953173174931,D.Prescott
2025,2025_13_KC_DAL,KC,00-0033873,37,14.157640327583067,P.Mahomes
2025,2025_13_LA_CAR,CAR,00-0039150,22,14.25771617126884,B.Young
2025,2025_13_LA_CAR,LA,00-0026498,30,-3.512069752730895,M.Stafford
2025,2025_13_LV_LAC,LAC,00-0036355,23,7.317836725861905,J.Herbert
2025,2025_13_LV_LAC,LAC,00-0037012,1,0.9016240304335952,T.Lance
2025,2025_13_LV_LAC,LV,00-0030565,28,-2.135615331266308,G.Smith
2025,2025_13_MIN_SEA,MIN,00-0040494,34,-29.14437764865579,M.Brosmer
2025,2025_13_MIN_SEA,SEA,00-0034869,30,-8.514976311607233,S.Darnold
2025,2025_13_NO_MIA,MIA,00-0036212,26,-8.339764964666182,T.Tagovailoa
2025,2025_13_NO_MIA,NO,00-0040743,43,-11.17374750818414,T.Shough
2025,2025_13_NYG_NE,NE,00-0039851,34,11.539165703912136,D.Maye
2025,2025_13_NYG_NE,NYG,00-0040691,27,-4.815171926937066,J.Dart
2025,2025_13_SF_CLE,CLE,00-0040668,28,-3.9443025094806217,S.Sanders
2025,2025_13_SF_CLE,CLE,00-0040704,1,-0.5712420791387558,D.Gabriel
2025,2025_13_SF_CLE,SF,00-0033280,1,-0.770897071401123,C.McCaffrey
2025,2025_13_SF_CLE,SF,00-0037834,31,3.4148892117576763,B.Purdy
2025,2025_14_CHI_GB,CHI,00-0039918,36,-0.1788737771114856,C.Williams
2025,2025_14_CHI_GB,GB,00-0036264,26,8.027323357702699,J.Love
2025,2025_14_CIN_BUF,BUF,00-0034857,32,16.701261836904568,J.Allen
2025,2025_14_CIN_BUF,CIN,00-0036442,38,8.175821986326017,J.Burrow
2025,2025_14_DAL_DET,DAL,00-0033077,53,1.0007189599864188,D.Prescott
2025,2025_14_DAL_DET,DET,00-0033106,35,12.198009743105478,J.Goff
2025,2025_14_DEN_LV,DEN,00-0039732,41,5.895924786257751,B.Nix
2025,2025_14_DEN_LV,LV,00-0030565,24,-2.6853824941790663,G.Smith
2025,2025_14_DEN_LV,LV,00-0038102,11,2.052511691708004,K.Pickett
2025,2025_14_HOU_KC,HOU,00-0039163,34,0.1888540767831728,C.Stroud
2025,2025_14_HOU_KC,KC,00-0033873,34,-22.31571990065843,P.Mahomes
2025,2025_14_IND_JAX,IND,00-0035710,7,-1.2487673769355752,D.Jones
2025,2025_14_IND_JAX,IND,00-0040206,31,-4.22890140820367,R.Leonard
2025,2025_14_IND_JAX,JAX,00-0033319,1,-0.5442676531910864,N.Mullens
2025,2025_14_IND_JAX,JAX,00-0036971,30,11.446817514329236,T.Lawrence
2025,2025_14_LA_ARI,ARI,00-0033119,47,-3.2885501382786293,J.Brissett
2025,2025_14_LA_ARI,LA,00-0026498,31,15.409675605792277,M.Stafford
2025,2025_14_MIA_NYJ,MIA,00-0036212,22,1.6633908300718758,T.Tagovailoa
2025,2025_14_MIA_NYJ,NYJ,00-0028118,4,-6.361320882104337,T.Taylor
2025,2025_14_MIA_NYJ,NYJ,00-0040398,36,-17.79291854590123,B.Cook
2025,2025_14_NO_TB,NO,00-0040743,23,1.7832198767634715,T.Shough
2025,2025_14_NO_TB,TB,00-0034855,30,-9.81600643074352,B.Mayfield
2025,2025_14_PHI_LAC,LAC,00-0036355,33,-15.577254686101282,J.Herbert
2025,2025_14_PHI_LAC,PHI,00-0036389,41,-16.236034230799348,J.Hurts
2025,2025_14_PIT_BAL,BAL,00-0034796,35,-4.801996737232487,L.Jackson
2025,2025_14_PIT_BAL,PIT,00-0023459,34,10.56656205523317,A.Rodgers
2025,2025_14_SEA_ATL,ATL,00-0029604,31,-15.373345657525777,K.Cousins
2025,2025_14_SEA_ATL,SEA,00-0034869,32,10.041374834340722,S.Darnold
2025,2025_14_TEN_CLE,CLE,00-0040668,44,6.886805881192169,S.Sanders
2025,2025_14_TEN_CLE,CLE,00-0040784,1,-0.947,Q.Judkins
2025,2025_14_TEN_CLE,TEN,00-0040676,29,-8.783842270087916,C.Ward
2025,2025_14_WAS_MIN,MIN,00-0039923,27,9.261102716423526,J.McCarthy
2025,2025_14_WAS_MIN,WAS,00-0032268,5,-5.859943775227293,M.Mariota
2025,2025_14_WAS_MIN,WAS,00-0039910,21,-11.26465104916133,J.Daniels
2025,2025_15_ARI_HOU,ARI,00-0033119,43,-1.7912137348465622,J.Brissett
2025,2025_15_ARI_HOU,HOU,00-0039163,29,14.937865763074024,C.Stroud
2025,2025_15_ATL_TB,ATL,00-0029604,46,16.85078013912449,K.Cousins
2025,2025_15_ATL_TB,TB,00-0034855,40,4.416929572669964,B.Mayfield
2025,2025_15_BAL_CIN,BAL,00-0034796,16,0.0706165007556265,L.Jackson
2025,2025_15_BAL_CIN,CIN,00-0036442,42,-13.749246517487336,J.Burrow
2025,2025_15_BUF_NE,BUF,00-0034857,30,9.454444676433924,J.Allen
2025,2025_15_BUF_NE,NE,00-0039851,26,-3.4051079509954434,D.Maye
2025,2025_15_CAR_NO,CAR,00-0039150,25,7.697387703885038,B.Young
2025,2025_15_CAR_NO,NO,00-0039376,1,0.1130155742935574,S.Rattler
2025,2025_15_CAR_NO,NO,00-0040743,36,8.713917691150925,T.Shough
2025,2025_15_CLE_CHI,CHI,00-0039918,31,3.286935054832288,C.Williams
2025,2025_15_CLE_CHI,CLE,00-0040668,40,-22.947253412075973,S.Sanders
2025,2025_15_DET_LA,DET,00-0033106,42,12.801599703498884,J.Goff
2025,2025_15_DET_LA,LA,00-0026498,40,8.236465174336455,M.Stafford
2025,2025_15_GB_DEN,DEN,00-0039732,34,20.588175864482764,B.Nix
2025,2025_15_GB_DEN,GB,00-0036264,43,-0.5307070007615726,J.Love
2025,2025_15_IND_SEA,IND,00-0022942,28,-2.533307095480697,P.Rivers
2025,2025_15_IND_SEA,SEA,00-0034869,35,4.637304003345406,S.Darnold
2025,2025_15_LAC_KC,KC,00-0033873,33,-3.5684775030283937,P.Mahomes
2025,2025_15_LAC_KC,KC,00-0035289,5,-1.0742123512900434,G.Minshew
2025,2025_15_LAC_KC,LAC,00-0036355,33,0.4335792132866323,J.Herbert
2025,2025_15_LV_PHI,LV,00-0038102,29,-16.72820816631429,K.Pickett
2025,2025_15_LV_PHI,PHI,00-0036389,16,12.753809875184851,J.Hurts
2025,2025_15_LV_PHI,PHI,00-0038400,3,3.694791657559108,T.McKee
2025,2025_15_MIA_PIT,MIA,00-0036212,34,2.64083932511881,T.Tagovailoa
2025,2025_15_MIA_PIT,PIT,00-0023459,30,11.127134462120011,A.Rodgers
2025,2025_15_MIN_DAL,DAL,00-0033077,40,0.9589329863363228,D.Prescott
2025,2025_15_MIN_DAL,MIN,00-0039923,24,12.018167156590202,J.McCarthy
2025,2025_15_NYJ_JAX,JAX,00-0036971,32,23.76585617640673,T.Lawrence
2025,2025_15_NYJ_JAX,NYJ,00-0040398,36,-7.775062257372366,B.Cook
2025,2025_15_TEN_SF,SF,00-0037834,32,17.847383699292173,B.Purdy
2025,2025_15_TEN_SF,TEN,00-0040676,29,1.7431885870741954,C.Ward
2025,2025_15_WAS_NYG,NYG,00-0031503,1,-1.527712192153558,J.Winston
2025,2025_15_WAS_NYG,NYG,00-0040691,37,1.278513007953507,J.Dart
2025,2025_15_WAS_NYG,WAS,00-0032268,21,1.5052960998015443,M.Mariota
2025,2025_16_ATL_ARI,ARI,00-0033119,33,-2.3956815187122373,J.Brissett
2025,2025_16_ATL_ARI,ATL,00-0029604,36,8.094143539450123,K.Cousins
2025,2025_16_BUF_CLE,BUF,00-0034857,21,-8.47162467874642,J.Allen
2025,2025_16_BUF_CLE,CLE,00-0034721,1,-1.804541337362025,C.Bojorquez
2025,2025_16_BUF_CLE,CLE,00-0040668,31,-11.66789667433574,S.Sanders
2025,2025_16_BUF_CLE,CLE,00-0040704,1,-1.4081430921402212,D.Gabriel
2025,2025_16_CIN_MIA,CIN,00-0026158,1,-0.9781011310406028,J.Flacco
2025,2025_16_CIN_MIA,CIN,00-0036442,34,20.577636317057937,J.Burrow
2025,2025_16_CIN_MIA,MIA,00-0040234,30,4.669538128830027,Q.Ewers
2025,2025_16_GB_CHI,CHI,00-0039918,34,5.730147249812788,C.Williams
2025,2025_16_GB_CHI,GB,00-0036264,13,0.0943808527270175,J.Love
2025,2025_16_GB_CHI,GB,00-0038128,13,7.545146690901612,M.Willis
2025,2025_16_JAX_DEN,DEN,00-0039732,48,0.2897890661159512,B.Nix
2025,2025_16_JAX_DEN,JAX,00-0036971,41,9.17898456061692,T.Lawrence
2025,2025_16_KC_TEN,KC,00-0035289,8,-5.3404706756118685,G.Minshew
2025,2025_16_KC_TEN,KC,00-0037324,20,-5.791025835023842,C.Oladokun
2025,2025_16_KC_TEN,TEN,00-0040676,30,6.7691199562978,C.Ward
2025,2025_16_LAC_DAL,DAL,00-0033077,31,12.773347127090965,D.Prescott
2025,2025_16_LAC_DAL,DAL,00-0039398,2,0.8346870142268017,J.Milton
2025,2025_16_LAC_DAL,LAC,00-0036355,29,23.74632158860467,J.Herbert
2025,2025_16_LA_SEA,LA,00-0026498,49,26.13978706189596,M.Stafford
2025,2025_16_LA_SEA,SEA,00-0034869,39,-2.696258565818193,S.Darnold
2025,2025_16_LV_HOU,HOU,00-0039163,35,2.8858946117398543,C.Stroud
2025,2025_16_LV_HOU,LV,00-0030565,26,1.660395369748585,G.Smith
2025,2025_16_MIN_NYG,MIN,00-0039923,17,-8.341475736894443,J.McCarthy
2025,2025_16_MIN_NYG,MIN,00-0040494,10,-0.5433186981227554,M.Brosmer
2025,2025_16_MIN_NYG,NYG,00-0040691,18,-17.058195303693548,J.Dart
2025,2025_16_NE_BAL,BAL,00-0034796,10,6.291407344979234,L.Jackson
2025,2025_16_NE_BAL,BAL,00-0035993,11,1.1404313051656887,T.Huntley
2025,2025_16_NE_BAL,NE,00-0039054,1,-2.4826914377044886,M.Mapu
2025,2025_16_NE_BAL,NE,00-0039851,48,15.801430786356931,D.Maye
2025,2025_16_NYJ_NO,NO,00-0033357,1,6.07262811815599,T.Hill
2025,2025_16_NYJ_NO,NO,00-0040743,51,2.759497867149454,T.Shough
2025,2025_16_NYJ_NO,NYJ,00-0040398,43,-21.28726561672206,B.Cook
2025,2025_16_PHI_WAS,PHI,00-0036389,32,7.481149165453108,J.Hurts
2025,2025_16_PHI_WAS,WAS,00-0026300,10,-4.519196375156753,J.Johnson
2025,2025_16_PHI_WAS,WAS,00-0032268,15,-3.442249201577047,M.Mariota
2025,2025_16_PIT_DET,DET,00-0033106,57,10.85180149512316,J.Goff
2025,2025_16_PIT_DET,PIT,00-0023459,43,11.023837301316558,A.Rodgers
2025,2025_16_SF_IND,IND,00-0022942,37,2.8848887073298606,P.Rivers
2025,2025_16_SF_IND,IND,00-0040206,1,-3.259766154224053,R.Leonard
2025,2025_16_SF_IND,SF,00-0037834,35,20.52938874952356,B.Purdy
2025,2025_16_TB_CAR,CAR,00-0039150,34,3.869500598785282,B.Young
2025,2025_16_TB_CAR,TB,00-0034855,28,2.840691577351341,B.Mayfield
2025,2025_17_ARI_CIN,ARI,00-0033119,41,-0.7665200301562436,J.Brissett
2025,2025_17_ARI_CIN,CIN,00-0026158,5,-0.4204292702488601,J.Flacco
2025,2025_17_ARI_CIN,CIN,00-0036442,34,19.040834557091934,J.Burrow
2025,2025_17_BAL_GB,BAL,00-0035993,21,6.459272869196532,T.Huntley
2025,2025_17_BAL_GB,GB,00-0038128,22,18.09736126777716,M.Willis
2025,2025_17_BAL_GB,GB,00-0038582,5,-6.727329278597608,C.Tune
2025,2025_17_CHI_SF,CHI,00-0039918,41,18.108019816548765,C.Williams
2025,2025_17_CHI_SF,SF,00-0037834,34,12.721325602731667,B.Purdy
2025,2025_17_DAL_WAS,DAL,00-0033077,43,11.738209206610886,D.Prescott
2025,2025_17_DAL_WAS,WAS,00-0026300,23,4.905555238744597,J.Johnson
2025,2025_17_DAL_WAS,WAS,00-0037742,1,-0.498424221528694,T.Burks
2025,2025_17_DEN_KC,DEN,00-0039732,39,2.9315951828450646,B.Nix
2025,2025_17_DEN_KC,KC,00-0037324,22,-8.373384522948717,C.Oladokun
2025,2025_17_DET_MIN,DET,00-0033106,34,-7.942518796557058,J.Goff
2025,2025_17_DET_MIN,MIN,00-0040494,23,-17.56102286337363,M.Brosmer
2025,2025_17_HOU_LAC,HOU,00-0039163,28,-4.726699392707863,C.Stroud
2025,2025_17_HOU_LAC,LAC,00-0036355,37,-8.8967715913491,J.Herbert
2025,2025_17_JAX_IND,IND,00-0022942,32,-11.547117179092474,P.Rivers
2025,2025_17_JAX_IND,IND,00-0040206,1,-0.4736942559829913,R.Leonard
2025,2025_17_JAX_IND,JAX,00-0036971,39,6.407494063077719,T.Lawrence
2025,2025_17_LA_ATL,ATL,00-0029604,20,4.9234958693196536,K.Cousins
2025,2025_17_LA_ATL,LA,00-0026498,41,-2.7485058022919,M.Stafford
2025,2025_17_NE_NYJ,NE,00-0033949,4,-1.085622780244429,J.Dobbs
2025,2025_17_NE_NYJ,NE,00-0039851,22,29.20305700111203,D.Maye
2025,2025_17_NE_NYJ,NYJ,00-0039634,1,2.856503788847476,A.McNamara
2025,2025_17_NE_NYJ,NYJ,00-0040398,34,-15.155894567652666,B.Cook
2025,2025_17_NO_TEN,NO,00-0040743,29,18.168133304804503,T.Shough
2025,2025_17_NO_TEN,TEN,00-0040676,44,-8.58679033683069,C.Ward
2025,2025_17_NYG_LV,LV,00-0030565,31,-4.807327864756445,G.Smith
2025,2025_17_NYG_LV,LV,00-0038102,3,-1.3396760061150417,K.Pickett
2025,2025_17_NYG_LV,NYG,00-0040691,32,2.9834533862314583,J.Dart
2025,2025_17_PHI_BUF,BUF,00-0034857,41,-9.433623532924567,J.Allen
2025,2025_17_PHI_BUF,PHI,00-0036389,28,-5.003836322525522,J.Hurts
2025,2025_17_PIT_CLE,CLE,00-0040668,25,-5.503952378665726,S.Sanders
2025,2025_17_PIT_CLE,PIT,00-0023459,39,-12.417412228231305,A.Rodgers
2025,2025_17_SEA_CAR,CAR,00-0039150,26,-21.083584432897624,B.Young
2025,2025_17_SEA_CAR,SEA,00-0034869,30,-7.614296408668432,S.Darnold
2025,2025_17_TB_MIA,MIA,00-0040234,24,4.75685915748536,Q.Ewers
2025,2025_17_TB_MIA,TB,00-0034855,47,1.7452288423128517,B.Mayfield
2025,2025_18_ARI_LA,ARI,00-0033119,37,-3.086792809573715,J.Brissett
2025,2025_18_ARI_LA,ARI,00-0033400,1,4.401051416760311,M.Haack
2025,2025_18_ARI_LA,LA,00-0026498,40,15.782561486264983,M.Stafford
2025,2025_18_BAL_PIT,BAL,00-0034796,21,8.699688167113292,L.Jackson
2025,2025_18_BAL_PIT,PIT,00-0023459,49,7.450878767431444,A.Rodgers
2025,2025_18_CAR_TB,CAR,00-0039150,34,6.419844491250496,B.Young
2025,2025_18_CAR_TB,TB,00-0034855,24,6.785642816727309,B.Mayfield
2025,2025_18_CLE_CIN,CIN,00-0036442,42,-3.44213337778626,J.Burrow
2025,2025_18_CLE_CIN,CLE,00-0040668,28,-9.69716329078816,S.Sanders
2025,2025_18_DAL_NYG,DAL,00-0033077,11,-1.0429195156134967,D.Prescott
2025,2025_18_DAL_NYG,DAL,00-0039398,13,-5.205264354322248,J.Milton
2025,2025_18_DAL_NYG,NYG,00-0035250,1,1.053,D.Singletary
2025,2025_18_DAL_NYG,NYG,00-0035645,1,-0.7953754095360637,G.Olszewski
2025,2025_18_DAL_NYG,NYG,00-0040691,36,13.778075418760707,J.Dart
2025,2025_18_DET_CHI,CHI,00-0039918,35,-1.4431514345777687,C.Williams
2025,2025_18_DET_CHI,DET,00-0033106,44,12.297426850869888,J.Goff
2025,2025_18_DET_CHI,DET,00-0035685,1,-2.7043561243917797,D.Montgomery
2025,2025_18_GB_MIN,GB,00-0038582,15,-13.172015243500937,C.Tune
2025,2025_18_GB_MIN,MIN,00-0039923,23,7.575353343418948,J.McCarthy
2025,2025_18_GB_MIN,MIN,00-0040494,10,-5.441785326613928,M.Brosmer
2025,2025_18_IND_HOU,HOU,00-0036898,9,-6.014739336618363,D.Mills
2025,2025_18_IND_HOU,HOU,00-0039163,22,4.282765672502023,C.Stroud
2025,2025_18_IND_HOU,IND,00-0033269,1,3.5125947825144976,R.Sanchez
2025,2025_18_IND_HOU,IND,00-0040206,35,1.852419717111808,R.Leonard
2025,2025_18_KC_LV,KC,00-0036679,19,-6.825472935443697,S.Buechele
2025,2025_18_KC_LV,KC,00-0037324,20,-15.793260905534137,C.Oladokun
2025,2025_18_KC_LV,LV,00-0038102,6,-10.835600621066988,K.Pickett
2025,2025_18_KC_LV,LV,00-0038579,23,-5.86369217034538,A.O'Connell
2025,2025_18_LAC_DEN,DEN,00-0039732,27,-5.750905688056726,B.Nix
2025,2025_18_LAC_DEN,LAC,00-0037012,45,-30.63350972631844,T.Lance
2025,2025_18_MIA_NE,MIA,00-0037013,2,-1.462400975637138,Z.Wilson
2025,2025_18_MIA_NE,MIA,00-0040234,27,-8.63801070458212,Q.Ewers
2025,2025_18_MIA_NE,NE,00-0033949,4,0.0933745527872815,J.Dobbs
2025,2025_18_MIA_NE,NE,00-0039851,18,8.704066870734533,D.Maye
2025,2025_18_NO_ATL,ATL,00-0029604,35,-5.520741835872334,K.Cousins
2025,2025_18_NO_ATL,NO,00-0040743,39,-2.6100199763248675,T.Shough
2025,2025_18_NYJ_BUF,BUF,00-0033869,31,22.484979077882837,M.Trubisky
2025,2025_18_NYJ_BUF,NYJ,00-0040398,24,-6.332719674377469,B.Cook
2025,2025_18_SEA_SF,SEA,00-0034869,28,4.779637816391724,S.Darnold
2025,2025_18_SEA_SF,SF,00-0037834,30,-13.559072515919308,B.Purdy
2025,2025_18_TEN_JAX,JAX,00-0033319,2,3.444033804233186,N.Mullens
2025,2025_18_TEN_JAX,JAX,00-0036971,32,10.174540717827018,T.Lawrence
2025,2025_18_TEN_JAX,TEN,00-0032434,31,-24.02839085522935,B.Allen
2025,2025_18_TEN_JAX,TEN,00-0040676,3,4.435489570780192,C.Ward
2025,2025_18_WAS_PHI,PHI,00-0038400,43,-6.156729802117727,T.McKee
2025,2025_18_WAS_PHI,WAS,00-0026300,21,4.060046458534024,J.Johnson
2025,2025_19_BUF_JAX,BUF,00-0034857,36,9.793463674943997,J.Allen
2025,2025_19_BUF_JAX,JAX,00-0036971,31,0.7412789479240725,T.Lawrence
2025,2025_19_GB_CHI,CHI,00-0039918,50,12.112910553179098,C.Williams
2025,2025_19_GB_CHI,GB,00-0036264,47,17.990808478879945,J.Love
2025,2025_19_HOU_PIT,HOU,00-0039163,35,0.4363770208041404,C.Stroud
2025,2025_19_HOU_PIT,PIT,00-0023459,37,-26.607500045045388,A.Rodgers
2025,2025_19_HOU_PIT,PIT,00-0034771,1,1.2573037131223828,M.Rudolph
2025,2025_19_LAC_NE,LAC,00-0036355,37,-13.280272337025965,J.Herbert
2025,2025_19_LAC_NE,NE,00-0039851,34,-0.1821214758493123,D.Maye
2025,2025_19_LAC_NE,NE,00-0040563,1,-1.643550648004748,E.Chism
2025,2025_19_LA_CAR,CAR,00-0039150,42,-8.050912481682756,B.Young
2025,2025_19_LA_CAR,LA,00-0026498,43,4.997591340171763,M.Stafford
2025,2025_19_SF_PHI,PHI,00-0036389,36,-3.2458238499629606,J.Hurts
2025,2025_19_SF_PHI,SF,00-0036259,1,3.209610303747468,J.Jennings
2025,2025_19_SF_PHI,SF,00-0037834,32,4.741102573578246,B.Purdy
2025,2025_20_BUF_DEN,BUF,00-0034857,42,4.957325514914508,J.Allen
2025,2025_20_BUF_DEN,DEN,00-0039732,46,3.4626187593781914,B.Nix
2025,2025_20_HOU_NE,HOU,00-0039163,50,-23.509189704896723,C.Stroud
2025,2025_20_HOU_NE,NE,00-0039851,32,-7.958966024569236,D.Maye
2025,2025_20_LA_CHI,CHI,00-0039918,42,1.6419128220589192,C.Williams
2025,2025_20_LA_CHI,LA,00-0026498,46,1.4900917930530913,M.Stafford
2025,2025_20_SF_SEA,SEA,00-0034869,19,5.264670458670096,S.Darnold
2025,2025_20_SF_SEA,SF,00-0036972,4,-2.639275725465268,M.Jones
2025,2025_20_SF_SEA,SF,00-0037834,29,-11.520554655713791,B.Purdy
2025,2025_21_LA_SEA,LA,00-0026498,35,16.17913440106097,M.Stafford
2025,2025_21_LA_SEA,SEA,00-0034869,39,18.021385534644967,S.Darnold
2025,2025_21_NE_DEN,DEN,00-0035264,34,-15.533969123045152,J.Stidham
2025,2025_21_NE_DEN,NE,00-0039851,26,-10.908902170687782,D.Maye
2025,2025_22_SEA_NE,NE,00-0039851,50,-21.479018604513723,D.Maye
2025,2025_22_SEA_NE,SEA,00-0034869,39,0.4201569705682519,S.Darnold
