season,game_id,team,passer_player_id,n,epa,name
2019,2019_01_ATL_MIN,ATL,00-0026143,52,-7.880094879801385,M.Ryan
2019,2019_01_ATL_MIN,MIN,00-0029604,11,8.41886515065562,K.Cousins
2019,2019_01_BAL_MIA,BAL,00-0029665,6,8.937259258527774,R.Griffin
2019,2019_01_BAL_MIA,BAL,00-0034796,21,29.05243714518991,L.Jackson
2019,2019_01_BAL_MIA,MIA,00-0023682,31,0.44086842451198827,R.Fitzpatrick
2019,2019_01_BAL_MIA,MIA,00-0034343,4,-6.2659767244476825,J.Rosen
2019,2019_01_BUF_NYJ,BUF,00-0034857,38,-6.49079678784474,J.Allen
2019,2019_01_BUF_NYJ,NYJ,00-0034869,46,-3.570285405067562,S.Darnold
2019,2019_01_CIN_SEA,CIN,00-0027973,56,8.67743584828683,A.Dalton
2019,2019_01_CIN_SEA,SEA,00-0029263,24,4.026023040176369,R.Wilson
2019,2019_01_DEN_OAK,DEN,00-0026158,34,7.573604200706965,J.Flacco
2019,2019_01_DEN_OAK,LV,00-0031280,26,17.30340976442676,D.Carr
2019,2019_01_DET_ARI,ARI,00-0035228,60,-7.4157950284114715,K.Murray
2019,2019_01_DET_ARI,DET,00-0026498,46,11.513459106300687,M.Stafford
2019,2019_01_GB_CHI,CHI,00-0033869,50,-14.581126674993754,M.Trubisky
2019,2019_01_GB_CHI,GB,00-0023459,35,-3.7905377670540474,A.Rodgers
2019,2019_01_HOU_NO,HOU,00-0033537,36,7.570613407006022,D.Watson
2019,2019_01_HOU_NO,NO,00-0020531,42,13.503157870762006,D.Brees
2019,2019_01_IND_LAC,IND,00-0033119,29,6.569265783417714,J.Brissett
2019,2019_01_IND_LAC,LAC,00-0022942,38,7.975745781830012,P.Rivers
2019,2019_01_KC_JAX,JAX,00-0029567,8,6.1070978759089485,N.Foles
2019,2019_01_KC_JAX,JAX,00-0035289,27,8.786609229168027,G.Minshew
2019,2019_01_KC_JAX,KC,00-0025708,1,-0.3029050289360713,M.Moore
2019,2019_01_KC_JAX,KC,00-0033873,33,23.56154658283861,P.Mahomes
2019,2019_01_LA_CAR,CAR,00-0027939,40,-3.057616831352587,C.Newton
2019,2019_01_LA_CAR,LA,00-0033106,40,-1.9010606191861106,J.Goff
2019,2019_01_NYG_DAL,DAL,00-0033077,32,30.21752614644356,D.Prescott
2019,2019_01_NYG_DAL,NYG,00-0022803,45,1.707419518383622,E.Manning
2019,2019_01_NYG_DAL,NYG,00-0035710,4,0.3213784534018487,D.Jones
2019,2019_01_PIT_NE,NE,00-0019596,37,17.000392686236893,T.Brady
2019,2019_01_PIT_NE,NE,00-0027150,1,1.9238021319033578,J.Edelman
2019,2019_01_PIT_NE,PIT,00-0022924,48,-8.184870418769794,B.Roethlisberger
2019,2019_01_SF_TB,SF,00-0031345,29,0.13020245599378089,J.Garoppolo
2019,2019_01_SF_TB,TB,00-0031503,39,-23.019777031966736,J.Winston
2019,2019_01_TEN_CLE,CLE,00-0034855,43,-17.78464951738715,B.Mayfield
2019,2019_01_TEN_CLE,TEN,00-0032268,28,6.292000749559662,M.Mariota
2019,2019_01_WAS_PHI,PHI,00-0032950,40,17.389839017203876,C.Wentz
2019,2019_01_WAS_PHI,WAS,00-0028986,44,22.10245549335775,C.Keenum
2019,2019_02_ARI_BAL,ARI,00-0035228,43,10.457013250592547,K.Murray
2019,2019_02_ARI_BAL,BAL,00-0034796,39,8.932649838816676,L.Jackson
2019,2019_02_BUF_NYG,BUF,00-0034857,33,6.32332148833666,J.Allen
2019,2019_02_BUF_NYG,NYG,00-0022803,46,-8.68127586922741,E.Manning
2019,2019_02_CHI_DEN,CHI,00-0033869,27,-0.12264662918344094,M.Trubisky
2019,2019_02_CHI_DEN,DEN,00-0026158,53,8.05582141854253,J.Flacco
2019,2019_02_CLE_NYJ,CLE,00-0034855,37,1.6444845819781788,B.Mayfield
2019,2019_02_CLE_NYJ,NYJ,00-0032156,8,-5.561112757772207,T.Siemian
2019,2019_02_CLE_NYJ,NYJ,00-0034412,27,-4.962313338066451,L.Falk
2019,2019_02_DAL_WAS,DAL,00-0033077,31,12.421493609144868,D.Prescott
2019,2019_02_DAL_WAS,WAS,00-0028986,38,6.979027136927471,C.Keenum
2019,2019_02_IND_TEN,IND,00-0033119,30,-4.749171311123064,J.Brissett
2019,2019_02_IND_TEN,TEN,00-0032268,30,-3.197440523410619,M.Mariota
2019,2019_02_JAX_HOU,HOU,00-0033537,33,-5.807588512839654,D.Watson
2019,2019_02_JAX_HOU,JAX,00-0035289,37,-6.443293279581585,G.Minshew
2019,2019_02_KC_OAK,KC,00-0033873,46,25.75272763503017,P.Mahomes
2019,2019_02_KC_OAK,LV,00-0031280,41,-12.77904789778404,D.Carr
2019,2019_02_LAC_DET,DET,00-0026498,30,4.73803765916035,M.Stafford
2019,2019_02_LAC_DET,LAC,00-0022942,37,0.9198691282932581,P.Rivers
2019,2019_02_MIN_GB,GB,00-0023459,36,5.121589428046718,A.Rodgers
2019,2019_02_MIN_GB,MIN,00-0029604,33,-13.416736880704743,K.Cousins
2019,2019_02_NE_MIA,MIA,00-0023682,25,-31.658140669809654,R.Fitzpatrick
2019,2019_02_NE_MIA,MIA,00-0034343,21,-8.817218028823845,J.Rosen
2019,2019_02_NE_MIA,NE,00-0019596,30,15.971405789570728,T.Brady
2019,2019_02_NO_LA,LA,00-0033106,31,7.715028638180169,J.Goff
2019,2019_02_NO_LA,NO,00-0020531,5,-2.475386181846261,D.Brees
2019,2019_02_NO_LA,NO,00-0031237,32,-1.4359951010482916,T.Bridgewater
2019,2019_02_PHI_ATL,ATL,00-0026143,44,1.7372072657552184,M.Ryan
2019,2019_02_PHI_ATL,PHI,00-0021206,5,1.1289297543116845,J.McCown
2019,2019_02_PHI_ATL,PHI,00-0032950,47,-4.372109904166204,C.Wentz
2019,2019_02_SEA_PIT,PIT,00-0022924,16,-4.9803878017362635,B.Roethlisberger
2019,2019_02_SEA_PIT,PIT,00-0034771,20,-1.755844188659966,M.Rudolph
2019,2019_02_SEA_PIT,SEA,00-0029263,39,13.496241067398502,R.Wilson
2019,2019_02_SF_CIN,CIN,00-0027973,46,5.914097207342017,A.Dalton
2019,2019_02_SF_CIN,SF,00-0031345,25,16.610586905027617,J.Garoppolo
2019,2019_02_SF_CIN,SF,00-0034860,1,1.241805540630594,D.Pettis
2019,2019_02_TB_CAR,CAR,00-0027939,54,-4.105722198695153,C.Newton
2019,2019_02_TB_CAR,TB,00-0031503,28,4.696494561837657,J.Winston
2019,2019_03_ATL_IND,ATL,00-0026143,34,21.29821440214066,M.Ryan
2019,2019_03_ATL_IND,IND,00-0033119,38,17.46533436703717,J.Brissett
2019,2019_03_BAL_KC,BAL,00-0034796,47,0.6125163814535126,L.Jackson
2019,2019_03_BAL_KC,KC,00-0033873,38,16.303340877884878,P.Mahomes
2019,2019_03_CAR_ARI,ARI,00-0035228,51,-15.179669894452307,K.Murray
2019,2019_03_CAR_ARI,CAR,00-0034577,28,13.654386465292191,K.Allen
2019,2019_03_CHI_WAS,CHI,00-0033869,34,8.873983878752787,M.Trubisky
2019,2019_03_CHI_WAS,WAS,00-0028986,48,-11.2945777260449,C.Keenum
2019,2019_03_CIN_BUF,BUF,00-0034857,37,0.7097643171487471,J.Allen
2019,2019_03_CIN_BUF,CIN,00-0027973,37,-1.9134878578948111,A.Dalton
2019,2019_03_DEN_GB,DEN,00-0026158,34,-6.257949111411651,J.Flacco
2019,2019_03_DEN_GB,GB,00-0023459,29,6.420951008701673,A.Rodgers
2019,2019_03_DET_PHI,DET,00-0026498,32,5.2533305042558265,M.Stafford
2019,2019_03_DET_PHI,PHI,00-0032950,39,3.0773154396926548,C.Wentz
2019,2019_03_HOU_LAC,HOU,00-0033537,36,20.535220017701647,D.Watson
2019,2019_03_HOU_LAC,LAC,00-0022942,51,4.111933337264597,P.Rivers
2019,2019_03_LA_CLE,CLE,00-0034855,39,-4.861868006893545,B.Mayfield
2019,2019_03_LA_CLE,LA,00-0033106,40,2.098128508112693,J.Goff
2019,2019_03_MIA_DAL,DAL,00-0033077,33,5.036249645610975,D.Prescott
2019,2019_03_MIA_DAL,MIA,00-0023682,2,2.3178906643297523,R.Fitzpatrick
2019,2019_03_MIA_DAL,MIA,00-0034343,42,-10.293725394654157,J.Rosen
2019,2019_03_NO_SEA,NO,00-0031237,27,9.242063632409554,T.Bridgewater
2019,2019_03_NO_SEA,SEA,00-0029263,49,10.084095305704977,R.Wilson
2019,2019_03_NYG_TB,NYG,00-0035710,42,4.792724654898014,D.Jones
2019,2019_03_NYG_TB,TB,00-0031503,40,9.63020344966007,J.Winston
2019,2019_03_NYJ_NE,NE,00-0019596,42,10.751856933755334,T.Brady
2019,2019_03_NYJ_NE,NE,00-0035264,4,-9.22778603178449,J.Stidham
2019,2019_03_NYJ_NE,NYJ,00-0034412,27,-16.799893592484295,L.Falk
2019,2019_03_OAK_MIN,LV,00-0031280,38,0.12349122913476762,D.Carr
2019,2019_03_OAK_MIN,MIN,00-0029604,21,8.07680048845334,K.Cousins
2019,2019_03_PIT_SF,PIT,00-0034771,29,-6.578894193888742,M.Rudolph
2019,2019_03_PIT_SF,SF,00-0031345,33,3.5850174798397347,J.Garoppolo
2019,2019_03_TEN_JAX,JAX,00-0035289,30,1.4990724810042115,G.Minshew
2019,2019_03_TEN_JAX,TEN,00-0032268,49,-6.715727513714228,M.Mariota
2019,2019_04_CAR_HOU,CAR,00-0034577,37,-7.515192479546621,K.Allen
2019,2019_04_CAR_HOU,HOU,00-0030564,1,-6.88184687262401,D.Hopkins
2019,2019_04_CAR_HOU,HOU,00-0033537,38,-16.4352380522188,D.Watson
2019,2019_04_CIN_PIT,CIN,00-0027973,45,-26.17844489023817,A.Dalton
2019,2019_04_CIN_PIT,PIT,00-0034331,3,1.9826908117393032,J.Samuels
2019,2019_04_CIN_PIT,PIT,00-0034771,28,15.115513170603663,M.Rudolph
2019,2019_04_CLE_BAL,BAL,00-0034796,38,-1.755175004250864,L.Jackson
2019,2019_04_CLE_BAL,CLE,00-0031235,1,-0.45141149079427123,O.Beckham
2019,2019_04_CLE_BAL,CLE,00-0034855,32,14.887906034448655,B.Mayfield
2019,2019_04_DAL_NO,DAL,00-0033077,33,2.033156991500548,D.Prescott
2019,2019_04_DAL_NO,NO,00-0031237,35,-7.748189229201381,T.Bridgewater
2019,2019_04_JAX_DEN,DEN,00-0026158,38,4.681225194146818,J.Flacco
2019,2019_04_JAX_DEN,JAX,00-0035289,38,3.07527083142683,G.Minshew
2019,2019_04_KC_DET,DET,00-0026498,38,4.878112213468005,M.Stafford
2019,2019_04_KC_DET,KC,00-0033873,42,9.033451291520716,P.Mahomes
2019,2019_04_LAC_MIA,LAC,00-0022942,31,20.413421136008992,P.Rivers
2019,2019_04_LAC_MIA,LAC,00-0028118,1,1.1148185852216557,T.Taylor
2019,2019_04_LAC_MIA,MIA,00-0034343,28,-3.7953294080269377,J.Rosen
2019,2019_04_LAC_MIA,MIA,00-0035350,1,-0.9268504946958274,P.Williams
2019,2019_04_MIN_CHI,CHI,00-0026544,31,6.6673351100929015,C.Daniel
2019,2019_04_MIN_CHI,CHI,00-0033869,3,0.24888186040334404,M.Trubisky
2019,2019_04_MIN_CHI,MIN,00-0029604,43,-10.096219994462327,K.Cousins
2019,2019_04_NE_BUF,BUF,00-0030533,17,-2.2074164889054373,M.Barkley
2019,2019_04_NE_BUF,BUF,00-0034857,31,-17.285171040424483,J.Allen
2019,2019_04_NE_BUF,NE,00-0019596,39,-15.861764478959973,T.Brady
2019,2019_04_OAK_IND,IND,00-0033119,46,1.6171189212002037,J.Brissett
2019,2019_04_OAK_IND,LV,00-0031280,32,7.454986670559107,D.Carr
2019,2019_04_PHI_GB,GB,00-0023459,53,13.343624228164611,A.Rodgers
2019,2019_04_PHI_GB,PHI,00-0032950,28,7.444635642299661,C.Wentz
2019,2019_04_SEA_ARI,ARI,00-0035228,36,-8.288578021645819,K.Murray
2019,2019_04_SEA_ARI,SEA,00-0029263,32,4.522079540905769,R.Wilson
2019,2019_04_TB_LA,LA,00-0033106,71,-2.881016569086883,J.Goff
2019,2019_04_TB_LA,TB,00-0031503,43,23.594103504784986,J.Winston
2019,2019_04_TEN_ATL,ATL,00-0026143,58,-4.734634936883603,M.Ryan
2019,2019_04_TEN_ATL,TEN,00-0032268,27,7.970272871153424,M.Mariota
2019,2019_04_WAS_NYG,NYG,00-0035710,31,6.413958172372077,D.Jones
2019,2019_04_WAS_NYG,WAS,00-0028986,12,-7.926565712550655,C.Keenum
2019,2019_04_WAS_NYG,WAS,00-0035232,19,-14.218382069017693,D.Haskins
2019,2019_05_ARI_CIN,ARI,00-0035228,32,10.059913802194938,K.Murray
2019,2019_05_ARI_CIN,CIN,00-0027973,39,9.418702324414207,A.Dalton
2019,2019_05_ATL_HOU,ATL,00-0026143,49,6.450351606856893,M.Ryan
2019,2019_05_ATL_HOU,HOU,00-0033537,33,32.197029992914494,D.Watson
2019,2019_05_BAL_PIT,BAL,00-0034796,33,-7.0969890291599125,L.Jackson
2019,2019_05_BAL_PIT,PIT,00-0034331,2,-5.494149733101949,J.Samuels
2019,2019_05_BAL_PIT,PIT,00-0034771,21,2.5232278101471803,M.Rudolph
2019,2019_05_BAL_PIT,PIT,00-0035577,9,2.6528771184738242,D.Hodges
2019,2019_05_BUF_TEN,BUF,00-0034857,36,-3.870688497845549,J.Allen
2019,2019_05_BUF_TEN,TEN,00-0032268,27,-1.1384845080795025,M.Mariota
2019,2019_05_CHI_OAK,CHI,00-0026544,34,2.8956836182333063,C.Daniel
2019,2019_05_CHI_OAK,LV,00-0031280,32,7.175755536947246,D.Carr
2019,2019_05_CLE_SF,CLE,00-0031235,1,1.3543364126235247,O.Beckham
2019,2019_05_CLE_SF,CLE,00-0031395,1,-1.0041984762065113,G.Gilbert
2019,2019_05_CLE_SF,CLE,00-0034855,26,-23.269429728828456,B.Mayfield
2019,2019_05_CLE_SF,SF,00-0031345,31,6.755732430484077,J.Garoppolo
2019,2019_05_DEN_LAC,DEN,00-0026158,23,-5.349962226304837,J.Flacco
2019,2019_05_DEN_LAC,LAC,00-0022942,47,-15.869033358349263,P.Rivers
2019,2019_05_GB_DAL,DAL,00-0033077,47,1.7205161232360329,D.Prescott
2019,2019_05_GB_DAL,GB,00-0023459,36,2.171625465829771,A.Rodgers
2019,2019_05_IND_KC,IND,00-0033119,29,-6.284829201263923,J.Brissett
2019,2019_05_IND_KC,KC,00-0033873,43,3.2919645472227774,P.Mahomes
2019,2019_05_JAX_CAR,CAR,00-0033280,1,-1.4129622866748832,C.McCaffrey
2019,2019_05_JAX_CAR,CAR,00-0034577,33,1.5439030935850953,K.Allen
2019,2019_05_JAX_CAR,JAX,00-0035289,46,-0.37594458059167213,G.Minshew
2019,2019_05_LA_SEA,LA,00-0033106,49,14.950029448701613,J.Goff
2019,2019_05_LA_SEA,SEA,00-0029263,25,17.194284842297336,R.Wilson
2019,2019_05_MIN_NYG,MIN,00-0029604,30,20.15892363541926,K.Cousins
2019,2019_05_MIN_NYG,NYG,00-0035710,42,-10.837936937342402,D.Jones
2019,2019_05_NE_WAS,NE,00-0019596,46,13.163979986698584,T.Brady
2019,2019_05_NE_WAS,NE,00-0035264,1,-0.9220796087756753,J.Stidham
2019,2019_05_NE_WAS,WAS,00-0027688,33,-22.01641057850793,C.McCoy
2019,2019_05_NYJ_PHI,NYJ,00-0031076,1,-0.8420424275100231,D.Fales
2019,2019_05_NYJ_PHI,NYJ,00-0034412,36,-34.13406071106516,L.Falk
2019,2019_05_NYJ_PHI,PHI,00-0032950,30,-0.020781727341062872,C.Wentz
2019,2019_05_TB_NO,NO,00-0031237,34,9.740943350280718,T.Bridgewater
2019,2019_05_TB_NO,NO,00-0033357,1,1.1868173166876659,T.Hill
2019,2019_05_TB_NO,NO,00-0033906,1,0.9648147185798734,A.Kamara
2019,2019_05_TB_NO,TB,00-0031503,33,1.524636602792084,J.Winston
2019,2019_06_ATL_ARI,ARI,00-0035228,36,20.84961952025048,K.Murray
2019,2019_06_ATL_ARI,ATL,00-0026143,38,19.520304600304467,M.Ryan
2019,2019_06_CAR_TB,CAR,00-0034577,34,5.5319310932329735,K.Allen
2019,2019_06_CAR_TB,TB,00-0031503,62,-13.763563822851188,J.Winston
2019,2019_06_CIN_BAL,BAL,00-0034796,33,6.919105700955718,L.Jackson
2019,2019_06_CIN_BAL,CIN,00-0027973,41,-1.2792956426802462,A.Dalton
2019,2019_06_DAL_NYJ,DAL,00-0033077,42,11.209139482347787,D.Prescott
2019,2019_06_DAL_NYJ,NYJ,00-0034869,34,9.157033408834131,S.Darnold
2019,2019_06_DET_GB,DET,00-0026498,35,0.987792783080798,M.Stafford
2019,2019_06_DET_GB,GB,00-0023459,40,-2.4029161726187382,A.Rodgers
2019,2019_06_HOU_KC,HOU,00-0033537,43,15.265212335769272,D.Watson
2019,2019_06_HOU_KC,KC,00-0033873,36,1.5785097486524053,P.Mahomes
2019,2019_06_NO_JAX,JAX,00-0035289,31,-8.223406968872027,G.Minshew
2019,2019_06_NO_JAX,NO,00-0031237,39,2.5408198489443787,T.Bridgewater
2019,2019_06_NYG_NE,NE,00-0019596,44,-2.469827356711532,T.Brady
2019,2019_06_NYG_NE,NYG,00-0035710,32,-17.757883654820034,D.Jones
2019,2019_06_PHI_MIN,MIN,00-0029604,30,16.515344821395047,K.Cousins
2019,2019_06_PHI_MIN,PHI,00-0032950,42,5.559232614044117,C.Wentz
2019,2019_06_PHI_MIN,PHI,00-0033787,1,-2.403068722342141,J.Elliott
2019,2019_06_PIT_LAC,LAC,00-0022942,45,5.7349956561049105,P.Rivers
2019,2019_06_PIT_LAC,PIT,00-0035577,20,2.5957850582224236,D.Hodges
2019,2019_06_SEA_CLE,CLE,00-0034855,37,-2.139115841506282,B.Mayfield
2019,2019_06_SEA_CLE,SEA,00-0029263,36,17.381087264127938,R.Wilson
2019,2019_06_SF_LA,LA,00-0033106,28,-18.18959006399382,J.Goff
2019,2019_06_SF_LA,SF,00-0031345,35,-0.13731050956114643,J.Garoppolo
2019,2019_06_TEN_DEN,DEN,00-0026158,29,-3.3285842785526385,J.Flacco
2019,2019_06_TEN_DEN,TEN,00-0029701,20,-4.964917499804869,R.Tannehill
2019,2019_06_TEN_DEN,TEN,00-0032268,21,-11.536861487664282,M.Mariota
2019,2019_06_WAS_MIA,MIA,00-0023682,18,4.250180257586297,R.Fitzpatrick
2019,2019_06_WAS_MIA,MIA,00-0034343,30,-20.29288352158619,J.Rosen
2019,2019_06_WAS_MIA,WAS,00-0028986,25,1.022856547057934,C.Keenum
2019,2019_07_ARI_NYG,ARI,00-0035228,23,4.333609688697955,K.Murray
2019,2019_07_ARI_NYG,NYG,00-0035710,43,-14.817202244739747,D.Jones
2019,2019_07_BAL_SEA,BAL,00-0034796,21,0.7134101325470068,L.Jackson
2019,2019_07_BAL_SEA,SEA,00-0029263,42,-7.155095989316014,R.Wilson
2019,2019_07_HOU_IND,HOU,00-0033537,37,1.9117577140879094,D.Watson
2019,2019_07_HOU_IND,IND,00-0033119,40,18.440417701291153,J.Brissett
2019,2019_07_HOU_IND,IND,00-0033251,1,-0.7042251150123775,Z.Pascal
2019,2019_07_JAX_CIN,CIN,00-0027973,45,-12.01128219144154,A.Dalton
2019,2019_07_JAX_CIN,JAX,00-0035289,34,4.550762067080781,G.Minshew II
2019,2019_07_KC_DEN,DEN,00-0026158,42,-20.408420240532244,J.Flacco
2019,2019_07_KC_DEN,DEN,00-0034064,1,-3.1850804274436086,C.Wadman
2019,2019_07_KC_DEN,KC,00-0025708,20,-2.9121598508208004,M.Moore
2019,2019_07_KC_DEN,KC,00-0033873,11,4.93127063263715,P.Mahomes
2019,2019_07_LAC_TEN,LAC,00-0022942,39,14.097997065232569,P.Rivers
2019,2019_07_LAC_TEN,TEN,00-0025825,1,3.6674283910542727,B.Kern
2019,2019_07_LAC_TEN,TEN,00-0029701,31,11.351029124794596,R.Tannehill
2019,2019_07_LA_ATL,ATL,00-0022787,6,5.308697259170003,M.Schaub
2019,2019_07_LA_ATL,ATL,00-0026143,32,-16.760598527426026,M.Ryan
2019,2019_07_LA_ATL,LA,00-0028872,1,3.900732734298799,J.Hekker
2019,2019_07_LA_ATL,LA,00-0033106,37,14.471647819431336,J.Goff
2019,2019_07_MIA_BUF,BUF,00-0034857,28,7.955241858063982,J.Allen
2019,2019_07_MIA_BUF,MIA,00-0023682,34,9.121384209196549,R.Fitzpatrick
2019,2019_07_MIA_BUF,MIA,00-0030669,1,-1.7606091552879661,A.Wilson
2019,2019_07_MIN_DET,DET,00-0026498,48,11.808803153466283,M.Stafford
2019,2019_07_MIN_DET,MIN,00-0029604,34,25.224982681999176,K.Cousins
2019,2019_07_NE_NYJ,NE,00-0019596,45,4.3038865206709875,T.Brady
2019,2019_07_NE_NYJ,NYJ,00-0034869,33,-31.661473809042946,S.Darnold
2019,2019_07_NO_CHI,CHI,00-0033869,57,-1.8209348601995687,M.Trubisky
2019,2019_07_NO_CHI,NO,00-0031237,39,10.772286143073677,T.Bridgewater
2019,2019_07_OAK_GB,GB,00-0023459,32,31.815392494900152,A.Rodgers
2019,2019_07_OAK_GB,LV,00-0030520,3,4.706848090805579,M.Glennon
2019,2019_07_OAK_GB,LV,00-0031280,28,18.080335593001486,D.Carr
2019,2019_07_PHI_DAL,DAL,00-0033077,30,8.0832003745193,D.Prescott
2019,2019_07_PHI_DAL,PHI,00-0032950,29,-7.612117565133296,C.Wentz
2019,2019_07_SF_WAS,SF,00-0031345,23,0.9336152416778476,J.Garoppolo
2019,2019_07_SF_WAS,WAS,00-0028986,15,-0.6780487125077341,C.Keenum
2019,2019_08_ARI_NO,ARI,00-0031589,2,-1.849896989762783,B.Hundley
2019,2019_08_ARI_NO,ARI,00-0035228,36,-8.799851977082806,K.Murray
2019,2019_08_ARI_NO,NO,00-0020531,43,13.713395725530512,D.Brees
2019,2019_08_CAR_SF,CAR,00-0034577,44,-31.14930291194223,K.Allen
2019,2019_08_CAR_SF,SF,00-0031345,25,5.10622141539352,J.Garoppolo
2019,2019_08_CAR_SF,SF,00-0034941,1,-0.947,M.Wishnowsky
2019,2019_08_CIN_LA,CIN,00-0027973,54,-0.6786366243608435,A.Dalton
2019,2019_08_CIN_LA,LA,00-0033106,31,23.486439635844093,J.Goff
2019,2019_08_CLE_NE,CLE,00-0034855,36,-9.197321541844524,B.Mayfield
2019,2019_08_CLE_NE,NE,00-0019596,39,5.203697566407288,T.Brady
2019,2019_08_DEN_IND,DEN,00-0026158,35,-7.112248691653232,J.Flacco
2019,2019_08_DEN_IND,IND,00-0033119,28,-5.4409642226255475,J.Brissett
2019,2019_08_GB_KC,GB,00-0023459,38,13.788599677070836,A.Rodgers
2019,2019_08_GB_KC,KC,00-0025708,38,7.400892836258557,M.Moore
2019,2019_08_LAC_CHI,CHI,00-0033869,38,-3.722353285545678,M.Trubisky
2019,2019_08_LAC_CHI,LAC,00-0022942,30,-0.5908210777966616,P.Rivers
2019,2019_08_MIA_PIT,MIA,00-0023682,38,-3.2320515802130103,R.Fitzpatrick
2019,2019_08_MIA_PIT,PIT,00-0034771,38,3.6197603112459165,M.Rudolph
2019,2019_08_NYG_DET,DET,00-0026498,36,16.986739607612257,M.Stafford
2019,2019_08_NYG_DET,NYG,00-0035710,45,0.8155498884008265,D.Jones
2019,2019_08_NYJ_JAX,JAX,00-0035289,36,12.338720282982957,G.Minshew II
2019,2019_08_NYJ_JAX,NYJ,00-0034869,39,-9.65003450647043,S.Darnold
2019,2019_08_OAK_HOU,HOU,00-0033537,42,10.615891871995498,D.Watson
2019,2019_08_OAK_HOU,LV,00-0031280,30,14.74048679560623,D.Carr
2019,2019_08_PHI_BUF,BUF,00-0034857,38,-4.970023579720873,J.Allen
2019,2019_08_PHI_BUF,PHI,00-0032950,27,3.8239763149861408,C.Wentz
2019,2019_08_SEA_ATL,ATL,00-0022787,54,17.86753664822274,M.Schaub
2019,2019_08_SEA_ATL,SEA,00-0029263,22,8.225665668682835,R.Wilson
2019,2019_08_TB_TEN,TB,00-0031503,47,2.781986812299854,J.Winston
2019,2019_08_TB_TEN,TEN,00-0029701,36,3.225798157706355,R.Tannehill
2019,2019_08_WAS_MIN,MIN,00-0029604,29,12.152222205652096,K.Cousins
2019,2019_08_WAS_MIN,WAS,00-0028986,18,0.8701659142868698,C.Keenum
2019,2019_08_WAS_MIN,WAS,00-0035232,7,-9.431494514611295,D.Haskins
2019,2019_09_CHI_PHI,CHI,00-0033869,24,-6.46577211539261,M.Trubisky
2019,2019_09_CHI_PHI,PHI,00-0032950,43,6.534390269299422,C.Wentz
2019,2019_09_CLE_DEN,CLE,00-0034855,44,7.0560430884701235,B.Mayfield
2019,2019_09_CLE_DEN,DEN,00-0032434,23,2.0701878344668967,B.Allen
2019,2019_09_DAL_NYG,DAL,00-0033077,35,9.074842749452863,D.Prescott
2019,2019_09_DAL_NYG,NYG,00-0035710,46,-12.924077086202052,D.Jones
2019,2019_09_DET_OAK,DET,00-0026498,43,12.592699143463461,M.Stafford
2019,2019_09_DET_OAK,LV,00-0031280,32,12.186126348696519,D.Carr
2019,2019_09_GB_LAC,GB,00-0023459,38,-3.262672418682988,A.Rodgers
2019,2019_09_GB_LAC,LAC,00-0022942,30,9.793150316929156,P.Rivers
2019,2019_09_HOU_JAX,HOU,00-0033537,29,14.430471978937657,D.Watson
2019,2019_09_HOU_JAX,JAX,00-0034437,1,-3.830033043283038,L.Cooke
2019,2019_09_HOU_JAX,JAX,00-0035289,50,-12.307640848373932,G.Minshew II
2019,2019_09_IND_PIT,IND,00-0026625,31,-9.53608423554385,B.Hoyer
2019,2019_09_IND_PIT,IND,00-0033119,6,3.287900064548012,J.Brissett
2019,2019_09_IND_PIT,PIT,00-0034771,36,-0.8456301456319144,M.Rudolph
2019,2019_09_MIN_KC,KC,00-0025708,39,2.5455976401526783,M.Moore
2019,2019_09_MIN_KC,MIN,00-0029604,39,10.425600109331823,K.Cousins
2019,2019_09_NE_BAL,BAL,00-0034796,24,12.71847817426922,L.Jackson
2019,2019_09_NE_BAL,NE,00-0019596,48,2.1001360716636572,T.Brady
2019,2019_09_NYJ_MIA,MIA,00-0023682,40,12.872626873627242,R.Fitzpatrick
2019,2019_09_NYJ_MIA,NYJ,00-0034869,41,2.7564704831035165,S.Darnold
2019,2019_09_SF_ARI,ARI,00-0035228,28,5.414916700556964,K.Murray
2019,2019_09_SF_ARI,SF,00-0031345,38,21.886934804613702,J.Garoppolo
2019,2019_09_TB_SEA,SEA,00-0029263,47,16.47228930761717,R.Wilson
2019,2019_09_TB_SEA,TB,00-0031503,46,10.777608861619047,J.Winston
2019,2019_09_TEN_CAR,CAR,00-0034577,35,4.271298810151205,K.Allen
2019,2019_09_TEN_CAR,TEN,00-0029701,42,3.994524911203288,R.Tannehill
2019,2019_09_WAS_BUF,BUF,00-0034857,22,7.5570413155280916,Jos.Allen
2019,2019_09_WAS_BUF,WAS,00-0035232,26,-5.298543296337437,D.Haskins
2019,2019_10_ARI_TB,ARI,00-0022824,1,4.240687240380794,A.Lee
2019,2019_10_ARI_TB,ARI,00-0035228,46,5.7762987127748655,K.Murray
2019,2019_10_ARI_TB,TB,00-0031503,52,0.623025261548892,J.Winston
2019,2019_10_ATL_NO,ATL,00-0026143,36,-0.6525643447244307,M.Ryan
2019,2019_10_ATL_NO,NO,00-0020531,49,-17.505181685771543,D.Brees
2019,2019_10_ATL_NO,NO,00-0033357,1,1.0697987357270904,T.Hill
2019,2019_10_BAL_CIN,BAL,00-0029665,6,-3.4283384409500286,R.Griffin III
2019,2019_10_BAL_CIN,BAL,00-0034796,16,23.079035102709895,L.Jackson
2019,2019_10_BAL_CIN,CIN,00-0035652,32,-23.893514242148406,R.Finley
2019,2019_10_BUF_CLE,BUF,00-0034857,42,-2.662629081165818,Jos.Allen
2019,2019_10_BUF_CLE,CLE,00-0034855,40,5.021019199754509,B.Mayfield
2019,2019_10_CAR_GB,CAR,00-0034577,47,1.9839694073265335,K.Allen
2019,2019_10_CAR_GB,GB,00-0023459,31,4.1606072379800025,A.Rodgers
2019,2019_10_DET_CHI,CHI,00-0033869,28,-1.2139273391803727,M.Trubisky
2019,2019_10_DET_CHI,DET,00-0032436,46,-10.651676323781903,J.Driskel
2019,2019_10_KC_TEN,KC,00-0023534,1,-2.305290963675361,D.Colquitt
2019,2019_10_KC_TEN,KC,00-0033873,52,24.450631090026135,P.Mahomes
2019,2019_10_KC_TEN,TEN,00-0029701,23,-2.6765233486075886,R.Tannehill
2019,2019_10_LAC_OAK,LAC,00-0022942,36,-12.220282213792364,P.Rivers
2019,2019_10_LAC_OAK,LV,00-0031280,34,4.6442396644321775,D.Carr
2019,2019_10_LA_PIT,LA,00-0028872,1,-3.5123928987886757,J.Hekker
2019,2019_10_LA_PIT,LA,00-0033106,45,-18.064404790597795,J.Goff
2019,2019_10_LA_PIT,PIT,00-0034771,41,0.3700505386805162,M.Rudolph
2019,2019_10_MIA_IND,IND,00-0026625,40,-17.505054362314024,B.Hoyer
2019,2019_10_MIA_IND,MIA,00-0023682,36,-4.715776869212277,R.Fitzpatrick
2019,2019_10_MIN_DAL,DAL,00-0028002,1,-0.398940063547343,R.Cobb
2019,2019_10_MIN_DAL,DAL,00-0033077,47,20.737867520321704,D.Prescott
2019,2019_10_MIN_DAL,MIN,00-0029604,34,11.761838272964223,K.Cousins
2019,2019_10_NYG_NYJ,NYG,00-0032943,1,-0.947,R.Dixon
2019,2019_10_NYG_NYJ,NYG,00-0035710,47,5.451047148366459,D.Jones
2019,2019_10_NYG_NYJ,NYJ,00-0034869,32,4.433457751161545,S.Darnold
2019,2019_10_SEA_SF,SEA,00-0029263,38,-13.364068443566794,R.Wilson
2019,2019_10_SEA_SF,SF,00-0031345,51,-20.70559854364174,J.Garoppolo
2019,2019_11_ARI_SF,ARI,00-0035228,37,2.1612225840719663,K.Murray
2019,2019_11_ARI_SF,SF,00-0031345,48,12.359066119635944,J.Garoppolo
2019,2019_11_ATL_CAR,ATL,00-0026143,35,12.91192101676331,M.Ryan
2019,2019_11_ATL_CAR,ATL,00-0030465,1,-0.1481077503412962,K.Barner
2019,2019_11_ATL_CAR,CAR,00-0034577,55,-17.93791938434834,K.Allen
2019,2019_11_BUF_MIA,BUF,00-0034857,33,12.109179094266384,Jos.Allen
2019,2019_11_BUF_MIA,MIA,00-0023682,53,-6.209069774820702,R.Fitzpatrick
2019,2019_11_CHI_LA,CHI,00-0026544,6,-4.849137832876295,C.Daniel
2019,2019_11_CHI_LA,CHI,00-0033869,44,-7.8386996621154434,M.Trubisky
2019,2019_11_CHI_LA,LA,00-0033106,18,5.149333823850611,J.Goff
2019,2019_11_CIN_OAK,CIN,00-0035652,36,-20.533691165949843,R.Finley
2019,2019_11_CIN_OAK,LV,00-0031280,32,6.931831704900247,D.Carr
2019,2019_11_DAL_DET,DAL,00-0033077,47,21.157754758900357,D.Prescott
2019,2019_11_DAL_DET,DET,00-0032436,30,4.532903495463077,J.Driskel
2019,2019_11_DEN_MIN,DEN,00-0032434,41,-6.15327095373989,B.Allen
2019,2019_11_DEN_MIN,DEN,00-0034348,1,2.553815155522898,C.Sutton
2019,2019_11_DEN_MIN,MIN,00-0029604,41,6.8499090794213116,K.Cousins
2019,2019_11_HOU_BAL,BAL,00-0024417,1,-2.624801553087309,S.Koch
2019,2019_11_HOU_BAL,BAL,00-0029665,2,0.8829059146810323,R.Griffin III
2019,2019_11_HOU_BAL,BAL,00-0034796,24,20.093271738768806,L.Jackson
2019,2019_11_HOU_BAL,HOU,00-0031288,2,-4.611413627571892,A.McCarron
2019,2019_11_HOU_BAL,HOU,00-0033537,35,-17.663476990528228,D.Watson
2019,2019_11_JAX_IND,IND,00-0033119,27,-0.3232262677651341,J.Brissett
2019,2019_11_JAX_IND,JAX,00-0029567,50,-5.675666715112677,N.Foles
2019,2019_11_KC_LAC,KC,00-0033873,33,-1.7647045655362672,P.Mahomes
2019,2019_11_KC_LAC,LAC,00-0022942,53,-2.317023142946332,P.Rivers
2019,2019_11_NE_PHI,NE,00-0019596,48,-5.90288433864299,T.Brady
2019,2019_11_NE_PHI,NE,00-0027150,1,3.612264456693083,J.Edelman
2019,2019_11_NE_PHI,PHI,00-0032950,44,-15.842970790836137,C.Wentz
2019,2019_11_NO_TB,NO,00-0020531,35,11.7335873374257,D.Brees
2019,2019_11_NO_TB,NO,00-0033357,1,-2.2278687220532447,T.Hill
2019,2019_11_NO_TB,TB,00-0031503,53,-10.20114450884779,J.Winston
2019,2019_11_NYJ_WAS,NYJ,00-0028064,1,-0.5224094889126718,B.Powell
2019,2019_11_NYJ_WAS,NYJ,00-0034869,32,11.110092963160064,S.Darnold
2019,2019_11_NYJ_WAS,WAS,00-0035232,43,-13.57301381715363,D.Haskins
2019,2019_11_PIT_CLE,CLE,00-0034855,33,1.083247806824918,B.Mayfield
2019,2019_11_PIT_CLE,PIT,00-0034771,48,-29.0768252029465,M.Rudolph
2019,2019_12_BAL_LA,BAL,00-0029665,4,0.9771440128180009,R.Griffin III
2019,2019_12_BAL_LA,BAL,00-0034796,22,23.362486132537015,L.Jackson
2019,2019_12_BAL_LA,LA,00-0033106,39,-9.273339710424139,J.Goff
2019,2019_12_CAR_NO,CAR,00-0034577,41,12.527069943798278,K.Allen
2019,2019_12_CAR_NO,NO,00-0020531,40,8.779703674194804,D.Brees
2019,2019_12_DAL_NE,DAL,00-0033077,33,-6.486218234025767,D.Prescott
2019,2019_12_DAL_NE,NE,00-0019596,39,-6.427478578120861,T.Brady
2019,2019_12_DEN_BUF,BUF,00-0034857,25,3.2645569240044723,J.Allen
2019,2019_12_DEN_BUF,DEN,00-0032434,29,-17.46525665276597,B.Allen
2019,2019_12_DET_WAS,DET,00-0032436,39,-3.060989034789696,J.Driskel
2019,2019_12_DET_WAS,WAS,00-0034928,1,-0.3598180672270246,S.Sims
2019,2019_12_DET_WAS,WAS,00-0035232,32,-13.104089282985012,D.Haskins
2019,2019_12_GB_SF,GB,00-0023459,39,-17.03164490051847,A.Rodgers
2019,2019_12_GB_SF,GB,00-0034177,4,-0.45442071673460305,T.Boyle
2019,2019_12_GB_SF,SF,00-0031345,22,8.171917855273517,J.Garoppolo
2019,2019_12_IND_HOU,HOU,00-0033537,31,7.496709455318575,D.Watson
2019,2019_12_IND_HOU,IND,00-0033119,25,-0.8763364603960389,J.Brissett
2019,2019_12_JAX_TEN,JAX,00-0029567,53,-0.3292120964075631,N.Foles
2019,2019_12_JAX_TEN,TEN,00-0029701,19,12.157669562118826,R.Tannehill
2019,2019_12_MIA_CLE,CLE,00-0034855,35,13.642490753519667,B.Mayfield
2019,2019_12_MIA_CLE,MIA,00-0023682,42,-4.805927489418536,R.Fitzpatrick
2019,2019_12_NYG_CHI,CHI,00-0033869,43,-5.523383856229131,M.Trubisky
2019,2019_12_NYG_CHI,NYG,00-0035710,37,-14.12860940907298,D.Jones
2019,2019_12_OAK_NYJ,LV,00-0030520,7,-3.6604125986341387,M.Glennon
2019,2019_12_OAK_NYJ,LV,00-0031280,27,-7.196215271231909,D.Carr
2019,2019_12_OAK_NYJ,NYJ,00-0034869,30,15.29562134842308,S.Darnold
2019,2019_12_PIT_CIN,CIN,00-0035652,30,-8.209553244411424,R.Finley
2019,2019_12_PIT_CIN,PIT,00-0034771,17,-6.171285589978724,M.Rudolph
2019,2019_12_PIT_CIN,PIT,00-0035577,13,0.5910031308723072,D.Hodges
2019,2019_12_SEA_PHI,PHI,00-0032950,48,-9.672012997340726,C.Wentz
2019,2019_12_SEA_PHI,SEA,00-0029263,31,-3.7124950770200336,R.Wilson
2019,2019_12_TB_ATL,ATL,00-0022787,10,3.4859237429774366,M.Schaub
2019,2019_12_TB_ATL,ATL,00-0026143,52,-14.449115160395104,M.Ryan
2019,2019_12_TB_ATL,TB,00-0031503,28,13.716532181046768,J.Winston
2019,2019_13_BUF_DAL,BUF,00-0031051,1,3.1874308812548406,J.Brown
2019,2019_13_BUF_DAL,BUF,00-0034857,28,10.554694567948447,J.Allen
2019,2019_13_BUF_DAL,DAL,00-0033077,54,-5.236010317697872,D.Prescott
2019,2019_13_CHI_DET,CHI,00-0033869,39,11.145416222454514,M.Trubisky
2019,2019_13_CHI_DET,DET,00-0035040,40,4.354348865508415,D.Blough
2019,2019_13_CLE_PIT,CLE,00-0031395,2,-0.05568085648701526,G.Gilbert
2019,2019_13_CLE_PIT,CLE,00-0034855,37,-4.571336100043382,B.Mayfield
2019,2019_13_CLE_PIT,PIT,00-0035577,22,4.455062852737383,D.Hodges
2019,2019_13_GB_NYG,GB,00-0023459,33,18.354591350344165,A.Rodgers
2019,2019_13_GB_NYG,NYG,00-0035710,37,-4.173330319645915,D.Jones
2019,2019_13_LAC_DEN,DEN,00-0035704,28,-2.5017710213233375,D.Lock
2019,2019_13_LAC_DEN,LAC,00-0022942,32,3.9527934972364878,P.Rivers
2019,2019_13_LA_ARI,ARI,00-0035228,40,-24.736148893774953,K.Murray
2019,2019_13_LA_ARI,LA,00-0031407,2,-1.4286358838435262,B.Bortles
2019,2019_13_LA_ARI,LA,00-0033106,43,23.650386435538607,J.Goff
2019,2019_13_MIN_SEA,MIN,00-0029604,38,1.1532936525716688,K.Cousins
2019,2019_13_MIN_SEA,SEA,00-0029263,33,3.217296578132535,R.Wilson
2019,2019_13_NE_HOU,HOU,00-0030564,1,1.30336453410564,D.Hopkins
2019,2019_13_NE_HOU,HOU,00-0033537,28,11.262575290922541,D.Watson
2019,2019_13_NE_HOU,NE,00-0019596,51,2.3589809556103836,T.Brady
2019,2019_13_NO_ATL,ATL,00-0026143,59,-15.7993066507741,M.Ryan
2019,2019_13_NO_ATL,NO,00-0020531,30,-0.6099195163120907,D.Brees
2019,2019_13_NO_ATL,NO,00-0033357,1,-0.6327455985592678,T.Hill
2019,2019_13_NYJ_CIN,CIN,00-0027973,38,1.9380814304857192,A.Dalton
2019,2019_13_NYJ_CIN,NYJ,00-0034869,52,-9.570951322816894,S.Darnold
2019,2019_13_OAK_KC,KC,00-0033873,30,4.820503929965443,P.Mahomes
2019,2019_13_OAK_KC,LV,00-0031280,32,-4.718927375815832,D.Carr
2019,2019_13_PHI_MIA,MIA,00-0023682,44,13.648302068206482,R.Fitzpatrick
2019,2019_13_PHI_MIA,MIA,00-0033400,1,2.270358375797514,M.Haack
2019,2019_13_PHI_MIA,PHI,00-0032950,48,9.645712658844774,C.Wentz
2019,2019_13_SF_BAL,BAL,00-0034796,24,-1.7514426118803197,L.Jackson
2019,2019_13_SF_BAL,SF,00-0031345,23,2.0950204219706094,J.Garoppolo
2019,2019_13_TB_JAX,JAX,00-0029567,17,-16.524362469441257,N.Foles
2019,2019_13_TB_JAX,JAX,00-0035289,30,-10.503099735491443,G.Minshew II
2019,2019_13_TB_JAX,TB,00-0031503,37,-0.6321676111113401,J.Winston
2019,2019_13_TEN_IND,IND,00-0033119,43,2.0311345767800493,J.Brissett
2019,2019_13_TEN_IND,TEN,00-0029701,28,-5.286026863336655,R.Tannehill
2019,2019_13_WAS_CAR,CAR,00-0034577,53,-4.927919475536328,K.Allen
2019,2019_13_WAS_CAR,WAS,00-0035232,31,-7.454845916209514,D.Haskins
2019,2019_14_BAL_BUF,BAL,00-0034796,26,0.8848434259480875,L.Jackson
2019,2019_14_BAL_BUF,BUF,00-0034857,46,-21.165468544086924,J.Allen
2019,2019_14_CAR_ATL,ATL,00-0026143,35,6.021550605096908,M.Ryan
2019,2019_14_CAR_ATL,CAR,00-0034577,46,-7.063137498996623,K.Allen
2019,2019_14_CIN_CLE,CIN,00-0027973,38,-5.403794318249083,A.Dalton
2019,2019_14_CIN_CLE,CIN,00-0032543,1,1.738960771006532,A.Erickson
2019,2019_14_CIN_CLE,CLE,00-0034855,25,-2.0525938086799362,B.Mayfield
2019,2019_14_DAL_CHI,CHI,00-0033869,33,6.325277312227298,M.Trubisky
2019,2019_14_DAL_CHI,DAL,00-0033077,51,3.320981071596726,D.Prescott
2019,2019_14_DEN_HOU,DEN,00-0035704,28,18.062158874870907,D.Lock
2019,2019_14_DEN_HOU,HOU,00-0033537,52,-2.662071828475332,D.Watson
2019,2019_14_DET_MIN,DET,00-0035040,45,-9.511849442909838,D.Blough
2019,2019_14_DET_MIN,MIN,00-0029604,31,5.661337909140102,K.Cousins
2019,2019_14_IND_TB,IND,00-0033119,38,3.6759006027705206,J.Brissett
2019,2019_14_IND_TB,TB,00-0029857,4,-0.6239215268287808,R.Griffin
2019,2019_14_IND_TB,TB,00-0031503,46,11.369366629482126,J.Winston
2019,2019_14_KC_NE,KC,00-0033873,41,4.093982738826991,P.Mahomes
2019,2019_14_KC_NE,NE,00-0019596,39,-19.551673256053785,T.Brady
2019,2019_14_KC_NE,NE,00-0031062,1,2.000194003863726,J.White
2019,2019_14_LAC_JAX,JAX,00-0034437,1,3.129167773993686,L.Cooke
2019,2019_14_LAC_JAX,JAX,00-0035289,39,-14.160623687203042,G.Minshew II
2019,2019_14_LAC_JAX,LAC,00-0022942,23,25.134482017184357,P.Rivers
2019,2019_14_LAC_JAX,LAC,00-0028118,5,2.537555277114734,T.Taylor
2019,2019_14_MIA_NYJ,MIA,00-0023682,39,-0.14676714025556703,R.Fitzpatrick
2019,2019_14_MIA_NYJ,NYJ,00-0034869,36,7.150493877548684,S.Darnold
2019,2019_14_NYG_PHI,NYG,00-0022803,32,-1.8309809216416104,E.Manning
2019,2019_14_NYG_PHI,PHI,00-0032950,53,4.140943845743566,C.Wentz
2019,2019_14_PIT_ARI,ARI,00-0035228,35,-6.1941266137987885,K.Murray
2019,2019_14_PIT_ARI,PIT,00-0035577,22,6.424207757214121,D.Hodges
2019,2019_14_SEA_LA,LA,00-0033106,31,7.798918965476332,J.Goff
2019,2019_14_SEA_LA,LA,00-0033908,1,-1.315011633846808,C.Kupp
2019,2019_14_SEA_LA,SEA,00-0029263,41,-6.852135051816544,R.Wilson
2019,2019_14_SF_NO,NO,00-0020531,41,17.10962359574371,D.Brees
2019,2019_14_SF_NO,NO,00-0033357,1,-2.269321998814121,T.Hill
2019,2019_14_SF_NO,SF,00-0027685,1,3.320115084410645,E.Sanders
2019,2019_14_SF_NO,SF,00-0031345,38,16.077425007985433,J.Garoppolo
2019,2019_14_TEN_OAK,LV,00-0031280,36,5.895140688720858,D.Carr
2019,2019_14_TEN_OAK,TEN,00-0029701,27,20.8976362926187,R.Tannehill
2019,2019_14_WAS_GB,GB,00-0023459,32,-4.439448292237184,A.Rodgers
2019,2019_14_WAS_GB,WAS,00-0035232,30,-1.2482837844371746,D.Haskins
2019,2019_15_ATL_SF,ATL,00-0026143,41,6.3931145418127935,M.Ryan
2019,2019_15_ATL_SF,SF,00-0031345,35,1.909074875855743,J.Garoppolo
2019,2019_15_BUF_PIT,BUF,00-0034857,26,-2.177453528624028,J.Allen
2019,2019_15_BUF_PIT,PIT,00-0035577,42,-15.777383124010331,D.Hodges
2019,2019_15_CHI_GB,CHI,00-0033869,55,-4.16544578886025,M.Trubisky
2019,2019_15_CHI_GB,GB,00-0023459,34,-4.5780847210553475,A.Rodgers
2019,2019_15_CLE_ARI,ARI,00-0035228,25,8.26595224342881,K.Murray
2019,2019_15_CLE_ARI,CLE,00-0034855,43,5.820094584514786,B.Mayfield
2019,2019_15_DEN_KC,DEN,00-0035704,42,-11.684357240162868,D.Lock
2019,2019_15_DEN_KC,KC,00-0023534,1,-0.947,D.Colquitt
2019,2019_15_DEN_KC,KC,00-0033873,38,11.102840472713133,P.Mahomes
2019,2019_15_HOU_TEN,HOU,00-0033537,28,4.84309092577314,D.Watson
2019,2019_15_HOU_TEN,TEN,00-0025825,1,-2.171806056809146,B.Kern
2019,2019_15_HOU_TEN,TEN,00-0029701,37,3.218491718972409,R.Tannehill
2019,2019_15_IND_NO,IND,00-0033119,35,-9.298494739778107,J.Brissett
2019,2019_15_IND_NO,NO,00-0020531,30,21.45337705979734,D.Brees
2019,2019_15_JAX_OAK,JAX,00-0035289,31,5.197744974069693,G.Minshew II
2019,2019_15_JAX_OAK,LV,00-0031280,40,4.54085112974043,D.Carr
2019,2019_15_LA_DAL,DAL,00-0033077,23,7.546712799960852,D.Prescott
2019,2019_15_LA_DAL,LA,00-0028872,1,2.856620193691924,J.Hekker
2019,2019_15_LA_DAL,LA,00-0033106,54,-7.040711897789035,J.Goff
2019,2019_15_MIA_NYG,MIA,00-0023682,44,0.8965209187145731,R.Fitzpatrick
2019,2019_15_MIA_NYG,NYG,00-0022803,29,1.8245274427172262,E.Manning
2019,2019_15_MIA_NYG,NYG,00-0029623,1,-0.04524400760419667,A.Tanney
2019,2019_15_MIN_LAC,LAC,00-0022942,42,-5.544166259584406,P.Rivers
2019,2019_15_MIN_LAC,MIN,00-0029604,25,6.197829872212926,K.Cousins
2019,2019_15_NE_CIN,CIN,00-0027973,31,-12.47257234520264,A.Dalton
2019,2019_15_NE_CIN,NE,00-0019596,31,-2.432835970476878,T.Brady
2019,2019_15_NYJ_BAL,BAL,00-0029665,1,-0.4054707589093596,R.Griffin III
2019,2019_15_NYJ_BAL,BAL,00-0034796,24,16.660204839456128,L.Jackson
2019,2019_15_NYJ_BAL,NYJ,00-0034869,34,-6.9406127839287395,S.Darnold
2019,2019_15_PHI_WAS,PHI,00-0032950,45,8.343518647963023,C.Wentz
2019,2019_15_PHI_WAS,WAS,00-0035232,29,2.310648237058869,D.Haskins
2019,2019_15_SEA_CAR,CAR,00-0033280,1,-0.5022525833919644,C.McCaffrey
2019,2019_15_SEA_CAR,CAR,00-0034577,41,-3.428155710259505,K.Allen
2019,2019_15_SEA_CAR,SEA,00-0029263,28,18.201900757701637,R.Wilson
2019,2019_15_SEA_CAR,SEA,00-0029664,1,-2.873463816009462,J.Gordon
2019,2019_15_TB_DET,DET,00-0035040,45,-17.774516751581064,D.Blough
2019,2019_15_TB_DET,TB,00-0031503,44,25.19753678555223,J.Winston
2019,2019_16_ARI_SEA,ARI,00-0031589,10,-1.011624104329182,B.Hundley
2019,2019_16_ARI_SEA,ARI,00-0035228,19,1.1456330394642924,K.Murray
2019,2019_16_ARI_SEA,SEA,00-0029263,36,-4.792532508837832,R.Wilson
2019,2019_16_BAL_CLE,BAL,00-0034796,31,11.637955202615062,L.Jackson
2019,2019_16_BAL_CLE,CLE,00-0033923,1,-1.2235224395990372,K.Hunt
2019,2019_16_BAL_CLE,CLE,00-0034855,34,0.7955105660646726,B.Mayfield
2019,2019_16_BUF_NE,BUF,00-0034857,30,2.794375504800187,J.Allen
2019,2019_16_BUF_NE,NE,00-0019596,34,13.238162050741288,T.Brady
2019,2019_16_CAR_IND,CAR,00-0031363,1,3.804443590459414,M.Palardy
2019,2019_16_CAR_IND,CAR,00-0035251,49,-13.358381865001643,W.Grier
2019,2019_16_CAR_IND,IND,00-0033119,30,-7.468024883182581,J.Brissett
2019,2019_16_CIN_MIA,CIN,00-0027973,61,12.634464835428167,A.Dalton
2019,2019_16_CIN_MIA,MIA,00-0023682,54,18.073566658829805,R.Fitzpatrick
2019,2019_16_DAL_PHI,DAL,00-0033077,46,-4.595026499383961,D.Prescott
2019,2019_16_DAL_PHI,PHI,00-0032950,41,8.312862941083367,C.Wentz
2019,2019_16_DET_DEN,DEN,00-0034959,1,2.3515461592469364,A.Beck
2019,2019_16_DET_DEN,DEN,00-0035704,33,4.99092150248779,D.Lock
2019,2019_16_DET_DEN,DET,00-0035040,28,-5.202768579759034,D.Blough
2019,2019_16_GB_MIN,GB,00-0023459,44,-7.240831446230075,A.Rodgers
2019,2019_16_GB_MIN,MIN,00-0029604,36,-22.886030545295142,K.Cousins
2019,2019_16_GB_MIN,MIN,00-0031588,1,-1.8194127251044847,S.Diggs
2019,2019_16_HOU_TB,HOU,00-0033537,37,-7.386854507294796,D.Watson
2019,2019_16_HOU_TB,TB,00-0031503,51,-5.349955617297429,J.Winston
2019,2019_16_JAX_ATL,ATL,00-0026143,46,10.304423077593379,M.Ryan
2019,2019_16_JAX_ATL,JAX,00-0034437,1,3.0307770369108766,L.Cooke
2019,2019_16_JAX_ATL,JAX,00-0035289,35,-5.710334351941012,G.Minshew II
2019,2019_16_KC_CHI,CHI,00-0033869,36,-13.87872943990328,M.Trubisky
2019,2019_16_KC_CHI,KC,00-0033873,34,13.731599748772641,P.Mahomes
2019,2019_16_LA_SF,LA,00-0033106,46,3.8130333844402817,J.Goff
2019,2019_16_LA_SF,SF,00-0031345,33,-7.011212694991933,J.Garoppolo
2019,2019_16_NO_TEN,NO,00-0020531,41,8.603932130417347,D.Brees
2019,2019_16_NO_TEN,NO,00-0033357,2,-0.7296276144916192,T.Hill
2019,2019_16_NO_TEN,TEN,00-0029701,32,7.584374770696741,R.Tannehill
2019,2019_16_NYG_WAS,NYG,00-0035710,43,25.374578873227488,D.Jones
2019,2019_16_NYG_WAS,WAS,00-0028986,23,3.081538733706111,C.Keenum
2019,2019_16_NYG_WAS,WAS,00-0035232,17,10.157755331660155,D.Haskins
2019,2019_16_NYG_WAS,WAS,00-0035297,1,0.9028711734572425,K.Harmon
2019,2019_16_OAK_LAC,LAC,00-0022942,40,4.6298117137430435,P.Rivers
2019,2019_16_OAK_LAC,LV,00-0031280,33,14.51761896442622,D.Carr
2019,2019_16_PIT_NYJ,NYJ,00-0034869,28,-5.245636233811811,S.Darnold
2019,2019_16_PIT_NYJ,PIT,00-0034771,21,4.497013232449198,M.Rudolph
2019,2019_16_PIT_NYJ,PIT,00-0035577,20,-8.992433355015237,D.Hodges
2019,2019_17_ARI_LA,ARI,00-0031589,1,-0.5045322114601731,B.Hundley
2019,2019_17_ARI_LA,ARI,00-0035228,42,8.141943324136106,K.Murray
2019,2019_17_ARI_LA,LA,00-0033106,46,14.837684163383047,J.Goff
2019,2019_17_ATL_TB,ATL,00-0026143,57,-6.256774169398276,M.Ryan
2019,2019_17_ATL_TB,TB,00-0031503,25,-6.649327619275794,J.Winston
2019,2019_17_CHI_MIN,CHI,00-0033869,41,-1.791231699577068,M.Trubisky
2019,2019_17_CHI_MIN,MIN,00-0032245,21,-4.060896042318954,S.Mannion
2019,2019_17_CLE_CIN,CIN,00-0027973,29,6.086425417309972,A.Dalton
2019,2019_17_CLE_CIN,CLE,00-0034855,33,2.1772667544331625,B.Mayfield
2019,2019_17_GB_DET,DET,00-0026035,1,1.9585355066228658,D.Amendola
2019,2019_17_GB_DET,DET,00-0035040,30,-15.530891248474004,D.Blough
2019,2019_17_GB_DET,GB,00-0023459,56,7.578175550006425,A.Rodgers
2019,2019_17_IND_JAX,IND,00-0033119,28,-6.352993607986505,J.Brissett
2019,2019_17_IND_JAX,JAX,00-0035289,43,10.125502467587332,G.Minshew II
2019,2019_17_LAC_KC,KC,00-0033873,25,-2.1406239386015176,P.Mahomes
2019,2019_17_LAC_KC,LAC,00-0022942,49,8.980427288101055,P.Rivers
2019,2019_17_MIA_NE,MIA,00-0023682,43,12.111085671861165,R.Fitzpatrick
2019,2019_17_MIA_NE,MIA,00-0030669,2,0.9425211698981002,A.Wilson
2019,2019_17_MIA_NE,MIA,00-0033400,1,-2.8551007392816246,M.Haack
2019,2019_17_MIA_NE,NE,00-0019596,30,0.15550188838013268,T.Brady
2019,2019_17_NO_CAR,CAR,00-0034577,42,2.7234107259542784,K.Allen
2019,2019_17_NO_CAR,CAR,00-0035251,9,-14.820948919514194,W.Grier
2019,2019_17_NO_CAR,NO,00-0020531,30,18.676652229914907,D.Brees
2019,2019_17_NO_CAR,NO,00-0031237,2,0.8439147740136832,T.Bridgewater
2019,2019_17_NYJ_BUF,BUF,00-0030533,35,-7.374310926419881,M.Barkley
2019,2019_17_NYJ_BUF,BUF,00-0034857,5,-4.213322689058259,J.Allen
2019,2019_17_NYJ_BUF,NYJ,00-0034869,38,1.8268700735310097,S.Darnold
2019,2019_17_OAK_DEN,DEN,00-0035704,30,4.8579753252678906,D.Lock
2019,2019_17_OAK_DEN,LV,00-0031280,48,9.105802987678064,D.Carr
2019,2019_17_PHI_NYG,NYG,00-0035710,51,-8.73405437365131,D.Jones
2019,2019_17_PHI_NYG,PHI,00-0032950,41,5.756273360587841,C.Wentz
2019,2019_17_PIT_BAL,BAL,00-0029665,24,-7.272128388899868,R.Griffin III
2019,2019_17_PIT_BAL,PIT,00-0035577,27,-13.891910077316645,D.Hodges
2019,2019_17_SF_SEA,SEA,00-0029263,40,11.315391886630096,R.Wilson
2019,2019_17_SF_SEA,SF,00-0031345,25,14.276620725294734,J.Garoppolo
2019,2019_17_TEN_HOU,HOU,00-0031288,40,-3.6366681246145163,A.McCarron
2019,2019_17_TEN_HOU,TEN,00-0029701,20,13.83002557992586,R.Tannehill
2019,2019_17_TEN_HOU,TEN,00-0032268,1,1.7300607514334843,M.Mariota
2019,2019_17_WAS_DAL,DAL,00-0033077,36,8.373965136810554,D.Prescott
2019,2019_17_WAS_DAL,WAS,00-0028986,39,-18.784486305229137,C.Keenum
2019,2019_18_BUF_HOU,BUF,00-0031051,1,2.355218402517494,J.Brown
2019,2019_18_BUF_HOU,BUF,00-0034857,48,-2.2684457291077007,J.Allen
2019,2019_18_BUF_HOU,HOU,00-0033537,33,6.051862829046311,D.Watson
2019,2019_18_MIN_NO,MIN,00-0029604,33,12.499285034207773,K.Cousins
2019,2019_18_MIN_NO,MIN,00-0031588,1,-1.5197308701463044,S.Diggs
2019,2019_18_MIN_NO,NO,00-0020531,36,-14.271743136673809,D.Brees
2019,2019_18_MIN_NO,NO,00-0033357,1,3.2679588066530414,T.Hill
2019,2019_18_SEA_PHI,PHI,00-0021206,30,-4.132982522372909,J.McCown
2019,2019_18_SEA_PHI,PHI,00-0032950,5,-5.258603436872363,C.Wentz
2019,2019_18_SEA_PHI,SEA,00-0029263,31,14.673623143976828,R.Wilson
2019,2019_18_TEN_NE,NE,00-0019596,37,-3.114878125000261,T.Brady
2019,2019_18_TEN_NE,TEN,00-0029701,16,-1.4406563657103106,R.Tannehill
2019,2019_18_TEN_NE,TEN,00-0032268,1,-0.20805239491164684,M.Mariota
2019,2019_19_HOU_KC,HOU,00-0030085,1,-2.030570574104786,K.Stills
2019,2019_19_HOU_KC,HOU,00-0033537,55,4.821797304570984,D.Watson
2019,2019_19_HOU_KC,KC,00-0031325,1,-0.8703417091164738,S.Watkins
2019,2019_19_HOU_KC,KC,00-0033873,35,19.084861771635083,P.Mahomes
2019,2019_19_MIN_SF,MIN,00-0029604,35,-15.275711418840094,K.Cousins
2019,2019_19_MIN_SF,SF,00-0031345,21,-0.7077129098924204,J.Garoppolo
2019,2019_19_SEA_GB,GB,00-0023459,29,12.953256398410304,A.Rodgers
2019,2019_19_SEA_GB,SEA,00-0029263,36,10.643014964537869,R.Wilson
2019,2019_19_TEN_BAL,BAL,00-0034796,63,-12.086317282697912,L.Jackson
2019,2019_19_TEN_BAL,TEN,00-0029701,15,-0.004197722591925412,R.Tannehill
2019,2019_19_TEN_BAL,TEN,00-0032764,1,2.309003423550166,D.Henry
2019,2019_20_GB_SF,GB,00-0023459,43,9.823996093109717,A.Rodgers
2019,2019_20_GB_SF,SF,00-0031345,9,-0.3445277052328719,J.Garoppolo
2019,2019_20_TEN_KC,KC,00-0033873,37,15.70035311812535,P.Mahomes
2019,2019_20_TEN_KC,TEN,00-0025825,1,3.9428100150544196,B.Kern
2019,2019_20_TEN_KC,TEN,00-0029701,34,3.4903417433871393,R.Tannehill
2019,2019_21_SF_KC,KC,00-0033873,46,1.7616080511570669,P.Mahomes
2019,2019_21_SF_KC,SF,00-0031345,32,1.3936081341261608,J.Garoppolo
2020,2020_01_ARI_SF,ARI,00-0035228,41,-3.5749918049687985,K.Murray
2020,2020_01_ARI_SF,SF,00-0031345,36,0.3769955041620001,J.Garoppolo
2020,2020_01_CHI_DET,CHI,00-0033869,37,2.5096554696437496,M.Trubisky
2020,2020_01_CHI_DET,DET,00-0026498,42,2.1112938107981636,M.Stafford
2020,2020_01_CLE_BAL,BAL,00-0029665,1,-0.9065175668802112,R.Griffin
2020,2020_01_CLE_BAL,BAL,00-0034796,27,14.667141989124156,L.Jackson
2020,2020_01_CLE_BAL,CLE,00-0034855,41,-10.64684280633702,B.Mayfield
2020,2020_01_DAL_LA,DAL,00-0033077,42,-5.030475797324463,D.Prescott
2020,2020_01_DAL_LA,LA,00-0033106,32,4.942996442904706,J.Goff
2020,2020_01_GB_MIN,GB,00-0023459,44,17.96795294842243,A.Rodgers
2020,2020_01_GB_MIN,MIN,00-0029604,28,7.71673644146944,K.Cousins
2020,2020_01_HOU_KC,HOU,00-0033537,37,3.5179229007296238,D.Watson
2020,2020_01_HOU_KC,KC,00-0033873,33,13.987828913610429,P.Mahomes
2020,2020_01_IND_JAX,IND,00-0022942,46,9.912449391182957,P.Rivers
2020,2020_01_IND_JAX,IND,00-0033119,1,-1.9841768899350427,J.Brissett
2020,2020_01_IND_JAX,JAX,00-0035289,24,8.492176140200794,G.Minshew
2020,2020_01_LAC_CIN,CIN,00-0036442,38,-5.8202424357778275,J.Burrow
2020,2020_01_LAC_CIN,LAC,00-0028118,32,-0.1912330587976525,T.Taylor
2020,2020_01_LV_CAR,CAR,00-0031237,36,6.3769420746634955,T.Bridgewater
2020,2020_01_LV_CAR,LV,00-0031280,30,10.777473809644514,D.Carr
2020,2020_01_MIA_NE,MIA,00-0023682,31,-8.427610984940431,R.Fitzpatrick
2020,2020_01_MIA_NE,NE,00-0027939,21,3.36320788069861,C.Newton
2020,2020_01_NYJ_BUF,BUF,00-0034857,49,13.801008465207914,J.Allen
2020,2020_01_NYJ_BUF,NYJ,00-0034869,36,-4.732508707093075,S.Darnold
2020,2020_01_PHI_WAS,PHI,00-0032950,50,-19.575955701824473,C.Wentz
2020,2020_01_PHI_WAS,WAS,00-0035232,34,-3.4585974174300147,D.Haskins
2020,2020_01_PIT_NYG,NYG,00-0035710,45,-1.2848462666201752,D.Jones
2020,2020_01_PIT_NYG,PIT,00-0022924,34,15.101035920325753,B.Roethlisberger
2020,2020_01_SEA_ATL,ATL,00-0026143,57,6.093836281507872,M.Ryan
2020,2020_01_SEA_ATL,SEA,00-0029263,38,19.570175917712422,R.Wilson
2020,2020_01_TB_NO,NO,00-0020531,31,-2.9236413656484728,D.Brees
2020,2020_01_TB_NO,NO,00-0033357,1,2.2845937299425714,T.Hill
2020,2020_01_TB_NO,TB,00-0019596,40,-10.443857305171484,T.Brady
2020,2020_01_TEN_DEN,DEN,00-0035704,33,-2.155259264196502,D.Lock
2020,2020_01_TEN_DEN,TEN,00-0029701,44,9.900781190141023,R.Tannehill
2020,2020_02_ATL_DAL,ATL,00-0026143,38,14.180194348911133,M.Ryan
2020,2020_02_ATL_DAL,ATL,00-0034411,1,-2.0124340399634093,R.Gage
2020,2020_02_ATL_DAL,DAL,00-0027973,1,-0.2147748937131837,A.Dalton
2020,2020_02_ATL_DAL,DAL,00-0028664,1,-3.3216047949390486,C.Jones
2020,2020_02_ATL_DAL,DAL,00-0033077,47,17.946630681166425,D.Prescott
2020,2020_02_BAL_HOU,BAL,00-0034796,28,5.573581048448107,L.Jackson
2020,2020_02_BAL_HOU,HOU,00-0033537,39,0.4809706791728914,D.Watson
2020,2020_02_BUF_MIA,BUF,00-0034857,36,28.7114746295589,J.Allen
2020,2020_02_BUF_MIA,MIA,00-0023682,50,7.309997003073914,R.Fitzpatrick
2020,2020_02_CAR_TB,CAR,00-0031237,47,-4.210848205520915,T.Bridgewater
2020,2020_02_CAR_TB,TB,00-0019596,35,0.5243797431487236,T.Brady
2020,2020_02_CIN_CLE,CIN,00-0036442,63,10.864014216831663,J.Burrow
2020,2020_02_CIN_CLE,CLE,00-0034855,23,10.991588489647256,B.Mayfield
2020,2020_02_DEN_PIT,DEN,00-0032436,41,-2.898938903329561,J.Driskel
2020,2020_02_DEN_PIT,DEN,00-0035704,6,-8.161262641311623,D.Lock
2020,2020_02_DEN_PIT,PIT,00-0022924,42,1.1079273024224676,B.Roethlisberger
2020,2020_02_DET_GB,DET,00-0026498,37,-6.024837623961503,M.Stafford
2020,2020_02_DET_GB,GB,00-0023459,31,14.773186671961504,A.Rodgers
2020,2020_02_JAX_TEN,JAX,00-0035289,47,11.379201842988385,G.Minshew
2020,2020_02_JAX_TEN,TEN,00-0029701,25,18.033543104105057,R.Tannehill
2020,2020_02_KC_LAC,KC,00-0033873,49,3.699331460561738,P.Mahomes
2020,2020_02_KC_LAC,LAC,00-0036355,34,2.716974230493291,J.Herbert
2020,2020_02_LA_PHI,LA,00-0033106,28,21.19681372229269,J.Goff
2020,2020_02_LA_PHI,PHI,00-0032950,43,-9.305834659843686,C.Wentz
2020,2020_02_MIN_IND,IND,00-0022942,27,2.861142298327305,P.Rivers
2020,2020_02_MIN_IND,MIN,00-0029604,28,-13.046594499026893,K.Cousins
2020,2020_02_NE_SEA,NE,00-0027939,45,20.789546072667004,C.Newton
2020,2020_02_NE_SEA,SEA,00-0029263,30,10.462023802043404,R.Wilson
2020,2020_02_NO_LV,LV,00-0031280,41,14.408646619450613,D.Carr
2020,2020_02_NO_LV,NO,00-0020531,38,3.8463376417311244,D.Brees
2020,2020_02_NYG_CHI,CHI,00-0033869,32,1.7739985417313557,M.Trubisky
2020,2020_02_NYG_CHI,NYG,00-0035710,42,-8.678857148078324,D.Jones
2020,2020_02_SF_NYJ,NYJ,00-0034869,33,-2.748362002502066,S.Darnold
2020,2020_02_SF_NYJ,SF,00-0031345,17,14.405696648580488,J.Garoppolo
2020,2020_02_SF_NYJ,SF,00-0033319,13,-6.854055552044198,N.Mullens
2020,2020_02_WAS_ARI,ARI,00-0035228,41,3.7619316711555193,K.Murray
2020,2020_02_WAS_ARI,WAS,00-0035232,38,-8.52634880224312,D.Haskins
2020,2020_03_CAR_LAC,CAR,00-0031237,30,2.7245779019250644,T.Bridgewater
2020,2020_03_CAR_LAC,LAC,00-0036355,51,0.24104670004163697,J.Herbert
2020,2020_03_CHI_ATL,ATL,00-0026143,40,-7.075526643274059,M.Ryan
2020,2020_03_CHI_ATL,CHI,00-0029567,30,4.183042045202572,N.Foles
2020,2020_03_CHI_ATL,CHI,00-0033869,24,-4.93474796678842,M.Trubisky
2020,2020_03_CIN_PHI,CIN,00-0036442,52,3.7584861013506017,J.Burrow
2020,2020_03_CIN_PHI,PHI,00-0032950,50,-8.401640448841485,C.Wentz
2020,2020_03_DAL_SEA,DAL,00-0033077,60,7.7522974137324745,D.Prescott
2020,2020_03_DAL_SEA,SEA,00-0029263,45,13.808949772021268,R.Wilson
2020,2020_03_DET_ARI,ARI,00-0035228,36,-4.149602665915154,K.Murray
2020,2020_03_DET_ARI,DET,00-0026498,35,6.25321579899879,M.Stafford
2020,2020_03_GB_NO,GB,00-0023459,33,10.888456291291702,A.Rodgers
2020,2020_03_GB_NO,NO,00-0020531,37,11.02612214922194,D.Brees
2020,2020_03_HOU_PIT,HOU,00-0033537,32,7.013692899694433,D.Watson
2020,2020_03_HOU_PIT,PIT,00-0022924,39,9.644038117147554,B.Roethlisberger
2020,2020_03_KC_BAL,BAL,00-0034796,32,-14.926027899354969,L.Jackson
2020,2020_03_KC_BAL,KC,00-0033873,42,31.377849139021908,P.Mahomes
2020,2020_03_LA_BUF,BUF,00-0034857,37,8.455064536363352,J.Allen
2020,2020_03_LA_BUF,LA,00-0033106,35,12.730121978026842,J.Goff
2020,2020_03_LV_NE,LV,00-0031280,34,-2.253547577153304,D.Carr
2020,2020_03_LV_NE,NE,00-0027939,30,-4.461832656459475,C.Newton
2020,2020_03_MIA_JAX,JAX,00-0035289,46,-9.569949476339389,G.Minshew
2020,2020_03_MIA_JAX,MIA,00-0023682,21,8.724537062225863,R.Fitzpatrick
2020,2020_03_NYJ_IND,IND,00-0022942,21,9.946979638189255,P.Rivers
2020,2020_03_NYJ_IND,IND,00-0033119,4,-0.41620669420808554,J.Brissett
2020,2020_03_NYJ_IND,NYJ,00-0034869,31,-22.88101179280784,S.Darnold
2020,2020_03_SF_NYG,NYG,00-0035710,34,-2.466700792604274,D.Jones
2020,2020_03_SF_NYG,SF,00-0033319,38,24.949303249956593,N.Mullens
2020,2020_03_SF_NYG,SF,00-0034941,1,-0.947,M.Wishnowsky
2020,2020_03_TB_DEN,DEN,00-0032436,35,-10.640846800955627,J.Driskel
2020,2020_03_TB_DEN,DEN,00-0034955,10,-2.889661577239167,B.Rypien
2020,2020_03_TB_DEN,TB,00-0019596,40,11.559702389088667,T.Brady
2020,2020_03_TEN_MIN,MIN,00-0029604,30,3.1808681949241846,K.Cousins
2020,2020_03_TEN_MIN,TEN,00-0029701,39,-1.538196568342272,R.Tannehill
2020,2020_03_TEN_MIN,TEN,00-0032009,1,-0.4747732928954065,A.Humphries
2020,2020_03_WAS_CLE,CLE,00-0034855,25,8.549082634242074,B.Mayfield
2020,2020_03_WAS_CLE,WAS,00-0035232,40,-6.348065833502915,D.Haskins
2020,2020_04_ARI_CAR,ARI,00-0035228,32,1.2152202273136936,K.Murray
2020,2020_04_ARI_CAR,CAR,00-0031237,37,12.581296957361788,T.Bridgewater
2020,2020_04_ATL_GB,ATL,00-0026143,43,1.501592826279197,M.Ryan
2020,2020_04_ATL_GB,GB,00-0023459,34,25.907597289926347,A.Rodgers
2020,2020_04_BAL_WAS,BAL,00-0024417,1,3.3933274865266867,S.Koch
2020,2020_04_BAL_WAS,BAL,00-0029665,1,-1.795638655021321,R.Griffin
2020,2020_04_BAL_WAS,BAL,00-0034796,22,10.358364130914234,L.Jackson
2020,2020_04_BAL_WAS,WAS,00-0035232,48,-0.9816704846119437,D.Haskins
2020,2020_04_BUF_LV,BUF,00-0034857,35,18.573673158527033,J.Allen
2020,2020_04_BUF_LV,LV,00-0031280,45,10.588339877124218,D.Carr
2020,2020_04_CLE_DAL,CLE,00-0031382,1,3.445104665821418,J.Landry
2020,2020_04_CLE_DAL,CLE,00-0034855,31,6.666940185455177,B.Mayfield
2020,2020_04_CLE_DAL,DAL,00-0033077,62,11.340811163580046,D.Prescott
2020,2020_04_DEN_NYJ,DEN,00-0034955,31,1.2040687162515726,B.Rypien
2020,2020_04_DEN_NYJ,NYJ,00-0026158,2,-0.9474121164530516,J.Flacco
2020,2020_04_DEN_NYJ,NYJ,00-0034869,49,-13.78850143132552,S.Darnold
2020,2020_04_IND_CHI,CHI,00-0029567,43,-4.563319022244687,N.Foles
2020,2020_04_IND_CHI,IND,00-0022942,30,6.719013260297245,P.Rivers
2020,2020_04_JAX_CIN,CIN,00-0036442,37,8.890801318826545,J.Burrow
2020,2020_04_JAX_CIN,JAX,00-0035289,43,11.47696713943062,G.Minshew II
2020,2020_04_LAC_TB,LAC,00-0036355,27,13.653192380412415,J.Herbert
2020,2020_04_LAC_TB,TB,00-0019596,46,12.685636314256952,T.Brady
2020,2020_04_MIN_HOU,HOU,00-0033537,36,7.387939800514616,D.Watson
2020,2020_04_MIN_HOU,MIN,00-0029604,25,9.871617449148715,K.Cousins
2020,2020_04_NE_KC,KC,00-0033873,30,6.615694674022389,P.Mahomes
2020,2020_04_NE_KC,NE,00-0026625,26,-9.247645761185158,B.Hoyer
2020,2020_04_NE_KC,NE,00-0035264,13,-9.68836469767848,J.Stidham
2020,2020_04_NO_DET,DET,00-0026498,35,2.1837040440151467,M.Stafford
2020,2020_04_NO_DET,NO,00-0020531,27,10.554806563828606,D.Brees
2020,2020_04_NYG_LA,LA,00-0033106,34,0.03410909828057562,J.Goff
2020,2020_04_NYG_LA,NYG,00-0035710,41,-12.50929862793723,D.Jones
2020,2020_04_PHI_SF,PHI,00-0032950,32,-2.1494749931781874,C.Wentz
2020,2020_04_PHI_SF,SF,00-0033319,30,-12.486713434685953,N.Mullens
2020,2020_04_PHI_SF,SF,00-0033936,20,3.020391499929363,C.Beathard
2020,2020_04_SEA_MIA,MIA,00-0023682,47,3.640333516609105,R.Fitzpatrick
2020,2020_04_SEA_MIA,SEA,00-0029263,36,10.854236758240816,R.Wilson
2020,2020_05_ARI_NYJ,ARI,00-0035228,38,12.555597472541876,K.Murray
2020,2020_05_ARI_NYJ,NYJ,00-0026158,35,-2.6866600353494,J.Flacco
2020,2020_05_ARI_NYJ,NYJ,00-0035510,1,-1.9228770501213148,J.Smith
2020,2020_05_BUF_TEN,BUF,00-0030533,5,-3.5239271124009974,M.Barkley
2020,2020_05_BUF_TEN,BUF,00-0034857,43,2.4060211084510277,J.Allen
2020,2020_05_BUF_TEN,TEN,00-0029701,28,13.888818386069033,R.Tannehill
2020,2020_05_CAR_ATL,ATL,00-0026143,38,-3.968940802918091,M.Ryan
2020,2020_05_CAR_ATL,CAR,00-0031237,36,16.779192054111817,T.Bridgewater
2020,2020_05_CIN_BAL,BAL,00-0034796,38,-5.072192022181916,L.Jackson
2020,2020_05_CIN_BAL,CIN,00-0036442,37,-14.021018077852204,J.Burrow
2020,2020_05_IND_CLE,CLE,00-0031235,1,0.589170696795918,O.Beckham
2020,2020_05_IND_CLE,CLE,00-0034855,38,3.4332082109082007,B.Mayfield
2020,2020_05_IND_CLE,IND,00-0022942,34,-6.862817251179804,P.Rivers
2020,2020_05_JAX_HOU,HOU,00-0033537,36,11.248709308400858,D.Watson
2020,2020_05_JAX_HOU,JAX,00-0035289,52,0.5265106522727958,G.Minshew II
2020,2020_05_JAX_HOU,JAX,00-0035831,1,-4.40899270621594,J.Robinson
2020,2020_05_LAC_NO,LAC,00-0036355,37,6.5131034966408645,J.Herbert
2020,2020_05_LAC_NO,NO,00-0020531,49,-0.21162890624776498,D.Brees
2020,2020_05_LAC_NO,NO,00-0033357,1,-0.4979011104442179,T.Hill
2020,2020_05_LA_WAS,LA,00-0033106,31,12.481605236028091,J.Goff
2020,2020_05_LA_WAS,WAS,00-0023436,23,-20.420169856102532,A.Smith
2020,2020_05_LA_WAS,WAS,00-0034577,15,-2.8740488346666098,K.Allen
2020,2020_05_LV_KC,KC,00-0033873,47,11.497368541327141,P.Mahomes
2020,2020_05_LV_KC,LV,00-0031280,32,16.930929859632123,D.Carr
2020,2020_05_MIA_SF,MIA,00-0023682,30,23.528558838645342,R.Fitzpatrick
2020,2020_05_MIA_SF,SF,00-0031345,20,-12.654165507876314,J.Garoppolo
2020,2020_05_MIA_SF,SF,00-0033936,20,-7.880294772884,C.Beathard
2020,2020_05_MIN_SEA,MIN,00-0029604,42,11.704122174413982,K.Cousins
2020,2020_05_MIN_SEA,SEA,00-0029263,37,0.851049173434265,R.Wilson
2020,2020_05_NYG_DAL,DAL,00-0027973,12,1.358650483361683,A.Dalton
2020,2020_05_NYG_DAL,DAL,00-0033077,22,-0.2375229132569423,D.Prescott
2020,2020_05_NYG_DAL,DAL,00-0034418,1,2.6684373994357884,C.Wilson
2020,2020_05_NYG_DAL,NYG,00-0035710,36,-0.9281888017257454,D.Jones
2020,2020_05_PHI_PIT,PHI,00-0032950,41,5.26308160115425,C.Wentz
2020,2020_05_PHI_PIT,PHI,00-0036389,1,1.166050148429349,J.Hurts
2020,2020_05_PHI_PIT,PIT,00-0022924,35,15.845100638539387,B.Roethlisberger
2020,2020_05_TB_CHI,CHI,00-0029567,45,-4.626801379850214,N.Foles
2020,2020_05_TB_CHI,TB,00-0019596,44,0.32756780545183384,T.Brady
2020,2020_06_ARI_DAL,ARI,00-0035228,25,1.427007208445049,K.Murray
2020,2020_06_ARI_DAL,DAL,00-0027973,57,-4.741035657019289,A.Dalton
2020,2020_06_ATL_MIN,ATL,00-0026143,42,30.441584708137704,M.Ryan
2020,2020_06_ATL_MIN,MIN,00-0029604,39,1.3308751235601957,K.Cousins
2020,2020_06_BAL_PHI,BAL,00-0034796,30,1.9189397716455399,L.Jackson
2020,2020_06_BAL_PHI,PHI,00-0032950,48,-5.374277979397215,C.Wentz
2020,2020_06_CHI_CAR,CAR,00-0031237,33,-9.11354617056148,T.Bridgewater
2020,2020_06_CHI_CAR,CHI,00-0029567,38,0.9274223270011381,N.Foles
2020,2020_06_CIN_IND,CIN,00-0036442,41,14.393506555362187,J.Burrow
2020,2020_06_CIN_IND,IND,00-0022942,45,18.38617911653496,P.Rivers
2020,2020_06_CLE_PIT,CLE,00-0028986,10,-4.156520829652436,C.Keenum
2020,2020_06_CLE_PIT,CLE,00-0034855,22,-13.481387375795748,B.Mayfield
2020,2020_06_CLE_PIT,PIT,00-0022924,24,1.1267926644740478,B.Roethlisberger
2020,2020_06_CLE_PIT,PIT,00-0034771,1,-0.6331099467352033,M.Rudolph
2020,2020_06_DEN_NE,DEN,00-0035704,26,-4.988680552369006,D.Lock
2020,2020_06_DEN_NE,NE,00-0027150,2,3.4443048023385927,J.Edelman
2020,2020_06_DEN_NE,NE,00-0027939,29,-12.756162675409177,C.Newton
2020,2020_06_DET_JAX,DET,00-0026498,31,4.148875021096201,M.Stafford
2020,2020_06_DET_JAX,JAX,00-0035289,46,-6.6363257655091195,G.Minshew II
2020,2020_06_GB_TB,GB,00-0023459,39,-15.289743833790626,A.Rodgers
2020,2020_06_GB_TB,GB,00-0034177,1,-2.0614159354008734,T.Boyle
2020,2020_06_GB_TB,TB,00-0019596,27,6.482448933336238,T.Brady
2020,2020_06_GB_TB,TB,00-0027948,1,-0.4783148830756545,B.Gabbert
2020,2020_06_HOU_TEN,HOU,00-0028002,1,-0.5173710964154452,R.Cobb
2020,2020_06_HOU_TEN,HOU,00-0033537,39,20.534806430092548,D.Watson
2020,2020_06_HOU_TEN,TEN,00-0029701,44,17.398502473387925,R.Tannehill
2020,2020_06_KC_BUF,BUF,00-0034857,27,-3.1107719341086457,J.Allen
2020,2020_06_KC_BUF,KC,00-0033873,27,16.147718559892382,P.Mahomes
2020,2020_06_LA_SF,LA,00-0033106,38,-3.3468511586646326,J.Goff
2020,2020_06_LA_SF,SF,00-0031345,33,12.80657944441191,J.Garoppolo
2020,2020_06_NYJ_MIA,MIA,00-0023682,29,-5.2299910345840805,R.Fitzpatrick
2020,2020_06_NYJ_MIA,MIA,00-0036212,2,0.7485004508635029,T.Tagovailoa
2020,2020_06_NYJ_MIA,NYJ,00-0026158,47,-18.157491156599235,J.Flacco
2020,2020_06_WAS_NYG,NYG,00-0035710,20,-0.3075155213300649,D.Jones
2020,2020_06_WAS_NYG,WAS,00-0034577,46,-0.7792446266922964,K.Allen
2020,2020_07_BUF_NYJ,BUF,00-0034857,45,6.262838007736622,J.Allen
2020,2020_07_BUF_NYJ,NYJ,00-0034869,29,-12.361685362554528,S.Darnold
2020,2020_07_CAR_NO,CAR,00-0031237,29,14.06919328056399,T.Bridgewater
2020,2020_07_CAR_NO,NO,00-0020531,36,15.281714179968084,D.Brees
2020,2020_07_CAR_NO,NO,00-0033357,1,-0.8086706702597439,T.Hill
2020,2020_07_CHI_LA,CHI,00-0029567,44,-17.9263268008973,N.Foles
2020,2020_07_CHI_LA,LA,00-0033106,34,3.503237366233974,J.Goff
2020,2020_07_CLE_CIN,CIN,00-0033009,1,1.2361307860119268,T.Boyd
2020,2020_07_CLE_CIN,CIN,00-0036442,51,17.155352202335337,J.Burrow
2020,2020_07_CLE_CIN,CLE,00-0031382,1,1.2106202995637432,J.Landry
2020,2020_07_CLE_CIN,CLE,00-0034855,27,22.05136582341357,B.Mayfield
2020,2020_07_DAL_WAS,DAL,00-0027973,22,-9.705110645736568,A.Dalton
2020,2020_07_DAL_WAS,DAL,00-0036384,6,-2.504248305922374,B.DiNucci
2020,2020_07_DAL_WAS,WAS,00-0034577,28,7.371660895281487,K.Allen
2020,2020_07_DET_ATL,ATL,00-0026143,45,10.734920824048576,M.Ryan
2020,2020_07_DET_ATL,DET,00-0026498,34,12.400647913993524,M.Stafford
2020,2020_07_GB_HOU,GB,00-0023459,34,17.992355442402186,A.Rodgers
2020,2020_07_GB_HOU,HOU,00-0033537,42,7.801318269141319,D.Watson
2020,2020_07_JAX_LAC,JAX,00-0035289,34,-0.44278953576553626,G.Minshew II
2020,2020_07_JAX_LAC,LAC,00-0035282,1,-0.2389741421211511,E.Stick
2020,2020_07_JAX_LAC,LAC,00-0036355,44,14.643816256651766,J.Herbert
2020,2020_07_KC_DEN,DEN,00-0035704,43,-16.444609837105403,D.Lock
2020,2020_07_KC_DEN,KC,00-0026197,3,2.153087710525142,C.Henne
2020,2020_07_KC_DEN,KC,00-0033873,26,2.7868486780763453,P.Mahomes
2020,2020_07_NYG_PHI,NYG,00-0035710,33,-3.4907604616018943,D.Jones
2020,2020_07_NYG_PHI,PHI,00-0032950,46,6.3504573107055835,C.Wentz
2020,2020_07_NYG_PHI,PHI,00-0036389,1,-0.947,J.Hurts
2020,2020_07_PIT_TEN,PIT,00-0022924,49,6.0701358439462485,B.Roethlisberger
2020,2020_07_PIT_TEN,TEN,00-0025825,1,-1.8763287150650285,B.Kern
2020,2020_07_PIT_TEN,TEN,00-0029701,32,6.789037316372686,R.Tannehill
2020,2020_07_SEA_ARI,ARI,00-0035228,44,12.264162372487613,K.Murray
2020,2020_07_SEA_ARI,SEA,00-0029263,52,0.15835595658843715,R.Wilson
2020,2020_07_SF_NE,NE,00-0027939,16,-11.477948388848263,C.Newton
2020,2020_07_SF_NE,NE,00-0035264,11,-3.813850249396637,J.Stidham
2020,2020_07_SF_NE,SF,00-0031345,26,15.679654510065777,J.Garoppolo
2020,2020_07_TB_LV,LV,00-0031280,39,-6.1061776744723835,D.Carr
2020,2020_07_TB_LV,TB,00-0019596,43,27.056476508204334,T.Brady
2020,2020_08_ATL_CAR,ATL,00-0026143,32,9.874131322774627,M.Ryan
2020,2020_08_ATL_CAR,CAR,00-0031237,26,-1.140478459710721,T.Bridgewater
2020,2020_08_ATL_CAR,CAR,00-0033275,4,-2.826850985870606,P.Walker
2020,2020_08_DAL_PHI,DAL,00-0036384,43,-24.915145271142624,B.DiNucci
2020,2020_08_DAL_PHI,PHI,00-0032950,32,-15.515141446565277,C.Wentz
2020,2020_08_DAL_PHI,PHI,00-0036389,1,0.6857284595025703,J.Hurts
2020,2020_08_IND_DET,DET,00-0026498,46,-7.118089302442968,M.Stafford
2020,2020_08_IND_DET,IND,00-0022942,35,17.67825495096622,P.Rivers
2020,2020_08_IND_DET,IND,00-0033251,1,-0.5561131672002375,Z.Pascal
2020,2020_08_LAC_DEN,DEN,00-0035704,42,3.3611670836414893,D.Lock
2020,2020_08_LAC_DEN,LAC,00-0030279,1,-0.5174190076068044,K.Allen
2020,2020_08_LAC_DEN,LAC,00-0036355,45,5.0315014980793435,J.Herbert
2020,2020_08_LA_MIA,LA,00-0033106,62,-25.45234211528531,J.Goff
2020,2020_08_LA_MIA,MIA,00-0036212,23,-10.163362624763977,T.Tagovailoa
2020,2020_08_LV_CLE,CLE,00-0034855,25,-1.6663777658267236,B.Mayfield
2020,2020_08_LV_CLE,LV,00-0031280,25,0.4562142098806059,D.Carr
2020,2020_08_MIN_GB,GB,00-0023459,41,10.324819048284553,A.Rodgers
2020,2020_08_MIN_GB,MIN,00-0029604,15,12.013542197528295,K.Cousins
2020,2020_08_NE_BUF,BUF,00-0034857,19,-1.130881338764607,J.Allen
2020,2020_08_NE_BUF,NE,00-0027939,28,3.2913829134133823,C.Newton
2020,2020_08_NO_CHI,CHI,00-0029567,46,-1.9171870008100043,N.Foles
2020,2020_08_NO_CHI,NO,00-0020531,42,8.238903289013559,D.Brees
2020,2020_08_NYJ_KC,KC,00-0026197,4,-1.1292891792254522,C.Henne
2020,2020_08_NYJ_KC,KC,00-0033873,42,27.69037336180918,P.Mahomes
2020,2020_08_NYJ_KC,KC,00-0035889,1,3.4530158574925736,T.Townsend
2020,2020_08_NYJ_KC,NYJ,00-0034869,30,-5.050013464374428,S.Darnold
2020,2020_08_PIT_BAL,BAL,00-0034796,31,-9.46768445201451,L.Jackson
2020,2020_08_PIT_BAL,PIT,00-0022924,34,5.3780605486244895,B.Roethlisberger
2020,2020_08_SF_SEA,SEA,00-0029263,39,16.450996337423426,R.Wilson
2020,2020_08_SF_SEA,SF,00-0031345,19,-5.739186598744709,J.Garoppolo
2020,2020_08_SF_SEA,SF,00-0033319,26,17.357870918625967,N.Mullens
2020,2020_08_TB_NYG,NYG,00-0027891,1,2.6487652277573943,G.Tate
2020,2020_08_TB_NYG,NYG,00-0035710,45,-0.524956726936605,D.Jones
2020,2020_08_TB_NYG,TB,00-0019596,43,9.733832045140856,T.Brady
2020,2020_08_TEN_CIN,CIN,00-0036442,37,18.225354939210515,J.Burrow
2020,2020_08_TEN_CIN,TEN,00-0025825,1,-0.947,B.Kern
2020,2020_08_TEN_CIN,TEN,00-0029701,31,0.21367261727281317,R.Tannehill
2020,2020_09_BAL_IND,BAL,00-0034796,25,7.429340099100955,L.Jackson
2020,2020_09_BAL_IND,IND,00-0022942,41,-13.80240556508699,P.Rivers
2020,2020_09_BAL_IND,IND,00-0033119,1,-0.3158758304780349,J.Brissett
2020,2020_09_CAR_KC,CAR,00-0031237,50,13.599501929664928,T.Bridgewater
2020,2020_09_CAR_KC,CAR,00-0036320,1,4.732203070423566,J.Charlton
2020,2020_09_CAR_KC,KC,00-0033873,46,15.555955654904006,P.Mahomes
2020,2020_09_CHI_TEN,CHI,00-0029567,55,4.878291047450489,N.Foles
2020,2020_09_CHI_TEN,TEN,00-0029701,24,-1.0480872229230194,R.Tannehill
2020,2020_09_DEN_ATL,ATL,00-0026143,37,10.975825201488188,M.Ryan
2020,2020_09_DEN_ATL,DEN,00-0035704,49,1.3541957766652506,D.Lock
2020,2020_09_DET_MIN,DET,00-0026498,34,-1.4414204201467635,M.Stafford
2020,2020_09_DET_MIN,DET,00-0026544,12,-4.624215578452757,C.Daniel
2020,2020_09_DET_MIN,MIN,00-0029604,21,6.3355093486025,K.Cousins
2020,2020_09_GB_SF,GB,00-0023459,32,19.74902956562049,A.Rodgers
2020,2020_09_GB_SF,SF,00-0033319,36,-2.953580342867511,N.Mullens
2020,2020_09_HOU_JAX,HOU,00-0033537,34,7.122316828505848,D.Watson
2020,2020_09_HOU_JAX,JAX,00-0036312,41,2.2781541127907268,J.Luton
2020,2020_09_LV_LAC,LAC,00-0036355,43,10.485844167175468,J.Herbert
2020,2020_09_LV_LAC,LV,00-0031280,24,1.2696461975276523,D.Carr
2020,2020_09_MIA_ARI,ARI,00-0035228,27,9.647668730256513,K.Murray
2020,2020_09_MIA_ARI,MIA,00-0036212,30,10.140233529539746,T.Tagovailoa
2020,2020_09_NE_NYJ,NE,00-0027939,34,14.010568565522648,C.Newton
2020,2020_09_NE_NYJ,NYJ,00-0026158,26,14.237413250667466,J.Flacco
2020,2020_09_NO_TB,NO,00-0020531,33,11.752234226721285,D.Brees
2020,2020_09_NO_TB,NO,00-0031503,1,1.8854925452615134,J.Winston
2020,2020_09_NO_TB,NO,00-0033357,2,4.973088434955571,T.Hill
2020,2020_09_NO_TB,TB,00-0019596,41,-23.323347462876818,T.Brady
2020,2020_09_NYG_WAS,NYG,00-0035710,39,2.60409680699602,D.Jones
2020,2020_09_NYG_WAS,WAS,00-0023436,34,2.1166402583500545,A.Smith
2020,2020_09_NYG_WAS,WAS,00-0034577,7,2.075231757364236,K.Allen
2020,2020_09_PIT_DAL,DAL,00-0031395,39,-5.1786091938527985,G.Gilbert
2020,2020_09_PIT_DAL,PIT,00-0022924,43,10.93426829042818,B.Roethlisberger
2020,2020_09_PIT_DAL,PIT,00-0034771,3,-1.2069862431962974,M.Rudolph
2020,2020_09_SEA_BUF,BUF,00-0034857,45,16.470728894121613,J.Allen
2020,2020_09_SEA_BUF,SEA,00-0029263,46,2.2758759467686316,R.Wilson
2020,2020_10_BAL_NE,BAL,00-0034796,36,4.274859373778414,L.Jackson
2020,2020_10_BAL_NE,NE,00-0027939,18,3.2596088556943283,C.Newton
2020,2020_10_BAL_NE,NE,00-0034960,1,3.5188783009070903,J.Meyers
2020,2020_10_BUF_ARI,ARI,00-0035228,35,2.928801977019414,K.Murray
2020,2020_10_BUF_ARI,BUF,00-0033466,1,2.2947238330962136,I.McKenzie
2020,2020_10_BUF_ARI,BUF,00-0034857,49,-0.5542597319757387,J.Allen
2020,2020_10_CIN_PIT,CIN,00-0036442,43,-10.853106346644443,J.Burrow
2020,2020_10_CIN_PIT,PIT,00-0022924,47,10.610693417293056,B.Roethlisberger
2020,2020_10_DEN_LV,DEN,00-0035704,50,-12.951513433199263,D.Lock
2020,2020_10_DEN_LV,LV,00-0031280,25,3.0190718857979624,D.Carr
2020,2020_10_HOU_CLE,CLE,00-0034855,21,-3.269063788676709,B.Mayfield
2020,2020_10_HOU_CLE,HOU,00-0033537,32,0.6792835710737002,D.Watson
2020,2020_10_IND_TEN,IND,00-0022942,39,15.044160714232545,P.Rivers
2020,2020_10_IND_TEN,TEN,00-0029701,28,-4.4428448536508895,R.Tannehill
2020,2020_10_JAX_GB,GB,00-0023459,35,6.358336266749454,A.Rodgers
2020,2020_10_JAX_GB,JAX,00-0036312,38,-12.148108176368206,J.Luton
2020,2020_10_LAC_MIA,LAC,00-0036355,34,-5.413230150821619,J.Herbert
2020,2020_10_LAC_MIA,MIA,00-0036212,26,7.961467484443512,T.Tagovailoa
2020,2020_10_MIN_CHI,CHI,00-0029567,28,-14.66393695538711,N.Foles
2020,2020_10_MIN_CHI,CHI,00-0030151,4,-1.0610926861409098,T.Bray
2020,2020_10_MIN_CHI,MIN,00-0026516,1,-0.947,B.Colquitt
2020,2020_10_MIN_CHI,MIN,00-0029604,37,11.421238729137475,K.Cousins
2020,2020_10_PHI_NYG,NYG,00-0035710,31,7.199268297944977,D.Jones
2020,2020_10_PHI_NYG,PHI,00-0032950,41,-5.018484511028497,C.Wentz
2020,2020_10_SEA_LA,LA,00-0033106,40,5.257513666918875,J.Goff
2020,2020_10_SEA_LA,SEA,00-0029263,43,-7.275139138709701,R.Wilson
2020,2020_10_SF_NO,NO,00-0020531,13,0.03960453616898896,D.Brees
2020,2020_10_SF_NO,NO,00-0031503,12,-1.0854314311976494,J.Winston
2020,2020_10_SF_NO,NO,00-0033357,1,-1.995036252308637,T.Hill
2020,2020_10_SF_NO,SF,00-0033319,40,0.20993378154593323,N.Mullens
2020,2020_10_SF_NO,SF,00-0033936,1,-1.0430053952150047,C.Beathard
2020,2020_10_TB_CAR,CAR,00-0031237,26,-3.9251248030913066,T.Bridgewater
2020,2020_10_TB_CAR,CAR,00-0033275,5,-4.295632853463758,P.Walker
2020,2020_10_TB_CAR,CAR,00-0036320,1,-3.2742809382034466,J.Charlton
2020,2020_10_TB_CAR,TB,00-0019596,40,28.041577820407404,T.Brady
2020,2020_10_WAS_DET,DET,00-0026498,34,11.171179745781744,M.Stafford
2020,2020_10_WAS_DET,WAS,00-0023436,57,16.134173301204534,A.Smith
2020,2020_11_ARI_SEA,ARI,00-0035228,45,10.640148159494856,K.Murray
2020,2020_11_ARI_SEA,SEA,00-0029263,31,10.019940025701484,R.Wilson
2020,2020_11_ATL_NO,ATL,00-0026143,45,-15.592276839794469,M.Ryan
2020,2020_11_ATL_NO,NO,00-0033357,26,1.765231391779765,T.Hill
2020,2020_11_CIN_WAS,CIN,00-0035652,14,-14.816099364543334,R.Finley
2020,2020_11_CIN_WAS,CIN,00-0036442,34,6.782050037202837,J.Burrow
2020,2020_11_CIN_WAS,WAS,00-0023436,27,-3.5345373539519414,A.Smith
2020,2020_11_DAL_MIN,DAL,00-0027973,33,-0.1641756644895085,A.Dalton
2020,2020_11_DAL_MIN,MIN,00-0029604,32,7.6808795453980565,K.Cousins
2020,2020_11_DET_CAR,CAR,00-0033275,35,-0.5450205237256167,P.Walker
2020,2020_11_DET_CAR,CAR,00-0034827,1,-0.40847092552576214,D.Moore
2020,2020_11_DET_CAR,DET,00-0026498,38,-11.072866954207555,M.Stafford
2020,2020_11_GB_IND,GB,00-0023459,37,6.312849947066151,A.Rodgers
2020,2020_11_GB_IND,IND,00-0022942,37,9.02496611295568,P.Rivers
2020,2020_11_KC_LV,KC,00-0030506,1,0.8786752813030034,T.Kelce
2020,2020_11_KC_LV,KC,00-0033873,45,20.949876899656374,P.Mahomes
2020,2020_11_KC_LV,LV,00-0031280,31,16.2514597371491,D.Carr
2020,2020_11_LA_TB,LA,00-0033106,50,9.731206830067094,J.Goff
2020,2020_11_LA_TB,TB,00-0019596,49,-9.628150245101097,T.Brady
2020,2020_11_MIA_DEN,DEN,00-0035704,30,1.5132941104460191,D.Lock
2020,2020_11_MIA_DEN,MIA,00-0023682,18,1.401720464695245,R.Fitzpatrick
2020,2020_11_MIA_DEN,MIA,00-0036212,26,-9.750890633240727,T.Tagovailoa
2020,2020_11_NE_HOU,HOU,00-0033537,37,20.124489359802492,D.Watson
2020,2020_11_NE_HOU,NE,00-0027939,42,11.021342038920494,C.Newton
2020,2020_11_NYJ_LAC,LAC,00-0036355,52,17.69393000192085,J.Herbert
2020,2020_11_NYJ_LAC,NYJ,00-0026158,31,-1.6109421375440434,J.Flacco
2020,2020_11_PHI_CLE,CLE,00-0034855,24,0.11020971070795316,B.Mayfield
2020,2020_11_PHI_CLE,PHI,00-0032950,40,-9.592298928040915,C.Wentz
2020,2020_11_PIT_JAX,JAX,00-0036312,39,-26.258131023474174,J.Luton
2020,2020_11_PIT_JAX,PIT,00-0022924,46,6.681690186277554,B.Roethlisberger
2020,2020_11_TEN_BAL,BAL,00-0034796,31,6.5806207304297,L.Jackson
2020,2020_11_TEN_BAL,TEN,00-0029701,33,8.4648196705364,R.Tannehill
2020,2020_11_TEN_BAL,TEN,00-0034438,1,3.0192825115518644,L.Woodside
2020,2020_12_ARI_NE,ARI,00-0035228,36,-1.9803568251387258,K.Murray
2020,2020_12_ARI_NE,NE,00-0027939,20,-11.835755317340947,C.Newton
2020,2020_12_BAL_PIT,BAL,00-0029665,15,-17.627457735943608,R.Griffin
2020,2020_12_BAL_PIT,BAL,00-0035146,6,2.724706617067568,T.McSorley
2020,2020_12_BAL_PIT,PIT,00-0022924,51,-4.719564125224387,B.Roethlisberger
2020,2020_12_CAR_MIN,CAR,00-0031237,35,3.141692986862458,T.Bridgewater
2020,2020_12_CAR_MIN,MIN,00-0029604,47,6.5502312882133875,K.Cousins
2020,2020_12_CHI_GB,CHI,00-0033869,50,-2.3376623079279533,M.Trubisky
2020,2020_12_CHI_GB,GB,00-0023459,29,15.347127097600605,A.Rodgers
2020,2020_12_CLE_JAX,CLE,00-0034855,31,13.288508324038881,B.Mayfield
2020,2020_12_CLE_JAX,JAX,00-0030520,36,3.2700444670761466,M.Glennon
2020,2020_12_HOU_DET,DET,00-0026498,47,-0.5135514110404995,M.Stafford
2020,2020_12_HOU_DET,DET,00-0033572,1,-0.4681624989025295,J.Agnew
2020,2020_12_HOU_DET,HOU,00-0033537,28,18.909694820424242,D.Watson
2020,2020_12_KC_TB,KC,00-0030506,1,-0.4255821466795169,T.Kelce
2020,2020_12_KC_TB,KC,00-0033873,51,21.338562033013854,P.Mahomes
2020,2020_12_KC_TB,TB,00-0019596,42,7.231103874874522,T.Brady
2020,2020_12_LAC_BUF,BUF,00-0029000,1,2.913771021645516,C.Beasley
2020,2020_12_LAC_BUF,BUF,00-0030533,1,-1.6159852842683904,M.Barkley
2020,2020_12_LAC_BUF,BUF,00-0034857,26,1.0614906553805827,J.Allen
2020,2020_12_LAC_BUF,LAC,00-0036355,56,6.182076096607605,J.Herbert
2020,2020_12_LV_ATL,ATL,00-0026143,40,-3.4253182707240537,M.Ryan
2020,2020_12_LV_ATL,LV,00-0031280,37,-26.27472271624494,D.Carr
2020,2020_12_LV_ATL,LV,00-0033958,7,-3.5255508897244,N.Peterman
2020,2020_12_MIA_NYJ,MIA,00-0023682,43,6.076912168736262,R.Fitzpatrick
2020,2020_12_MIA_NYJ,NYJ,00-0034869,30,-11.90767840536594,S.Darnold
2020,2020_12_NO_DEN,DEN,00-0035864,10,-11.930539221095387,K.Hinton
2020,2020_12_NO_DEN,NO,00-0033357,19,-8.220688603907561,T.Hill
2020,2020_12_NYG_CIN,CIN,00-0032434,31,-12.457635133162354,B.Allen
2020,2020_12_NYG_CIN,NYG,00-0027688,10,-2.9613031805518,C.McCoy
2020,2020_12_NYG_CIN,NYG,00-0027891,1,-0.7833670116961002,G.Tate III
2020,2020_12_NYG_CIN,NYG,00-0035710,27,12.428664665362463,D.Jones
2020,2020_12_SEA_PHI,PHI,00-0032950,50,-13.101535959503359,C.Wentz
2020,2020_12_SEA_PHI,PHI,00-0036389,1,0.049323047045618296,J.Hurts
2020,2020_12_SEA_PHI,SEA,00-0029263,33,-1.1247042787506443,R.Wilson
2020,2020_12_SF_LA,LA,00-0033106,33,-16.00529862985428,J.Goff
2020,2020_12_SF_LA,SF,00-0033319,37,-4.878184501043147,N.Mullens
2020,2020_12_TEN_IND,IND,00-0022942,44,4.94766871577315,P.Rivers
2020,2020_12_TEN_IND,IND,00-0033119,3,-5.224856877408456,J.Brissett
2020,2020_12_TEN_IND,TEN,00-0029701,23,10.559170681575779,R.Tannehill
2020,2020_12_WAS_DAL,DAL,00-0027973,38,-21.69811641440313,A.Dalton
2020,2020_12_WAS_DAL,DAL,00-0036358,1,-1.2370598842389882,C.Lamb
2020,2020_12_WAS_DAL,WAS,00-0023436,29,-7.065424922241432,A.Smith
2020,2020_12_WAS_DAL,WAS,00-0031260,1,1.8633733799215406,L.Thomas
2020,2020_13_BUF_SF,BUF,00-0034857,41,22.49672246464391,J.Allen
2020,2020_13_BUF_SF,SF,00-0033319,39,11.084356896776974,N.Mullens
2020,2020_13_CIN_MIA,CIN,00-0032434,24,-7.009877075341156,B.Allen
2020,2020_13_CIN_MIA,CIN,00-0033009,1,-0.5002179723232985,T.Boyd
2020,2020_13_CIN_MIA,CIN,00-0035652,8,-3.699001909000799,R.Finley
2020,2020_13_CIN_MIA,MIA,00-0036212,38,7.0197685755296035,T.Tagovailoa
2020,2020_13_CLE_TEN,CLE,00-0031382,1,1.7705882448935881,J.Landry
2020,2020_13_CLE_TEN,CLE,00-0034855,33,24.86351591234388,B.Mayfield
2020,2020_13_CLE_TEN,TEN,00-0029701,48,14.052290718449512,R.Tannehill
2020,2020_13_DAL_BAL,BAL,00-0034796,17,-4.609681970113256,L.Jackson
2020,2020_13_DAL_BAL,DAL,00-0027973,49,8.065199114254197,A.Dalton
2020,2020_13_DEN_KC,DEN,00-0035704,29,3.133427646217442,D.Lock
2020,2020_13_DEN_KC,KC,00-0033873,41,6.059818706371076,P.Mahomes
2020,2020_13_DET_CHI,CHI,00-0033869,36,6.483573011733824,M.Trubisky
2020,2020_13_DET_CHI,DET,00-0026498,44,17.361822265404044,M.Stafford
2020,2020_13_IND_HOU,HOU,00-0033537,43,1.1388486342924553,D.Watson
2020,2020_13_IND_HOU,IND,00-0022942,38,9.996901278439847,P.Rivers
2020,2020_13_JAX_MIN,JAX,00-0030520,44,2.0482706579013996,M.Glennon
2020,2020_13_JAX_MIN,MIN,00-0029604,47,-1.7274092414328948,K.Cousins
2020,2020_13_LA_ARI,ARI,00-0035228,40,-11.374512690565297,K.Murray
2020,2020_13_LA_ARI,LA,00-0033106,48,18.200210214760997,J.Goff
2020,2020_13_LV_NYJ,LV,00-0031280,48,10.820243172368109,D.Carr
2020,2020_13_LV_NYJ,NYJ,00-0034869,27,-1.9060198155201507,S.Darnold
2020,2020_13_NE_LAC,LAC,00-0036355,55,-28.08139722719782,J.Herbert
2020,2020_13_NE_LAC,NE,00-0027939,20,-5.153495735838078,C.Newton
2020,2020_13_NE_LAC,NE,00-0035264,3,5.607788666035049,J.Stidham
2020,2020_13_NO_ATL,ATL,00-0026143,42,-10.73948294141479,M.Ryan
2020,2020_13_NO_ATL,NO,00-0033357,39,2.486694608698599,T.Hill
2020,2020_13_NYG_SEA,NYG,00-0027688,25,-6.599139377329575,C.McCoy
2020,2020_13_NYG_SEA,SEA,00-0029263,48,-10.73376818437659,R.Wilson
2020,2020_13_PHI_GB,GB,00-0023459,36,15.443786659224727,A.Rodgers
2020,2020_13_PHI_GB,PHI,00-0032950,19,-6.152513213900853,C.Wentz
2020,2020_13_PHI_GB,PHI,00-0036389,15,2.2398372043971904,J.Hurts
2020,2020_13_WAS_PIT,PIT,00-0022924,53,-2.349150040516292,B.Roethlisberger
2020,2020_13_WAS_PIT,WAS,00-0023436,49,0.3477418666687919,A.Smith
2020,2020_14_ARI_NYG,ARI,00-0035228,36,4.798930538698372,K.Murray
2020,2020_14_ARI_NYG,NYG,00-0027688,5,-3.2574185107368976,C.McCoy
2020,2020_14_ARI_NYG,NYG,00-0035710,27,-14.106276912032627,D.Jones
2020,2020_14_ATL_LAC,ATL,00-0026143,34,-3.4329550354027125,M.Ryan
2020,2020_14_ATL_LAC,ATL,00-0034411,1,4.148734278278425,R.Gage
2020,2020_14_ATL_LAC,LAC,00-0036355,45,5.208931110260011,J.Herbert
2020,2020_14_BAL_CLE,BAL,00-0034796,20,6.619566721201409,L.Jackson
2020,2020_14_BAL_CLE,BAL,00-0035146,4,-0.5401542992331088,T.McSorley
2020,2020_14_BAL_CLE,CLE,00-0031382,1,0.7341104454826564,J.Landry
2020,2020_14_BAL_CLE,CLE,00-0034855,48,11.719675745422254,B.Mayfield
2020,2020_14_DAL_CIN,CIN,00-0032434,36,11.521519934292883,B.Allen
2020,2020_14_DAL_CIN,CIN,00-0035652,4,-5.005061103787739,R.Finley
2020,2020_14_DAL_CIN,DAL,00-0027973,25,12.631038748357817,A.Dalton
2020,2020_14_DEN_CAR,CAR,00-0031237,44,-1.915893826457613,T.Bridgewater
2020,2020_14_DEN_CAR,DEN,00-0035704,29,9.043046824095772,D.Lock
2020,2020_14_GB_DET,DET,00-0026498,37,5.377286117814947,M.Stafford
2020,2020_14_GB_DET,DET,00-0026544,6,0.632610132717593,C.Daniel
2020,2020_14_GB_DET,GB,00-0023459,33,17.861166291346308,A.Rodgers
2020,2020_14_HOU_CHI,CHI,00-0033869,36,9.861001581675794,M.Trubisky
2020,2020_14_HOU_CHI,HOU,00-0031288,1,-4.926011307281442,A.McCarron
2020,2020_14_HOU_CHI,HOU,00-0033537,36,-0.600695951085072,D.Watson
2020,2020_14_IND_LV,IND,00-0022942,28,16.309603758704416,P.Rivers
2020,2020_14_IND_LV,LV,00-0031280,45,3.6476736813577375,D.Carr
2020,2020_14_IND_LV,LV,00-0033891,1,2.2214208621298894,Z.Jones
2020,2020_14_KC_MIA,KC,00-0033873,37,7.4234787274035625,P.Mahomes
2020,2020_14_KC_MIA,MIA,00-0036212,51,2.667983152686641,T.Tagovailoa
2020,2020_14_KC_MIA,MIA,00-0036364,1,-0.4953862380934879,L.Bowden
2020,2020_14_MIN_TB,MIN,00-0029604,44,4.225322911151034,K.Cousins
2020,2020_14_MIN_TB,TB,00-0019596,22,8.727868304036354,T.Brady
2020,2020_14_NE_LA,LA,00-0033106,26,-4.51449169793735,J.Goff
2020,2020_14_NE_LA,NE,00-0027939,20,-17.41366359218151,C.Newton
2020,2020_14_NE_LA,NE,00-0035264,9,-7.37837436189875,J.Stidham
2020,2020_14_NO_PHI,NO,00-0033357,43,3.0987997005875347,T.Hill
2020,2020_14_NO_PHI,PHI,00-0036389,29,0.7584787413649035,J.Hurts
2020,2020_14_NYJ_SEA,NYJ,00-0034869,29,-5.66940259714794,S.Darnold
2020,2020_14_NYJ_SEA,SEA,00-0029263,27,14.156845473538851,R.Wilson
2020,2020_14_NYJ_SEA,SEA,00-0030565,6,0.6387938609695993,G.Smith
2020,2020_14_PIT_BUF,BUF,00-0034857,44,0.05341028067989484,J.Allen
2020,2020_14_PIT_BUF,PIT,00-0022924,39,-12.831794607001822,B.Roethlisberger
2020,2020_14_TEN_JAX,JAX,00-0030520,23,-7.226772978718517,M.Glennon
2020,2020_14_TEN_JAX,JAX,00-0035289,31,-1.8138932927977294,G.Minshew II
2020,2020_14_TEN_JAX,TEN,00-0029701,25,9.567265640494293,R.Tannehill
2020,2020_14_WAS_SF,SF,00-0033319,50,-23.34726974043576,N.Mullens
2020,2020_14_WAS_SF,WAS,00-0023436,20,-12.018566448565611,A.Smith
2020,2020_14_WAS_SF,WAS,00-0035232,13,-4.680826547407342,D.Haskins
2020,2020_14_WAS_SF,WAS,00-0036142,1,-0.5597911037039012,I.Wright
2020,2020_15_BUF_DEN,BUF,00-0034857,41,25.663771137566073,J.Allen
2020,2020_15_BUF_DEN,DEN,00-0035704,35,-13.49905515602874,D.Lock
2020,2020_15_CAR_GB,CAR,00-0031237,38,1.3468002598976088,T.Bridgewater
2020,2020_15_CAR_GB,GB,00-0023459,34,-7.055640220326117,A.Rodgers
2020,2020_15_CHI_MIN,CHI,00-0033869,22,4.902057283147484,M.Trubisky
2020,2020_15_CHI_MIN,MIN,00-0029604,37,3.3189513458679754,K.Cousins
2020,2020_15_CLE_NYG,CLE,00-0034855,33,20.43872476494289,B.Mayfield
2020,2020_15_CLE_NYG,NYG,00-0027688,32,4.206808327290419,C.McCoy
2020,2020_15_CLE_NYG,NYG,00-0032943,1,-2.573928223864641,R.Dixon
2020,2020_15_DET_TEN,DET,00-0026498,32,14.286986724964427,M.Stafford
2020,2020_15_DET_TEN,DET,00-0026544,6,1.568968683539424,C.Daniel
2020,2020_15_DET_TEN,TEN,00-0029701,28,23.807680954288454,R.Tannehill
2020,2020_15_HOU_IND,HOU,00-0033537,46,13.34211007240069,D.Watson
2020,2020_15_HOU_IND,IND,00-0022942,29,9.718859611960307,P.Rivers
2020,2020_15_HOU_IND,IND,00-0033119,1,-0.4975446896860376,J.Brissett
2020,2020_15_JAX_BAL,BAL,00-0034796,23,15.386891695854723,L.Jackson
2020,2020_15_JAX_BAL,BAL,00-0035993,4,-4.108042967272922,T.Huntley
2020,2020_15_JAX_BAL,JAX,00-0035289,34,4.559045377653092,G.Minshew II
2020,2020_15_KC_NO,KC,00-0033873,52,0.9410668029569917,P.Mahomes
2020,2020_15_KC_NO,NO,00-0020531,36,-4.0169580547516235,D.Brees
2020,2020_15_LAC_LV,LAC,00-0036355,33,22.06927941098909,J.Herbert
2020,2020_15_LAC_LV,LV,00-0031280,6,-0.3258834067465477,D.Carr
2020,2020_15_LAC_LV,LV,00-0032268,27,8.3818129072466,M.Mariota
2020,2020_15_NE_MIA,MIA,00-0036212,29,-1.9203169410518017,T.Tagovailoa
2020,2020_15_NE_MIA,NE,00-0027939,30,-0.5179200769454297,C.Newton
2020,2020_15_NYJ_LA,LA,00-0033106,37,-11.140137542074335,J.Goff
2020,2020_15_NYJ_LA,NYJ,00-0034869,33,3.6488405793087813,S.Darnold
2020,2020_15_PHI_ARI,ARI,00-0022824,1,4.014011434279382,A.Lee
2020,2020_15_PHI_ARI,ARI,00-0035228,37,7.2830883041938606,K.Murray
2020,2020_15_PHI_ARI,PHI,00-0036389,50,5.586862528696656,J.Hurts
2020,2020_15_PIT_CIN,CIN,00-0035652,15,-0.6164617927029608,R.Finley
2020,2020_15_PIT_CIN,PIT,00-0022924,39,-10.242413667659958,B.Roethlisberger
2020,2020_15_SEA_WAS,SEA,00-0029263,27,-5.746679603280347,R.Wilson
2020,2020_15_SEA_WAS,WAS,00-0035232,59,-0.19756184388879294,D.Haskins
2020,2020_15_SF_DAL,DAL,00-0027973,35,1.0742429495465926,A.Dalton
2020,2020_15_SF_DAL,DAL,00-0034418,1,0.15450288751162589,C.Wilson
2020,2020_15_SF_DAL,SF,00-0033319,38,0.042707698565209284,N.Mullens
2020,2020_15_SF_DAL,SF,00-0033936,7,6.2362157194665,C.Beathard
2020,2020_15_TB_ATL,ATL,00-0026143,52,4.467199796257029,M.Ryan
2020,2020_15_TB_ATL,TB,00-0019596,48,14.32021332060315,T.Brady
2020,2020_16_ATL_KC,ATL,00-0026143,39,10.798836499371536,M.Ryan
2020,2020_16_ATL_KC,KC,00-0031325,1,-1.9586510438239202,S.Watkins
2020,2020_16_ATL_KC,KC,00-0033873,44,0.14860664412694913,P.Mahomes
2020,2020_16_BUF_NE,BUF,00-0030533,3,0.0730653356295079,M.Barkley
2020,2020_16_BUF_NE,BUF,00-0034857,36,18.374525610357523,J.Allen
2020,2020_16_BUF_NE,BUF,00-0035290,1,3.115367458667606,J.Johnson
2020,2020_16_BUF_NE,NE,00-0027939,12,-6.504375545350719,C.Newton
2020,2020_16_BUF_NE,NE,00-0035264,12,-3.7967282163444906,J.Stidham
2020,2020_16_CAR_WAS,CAR,00-0031237,32,-7.651567095716018,T.Bridgewater
2020,2020_16_CAR_WAS,WAS,00-0031800,20,2.3747805972525384,T.Heinicke
2020,2020_16_CAR_WAS,WAS,00-0035232,30,-16.326079573371462,D.Haskins
2020,2020_16_CHI_JAX,CHI,00-0029567,1,-0.785490803187713,N.Foles
2020,2020_16_CHI_JAX,CHI,00-0033869,36,13.88374613285189,M.Trubisky
2020,2020_16_CHI_JAX,JAX,00-0030520,38,-5.025218777721635,M.Glennon
2020,2020_16_CIN_HOU,CIN,00-0032434,37,22.745381723196125,B.Allen
2020,2020_16_CIN_HOU,CIN,00-0032543,1,-0.4890727505553514,A.Erickson
2020,2020_16_CIN_HOU,HOU,00-0033537,34,3.4711059633644705,D.Watson
2020,2020_16_CLE_NYJ,CLE,00-0034855,55,-9.00293670749782,B.Mayfield
2020,2020_16_CLE_NYJ,NYJ,00-0031941,1,3.8461674444843084,J.Crowder
2020,2020_16_CLE_NYJ,NYJ,00-0034869,34,0.01023241409036646,S.Darnold
2020,2020_16_DEN_LAC,DEN,00-0035704,48,-0.4202154914284235,D.Lock
2020,2020_16_DEN_LAC,LAC,00-0036355,35,-1.4254046467918413,J.Herbert
2020,2020_16_IND_PIT,IND,00-0022942,39,-6.40298673172947,P.Rivers
2020,2020_16_IND_PIT,PIT,00-0022924,50,2.9660411556251347,B.Roethlisberger
2020,2020_16_LA_SEA,LA,00-0033106,46,-2.3863105398043913,J.Goff
2020,2020_16_LA_SEA,SEA,00-0029263,36,3.322931502583808,R.Wilson
2020,2020_16_MIA_LV,LV,00-0031280,36,0.1933692116451926,D.Carr
2020,2020_16_MIA_LV,MIA,00-0023682,13,11.621786750466025,R.Fitzpatrick
2020,2020_16_MIA_LV,MIA,00-0036212,25,-7.924119499977678,T.Tagovailoa
2020,2020_16_MIN_NO,MIN,00-0029604,44,5.976854190274142,K.Cousins
2020,2020_16_MIN_NO,NO,00-0020531,26,10.579499685014758,D.Brees
2020,2020_16_MIN_NO,NO,00-0033357,2,0.2158150052127894,T.Hill
2020,2020_16_NYG_BAL,BAL,00-0034796,25,11.331526112826154,L.Jackson
2020,2020_16_NYG_BAL,NYG,00-0035710,47,-5.040927954430714,D.Jones
2020,2020_16_PHI_DAL,DAL,00-0027973,32,11.901943468914844,A.Dalton
2020,2020_16_PHI_DAL,PHI,00-0036389,42,-2.345713693398335,J.Hurts
2020,2020_16_SF_ARI,ARI,00-0035228,53,-16.437730236070802,K.Murray
2020,2020_16_SF_ARI,SF,00-0033936,25,2.2820753680689183,C.Beathard
2020,2020_16_TB_DET,DET,00-0026498,3,-1.2091841625515372,M.Stafford
2020,2020_16_TB_DET,DET,00-0026544,21,-12.516650951118208,C.Daniel
2020,2020_16_TB_DET,DET,00-0035040,11,-9.727418455877341,D.Blough
2020,2020_16_TB_DET,TB,00-0019596,28,26.576751331740525,T.Brady
2020,2020_16_TB_DET,TB,00-0027948,16,-0.11221064474241116,B.Gabbert
2020,2020_16_TEN_GB,GB,00-0023459,26,9.611669356789207,A.Rodgers
2020,2020_16_TEN_GB,TEN,00-0029701,26,-8.300373944162857,R.Tannehill
2020,2020_16_TEN_GB,TEN,00-0034438,2,-1.4844779600389302,L.Woodside
2020,2020_17_ARI_LA,ARI,00-0035228,13,2.809115658161904,K.Murray
2020,2020_17_ARI_LA,ARI,00-0035752,18,-13.418105398392072,C.Streveler
2020,2020_17_ARI_LA,LA,00-0034899,40,-3.346273086496141,J.Wolford
2020,2020_17_ATL_TB,ATL,00-0026143,45,12.510810213981033,M.Ryan
2020,2020_17_ATL_TB,TB,00-0019596,41,22.25835591428887,T.Brady
2020,2020_17_BAL_CIN,BAL,00-0034796,18,6.92855948174838,L.Jackson
2020,2020_17_BAL_CIN,BAL,00-0035993,1,0.574866310460493,T.Huntley
2020,2020_17_BAL_CIN,CIN,00-0032434,21,-24.306059837313384,B.Allen
2020,2020_17_DAL_NYG,DAL,00-0027973,53,-9.708731534736591,A.Dalton
2020,2020_17_DAL_NYG,NYG,00-0035710,27,3.0037582186135414,D.Jones
2020,2020_17_GB_CHI,CHI,00-0033869,43,-3.475845832945546,M.Trubisky
2020,2020_17_GB_CHI,GB,00-0023459,25,20.7725404908997,A.Rodgers
2020,2020_17_JAX_IND,IND,00-0022942,28,0.9766895178531119,P.Rivers
2020,2020_17_JAX_IND,JAX,00-0030520,48,-12.60002383030951,M.Glennon
2020,2020_17_LAC_KC,KC,00-0026197,33,12.932485629164148,C.Henne
2020,2020_17_LAC_KC,LAC,00-0036355,35,20.81638187986403,J.Herbert
2020,2020_17_LV_DEN,DEN,00-0035704,44,4.931099643144554,D.Lock
2020,2020_17_LV_DEN,LV,00-0031280,42,8.04644317871146,D.Carr
2020,2020_17_MIA_BUF,BUF,00-0030533,13,5.209747455955949,M.Barkley
2020,2020_17_MIA_BUF,BUF,00-0034857,26,11.372667003946844,J.Allen
2020,2020_17_MIA_BUF,MIA,00-0036212,60,-13.744881676313964,T.Tagovailoa
2020,2020_17_MIA_BUF,MIA,00-0036364,1,2.3460596356308088,L.Bowden
2020,2020_17_MIN_DET,DET,00-0026498,34,8.131429274989623,M.Stafford
2020,2020_17_MIN_DET,MIN,00-0029604,43,18.675098584590963,K.Cousins
2020,2020_17_NO_CAR,CAR,00-0031237,24,-9.576291504141409,T.Bridgewater
2020,2020_17_NO_CAR,CAR,00-0033275,16,-14.778994147782214,P.Walker
2020,2020_17_NO_CAR,NO,00-0020531,34,5.192979540090558,D.Brees
2020,2020_17_NYJ_NE,NE,00-0027939,33,10.564337381685618,C.Newton
2020,2020_17_NYJ_NE,NE,00-0034960,1,2.1124640480265953,J.Meyers
2020,2020_17_NYJ_NE,NYJ,00-0034869,37,-0.397826298547443,S.Darnold
2020,2020_17_PIT_CLE,CLE,00-0034855,31,5.369046123773948,B.Mayfield
2020,2020_17_PIT_CLE,PIT,00-0033949,5,-2.623088019026909,J.Dobbs
2020,2020_17_PIT_CLE,PIT,00-0034771,41,11.085271071331515,M.Rudolph
2020,2020_17_SEA_SF,SEA,00-0029263,38,1.346694604324501,R.Wilson
2020,2020_17_SEA_SF,SF,00-0033936,40,6.657749081042198,C.Beathard
2020,2020_17_TEN_HOU,HOU,00-0031288,1,3.676970351138152,A.McCarron
2020,2020_17_TEN_HOU,HOU,00-0033537,44,8.896453162610943,D.Watson
2020,2020_17_TEN_HOU,TEN,00-0029701,29,8.890345217510056,R.Tannehill
2020,2020_17_WAS_PHI,PHI,00-0032792,14,-4.724890282494016,N.Sudfeld
2020,2020_17_WAS_PHI,PHI,00-0033733,1,0.8680690744658932,G.Ward
2020,2020_17_WAS_PHI,PHI,00-0036389,21,-12.573129069816787,J.Hurts
2020,2020_17_WAS_PHI,WAS,00-0023436,35,-8.247725843676289,A.Smith
2020,2020_18_BAL_TEN,BAL,00-0034796,29,1.7366358189602757,L.Jackson
2020,2020_18_BAL_TEN,TEN,00-0029701,27,-0.45103513806609463,R.Tannehill
2020,2020_18_CHI_NO,CHI,00-0033869,30,-2.489985854830593,M.Trubisky
2020,2020_18_CHI_NO,NO,00-0020531,39,14.463354500825517,D.Brees
2020,2020_18_CHI_NO,NO,00-0033357,1,-6.108182441093959,T.Hill
2020,2020_18_CLE_PIT,CLE,00-0034855,34,14.296387387138449,B.Mayfield
2020,2020_18_CLE_PIT,PIT,00-0022924,71,7.087173079035699,B.Roethlisberger
2020,2020_18_IND_BUF,BUF,00-0034857,37,9.994116784344282,J.Allen
2020,2020_18_IND_BUF,IND,00-0022942,47,14.80633039350576,P.Rivers
2020,2020_18_LA_SEA,LA,00-0033106,21,1.843925312622975,J.Goff
2020,2020_18_LA_SEA,LA,00-0034899,7,-1.4503122497117147,J.Wolford
2020,2020_18_LA_SEA,SEA,00-0029263,32,-15.527874723325091,R.Wilson
2020,2020_18_TB_WAS,TB,00-0019596,43,19.551707846532494,T.Brady
2020,2020_18_TB_WAS,WAS,00-0031800,47,-0.6473492050390397,T.Heinicke
2020,2020_19_BAL_BUF,BAL,00-0034796,26,-12.084958288449997,L.Jackson
2020,2020_19_BAL_BUF,BAL,00-0035993,14,-6.5283244118327275,T.Huntley
2020,2020_19_BAL_BUF,BUF,00-0034857,39,-1.0680815966915502,J.Allen
2020,2020_19_CLE_KC,CLE,00-0034855,38,1.5998499812738798,B.Mayfield
2020,2020_19_CLE_KC,KC,00-0026197,9,0.004440992865760052,C.Henne
2020,2020_19_CLE_KC,KC,00-0033873,29,10.562857904854134,P.Mahomes
2020,2020_19_LA_GB,GB,00-0023459,37,16.478008632740373,A.Rodgers
2020,2020_19_LA_GB,GB,00-0034162,1,-0.947,J.Scott
2020,2020_19_LA_GB,LA,00-0033106,32,-0.9182998489267193,J.Goff
2020,2020_19_TB_NO,NO,00-0020531,34,-19.41081493119698,D.Brees
2020,2020_19_TB_NO,NO,00-0031503,1,4.644100180594251,J.Winston
2020,2020_19_TB_NO,TB,00-0019596,34,3.612923673653779,T.Brady
2020,2020_20_BUF_KC,BUF,00-0034857,53,-8.70475142717636,J.Allen
2020,2020_20_BUF_KC,KC,00-0033873,39,21.916084952165654,P.Mahomes
2020,2020_20_TB_GB,GB,00-0023459,54,6.820213434013349,A.Rodgers
2020,2020_20_TB_GB,TB,00-0019596,37,9.33155270376617,T.Brady
2020,2020_21_KC_TB,KC,00-0033873,52,-14.088996285464571,P.Mahomes
2020,2020_21_KC_TB,TB,00-0019596,30,8.748573293501977,T.Brady
2021,2021_01_ARI_TEN,ARI,00-0035228,34,11.811978108226205,K.Murray
2021,2021_01_ARI_TEN,TEN,00-0029701,41,-19.695788016229532,R.Tannehill
2021,2021_01_ARI_TEN,TEN,00-0032496,1,3.0622718997765332,M.Farley
2021,2021_01_BAL_LV,BAL,00-0034796,33,2.354600991991746,L.Jackson
2021,2021_01_BAL_LV,LV,00-0031280,57,9.413650628196526,D.Carr
2021,2021_01_CHI_LA,CHI,00-0027973,41,-10.919018580636475,A.Dalton
2021,2021_01_CHI_LA,CHI,00-0036945,2,0.3973512932425365,J.Fields
2021,2021_01_CHI_LA,LA,00-0026498,27,18.848576589254023,M.Stafford
2021,2021_01_CLE_KC,CLE,00-0034855,30,10.770012461114675,B.Mayfield
2021,2021_01_CLE_KC,KC,00-0033873,39,19.399531156391028,P.Mahomes
2021,2021_01_DAL_TB,DAL,00-0033077,59,14.206178918211203,D.Prescott
2021,2021_01_DAL_TB,TB,00-0019596,50,14.006987331264142,T.Brady
2021,2021_01_DEN_NYG,DEN,00-0031237,38,23.347826930988465,T.Bridgewater
2021,2021_01_DEN_NYG,NYG,00-0035710,38,-1.3879248314769939,D.Jones
2021,2021_01_GB_NO,GB,00-0023459,29,-15.949714735417334,Aa.Rodgers
2021,2021_01_GB_NO,GB,00-0036264,8,-1.9097879871842451,J.Love
2021,2021_01_GB_NO,NO,00-0031503,20,16.496806407895363,J.Winston
2021,2021_01_GB_NO,NO,00-0033357,1,0.37050937867024913,T.Hill
2021,2021_01_JAX_HOU,HOU,00-0028118,34,14.053602164235166,Ty.Taylor
2021,2021_01_JAX_HOU,JAX,00-0036971,52,-3.838039752250947,T.Lawrence
2021,2021_01_LAC_WAS,LAC,00-0036355,49,10.384261467303975,J.Herbert
2021,2021_01_LAC_WAS,WAS,00-0023682,7,-4.27462314258315,R.Fitzpatrick
2021,2021_01_LAC_WAS,WAS,00-0031800,15,4.827129709271377,T.Heinicke
2021,2021_01_MIA_NE,MIA,00-0036212,29,1.3420937838439366,T.Tagovailoa
2021,2021_01_MIA_NE,NE,00-0036972,40,12.53295182892285,M.Jones
2021,2021_01_MIN_CIN,CIN,00-0036442,31,3.980767612479387,J.Burrow
2021,2021_01_MIN_CIN,MIN,00-0029604,51,10.401805161702214,K.Cousins
2021,2021_01_MIN_CIN,MIN,00-0036322,1,0.7226727395318449,J.Jefferson
2021,2021_01_NYJ_CAR,CAR,00-0034869,36,2.872278243143305,S.Darnold
2021,2021_01_NYJ_CAR,NYJ,00-0037013,44,-7.6982807563180105,Z.Wilson
2021,2021_01_PHI_ATL,ATL,00-0026143,38,-15.975289404987098,M.Ryan
2021,2021_01_PHI_ATL,PHI,00-0036389,35,12.510651967517333,J.Hurts
2021,2021_01_PIT_BUF,BUF,00-0034857,54,-6.091796199729928,J.Allen
2021,2021_01_PIT_BUF,PIT,00-0022924,34,-0.827915468918885,B.Roethlisberger
2021,2021_01_SEA_IND,IND,00-0032950,41,0.3033420569808616,C.Wentz
2021,2021_01_SEA_IND,SEA,00-0029263,26,12.114889423595741,R.Wilson
2021,2021_01_SF_DET,DET,00-0033106,62,-6.848857373831633,J.Goff
2021,2021_01_SF_DET,SF,00-0031345,25,20.327428242926864,J.Garoppolo
2021,2021_01_SF_DET,SF,00-0037012,1,1.1528736439649947,T.Lance
2021,2021_02_ATL_TB,ATL,00-0026143,47,-6.289418620096967,M.Ryan
2021,2021_02_ATL_TB,ATL,00-0034343,2,-2.8407156839966774,J.Rosen
2021,2021_02_ATL_TB,TB,00-0019596,39,1.8543642080330756,T.Brady
2021,2021_02_BUF_MIA,BUF,00-0034857,34,3.830315318575751,J.Allen
2021,2021_02_BUF_MIA,MIA,00-0033119,44,-14.200013527122792,J.Brissett
2021,2021_02_BUF_MIA,MIA,00-0036212,6,-7.603390352567658,T.Tagovailoa
2021,2021_02_CIN_CHI,CHI,00-0027973,12,2.5951247960329056,A.Dalton
2021,2021_02_CIN_CHI,CHI,00-0036945,15,-9.652633581360334,J.Fields
2021,2021_02_CIN_CHI,CIN,00-0036442,35,-8.971513120357098,J.Burrow
2021,2021_02_DAL_LAC,DAL,00-0033077,29,-1.6675555825016857,D.Prescott
2021,2021_02_DAL_LAC,LAC,00-0036355,43,3.6222372581481093,J.Herbert
2021,2021_02_DEN_JAX,DEN,00-0031237,37,8.952235956861413,T.Bridgewater
2021,2021_02_DEN_JAX,JAX,00-0036971,35,-14.17872855235235,T.Lawrence
2021,2021_02_DET_GB,DET,00-0033106,37,-0.5681896907650792,J.Goff
2021,2021_02_DET_GB,GB,00-0023459,30,17.5704846290173,Aa.Rodgers
2021,2021_02_HOU_CLE,CLE,00-0034855,23,7.975212186516728,B.Mayfield
2021,2021_02_HOU_CLE,HOU,00-0028118,11,8.90334564523073,Ty.Taylor
2021,2021_02_HOU_CLE,HOU,00-0036898,19,0.449235846899406,D.Mills
2021,2021_02_KC_BAL,BAL,00-0034796,28,-1.1584210339438326,L.Jackson
2021,2021_02_KC_BAL,KC,00-0033873,31,17.198165178648196,P.Mahomes
2021,2021_02_LA_IND,IND,00-0032950,35,-1.2718838066241087,C.Wentz
2021,2021_02_LA_IND,IND,00-0036226,5,-3.102543077489827,J.Eason
2021,2021_02_LA_IND,LA,00-0026498,31,11.933595880489168,M.Stafford
2021,2021_02_LV_PIT,LV,00-0031280,39,20.622716487110782,D.Carr
2021,2021_02_LV_PIT,PIT,00-0022924,42,2.70703791455795,B.Roethlisberger
2021,2021_02_MIN_ARI,ARI,00-0035228,39,4.5778203255854155,K.Murray
2021,2021_02_MIN_ARI,MIN,00-0029604,33,6.9798191007773935,K.Cousins
2021,2021_02_NE_NYJ,NE,00-0036972,33,-4.378398055847251,M.Jones
2021,2021_02_NE_NYJ,NYJ,00-0037013,37,-23.702244502812835,Z.Wilson
2021,2021_02_NO_CAR,CAR,00-0034869,40,10.916118615744791,S.Darnold
2021,2021_02_NO_CAR,NO,00-0031503,26,-18.644943965482526,J.Winston
2021,2021_02_NYG_WAS,NYG,00-0035710,36,2.8205659581865374,D.Jones
2021,2021_02_NYG_WAS,WAS,00-0031800,46,0.782703581053493,T.Heinicke
2021,2021_02_SF_PHI,PHI,00-0033733,1,-2.804270841705147,G.Ward
2021,2021_02_SF_PHI,PHI,00-0036389,25,0.681810371586888,J.Hurts
2021,2021_02_SF_PHI,SF,00-0031345,30,6.493261843919754,J.Garoppolo
2021,2021_02_TEN_SEA,SEA,00-0029263,34,8.279979560883039,R.Wilson
2021,2021_02_TEN_SEA,TEN,00-0029701,43,7.436185092462178,R.Tannehill
2021,2021_03_ARI_JAX,ARI,00-0035228,34,11.86485913900144,K.Murray
2021,2021_03_ARI_JAX,JAX,00-0036971,36,-12.982267817133106,T.Lawrence
2021,2021_03_ATL_NYG,ATL,00-0026143,39,5.152402266510762,M.Ryan
2021,2021_03_ATL_NYG,NYG,00-0035710,37,7.624345371326417,D.Jones
2021,2021_03_BAL_DET,BAL,00-0034796,34,7.4120358086095575,L.Jackson
2021,2021_03_BAL_DET,DET,00-0033106,32,3.139432267693337,J.Goff
2021,2021_03_BAL_DET,DET,00-0036275,1,-0.912519452162087,D.Swift
2021,2021_03_CAR_HOU,CAR,00-0034869,37,11.996256922977523,S.Darnold
2021,2021_03_CAR_HOU,HOU,00-0036898,31,-7.230187164082684,D.Mills
2021,2021_03_CHI_CLE,CHI,00-0036945,29,-21.839272548195694,J.Fields
2021,2021_03_CHI_CLE,CLE,00-0034855,35,-1.997994831612922,B.Mayfield
2021,2021_03_CIN_PIT,CIN,00-0036442,18,8.303528122910267,J.Burrow
2021,2021_03_CIN_PIT,PIT,00-0022924,62,-8.943385756787512,B.Roethlisberger
2021,2021_03_GB_SF,GB,00-0023459,32,7.226966804875916,Aa.Rodgers
2021,2021_03_GB_SF,SF,00-0031345,44,0.668321106757503,J.Garoppolo
2021,2021_03_IND_TEN,IND,00-0032950,39,-8.559545816927763,C.Wentz
2021,2021_03_IND_TEN,TEN,00-0029701,28,3.2950427222822376,R.Tannehill
2021,2021_03_LAC_KC,KC,00-0033873,46,11.102004599568252,P.Mahomes
2021,2021_03_LAC_KC,LAC,00-0036355,40,16.220195302307456,J.Herbert
2021,2021_03_MIA_LV,LV,00-0031280,46,6.625039513732054,D.Carr
2021,2021_03_MIA_LV,MIA,00-0033119,51,-2.7166911547687187,J.Brissett
2021,2021_03_NO_NE,NE,00-0036972,53,-16.88236440998653,M.Jones
2021,2021_03_NO_NE,NO,00-0031503,24,5.266919137182413,J.Winston
2021,2021_03_NYJ_DEN,DEN,00-0031237,27,11.934019934421237,T.Bridgewater
2021,2021_03_NYJ_DEN,NYJ,00-0037013,40,-24.105391451797914,Z.Wilson
2021,2021_03_PHI_DAL,DAL,00-0033077,30,11.571619776455918,D.Prescott
2021,2021_03_PHI_DAL,PHI,00-0036389,41,-6.228373768622987,J.Hurts
2021,2021_03_SEA_MIN,MIN,00-0029604,39,19.216881190438933,K.Cousins
2021,2021_03_SEA_MIN,SEA,00-0029263,34,0.710958257028024,R.Wilson
2021,2021_03_TB_LA,LA,00-0026498,39,17.66876214655024,M.Stafford
2021,2021_03_TB_LA,TB,00-0019596,58,13.163302539915692,T.Brady
2021,2021_03_WAS_BUF,BUF,00-0033869,1,-0.25613128033000976,M.Trubisky
2021,2021_03_WAS_BUF,BUF,00-0034857,44,17.332078503287644,Jos.Allen
2021,2021_03_WAS_BUF,WAS,00-0031800,25,4.850079666357487,T.Heinicke
2021,2021_04_ARI_LA,ARI,00-0035228,35,13.925697000786997,K.Murray
2021,2021_04_ARI_LA,LA,00-0026498,41,2.3852450999366064,M.Stafford
2021,2021_04_BAL_DEN,BAL,00-0034796,40,10.418508413621403,L.Jackson
2021,2021_04_BAL_DEN,DEN,00-0031237,18,-6.994166627584491,T.Bridgewater
2021,2021_04_BAL_DEN,DEN,00-0035704,24,-9.43301898604841,D.Lock
2021,2021_04_CAR_DAL,CAR,00-0034869,44,-1.5771389917372263,S.Darnold
2021,2021_04_CAR_DAL,DAL,00-0033077,24,6.621061382902786,D.Prescott
2021,2021_04_CLE_MIN,CLE,00-0034855,37,-6.062940793573553,B.Mayfield
2021,2021_04_CLE_MIN,MIN,00-0029604,40,-9.819370267214254,K.Cousins
2021,2021_04_DET_CHI,CHI,00-0036945,18,3.215261419767688,J.Fields
2021,2021_04_DET_CHI,DET,00-0033106,42,4.7839747601537965,J.Goff
2021,2021_04_HOU_BUF,BUF,00-0033869,1,0.5110225803800859,M.Trubisky
2021,2021_04_HOU_BUF,BUF,00-0034857,31,1.955674356683692,J.Allen
2021,2021_04_HOU_BUF,HOU,00-0036898,24,-22.929134988808073,D.Mills
2021,2021_04_IND_MIA,IND,00-0032950,34,9.914629933273302,C.Wentz
2021,2021_04_IND_MIA,MIA,00-0033119,33,-0.5592807053368256,J.Brissett
2021,2021_04_JAX_CIN,CIN,00-0036442,33,17.589502797128443,J.Burrow
2021,2021_04_JAX_CIN,JAX,00-0036971,25,6.4064483839902095,T.Lawrence
2021,2021_04_KC_PHI,KC,00-0033873,31,22.732895673107123,P.Mahomes
2021,2021_04_KC_PHI,PHI,00-0036389,51,13.820485405213548,J.Hurts
2021,2021_04_LV_LAC,LAC,00-0031543,1,-2.76716072531417,T.Long
2021,2021_04_LV_LAC,LAC,00-0036355,40,5.055375313095283,J.Herbert
2021,2021_04_LV_LAC,LV,00-0031280,38,-7.575010212823973,D.Carr
2021,2021_04_NYG_NO,NO,00-0031503,23,10.945807373695482,J.Winston
2021,2021_04_NYG_NO,NO,00-0033357,3,-2.296943289169576,T.Hill
2021,2021_04_NYG_NO,NYG,00-0035710,40,16.378666386281818,D.Jones
2021,2021_04_PIT_GB,GB,00-0023459,39,3.578705210486456,Aa.Rodgers
2021,2021_04_PIT_GB,PIT,00-0022924,42,-10.516520136232064,B.Roethlisberger
2021,2021_04_SEA_SF,SEA,00-0029263,26,-4.56667301687412,R.Wilson
2021,2021_04_SEA_SF,SF,00-0031345,24,-1.2354330546405947,J.Garoppolo
2021,2021_04_SEA_SF,SF,00-0037012,19,7.876096461957786,T.Lance
2021,2021_04_TB_NE,NE,00-0034960,2,1.7869173039798625,J.Meyers
2021,2021_04_TB_NE,NE,00-0036972,44,2.518357435648848,M.Jones
2021,2021_04_TB_NE,TB,00-0019596,44,2.2452076453571177,T.Brady
2021,2021_04_TEN_NYJ,NYJ,00-0037013,35,9.091256202533522,Z.Wilson
2021,2021_04_TEN_NYJ,TEN,00-0029701,57,0.2581047966226566,R.Tannehill
2021,2021_04_WAS_ATL,ATL,00-0026143,43,12.4066345705757,M.Ryan
2021,2021_04_WAS_ATL,WAS,00-0031800,35,18.078005639045152,T.Heinicke
2021,2021_05_BUF_KC,BUF,00-0034857,26,14.434711516484073,J.Allen
2021,2021_05_BUF_KC,KC,00-0033873,56,-9.87495678226908,P.Mahomes
2021,2021_05_CHI_LV,CHI,00-0027973,1,1.5922801172710024,A.Dalton
2021,2021_05_CHI_LV,CHI,00-0036945,21,4.757899117830675,J.Fields
2021,2021_05_CHI_LV,LV,00-0031280,39,-9.29569615281544,D.Carr
2021,2021_05_CLE_LAC,CLE,00-0034855,33,11.081672610813797,B.Mayfield
2021,2021_05_CLE_LAC,LAC,00-0036355,46,17.25795208678767,J.Herbert
2021,2021_05_DEN_PIT,DEN,00-0031237,41,7.27228222403219,T.Bridgewater
2021,2021_05_DEN_PIT,PIT,00-0022924,26,9.34852731680036,B.Roethlisberger
2021,2021_05_DET_MIN,DET,00-0033106,40,-14.08202783846655,J.Goff
2021,2021_05_DET_MIN,MIN,00-0029604,35,5.110678807325786,K.Cousins
2021,2021_05_GB_CIN,CIN,00-0036442,42,2.400176004666835,J.Burrow
2021,2021_05_GB_CIN,GB,00-0023459,40,8.687377569328252,Aa.Rodgers
2021,2021_05_IND_BAL,BAL,00-0034796,47,32.47428803373772,L.Jackson
2021,2021_05_IND_BAL,IND,00-0032950,38,16.519276712550596,C.Wentz
2021,2021_05_LA_SEA,LA,00-0026498,38,14.05562873519375,M.Stafford
2021,2021_05_LA_SEA,SEA,00-0029263,18,-2.173886298106873,R.Wilson
2021,2021_05_LA_SEA,SEA,00-0030565,17,4.380406795279016,G.Smith
2021,2021_05_MIA_TB,MIA,00-0033119,42,-1.071150899813249,J.Brissett
2021,2021_05_MIA_TB,TB,00-0019596,42,28.32554899159173,T.Brady
2021,2021_05_MIA_TB,TB,00-0027948,3,3.947539044369478,B.Gabbert
2021,2021_05_NE_HOU,HOU,00-0036898,32,17.91204633558163,D.Mills
2021,2021_05_NE_HOU,NE,00-0036972,30,8.957857867401325,M.Jones
2021,2021_05_NO_WAS,NO,00-0031503,32,7.178353586350568,J.Winston
2021,2021_05_NO_WAS,WAS,00-0031800,44,-13.309267203228158,T.Heinicke
2021,2021_05_NYG_DAL,DAL,00-0033077,34,10.34402739515805,D.Prescott
2021,2021_05_NYG_DAL,DAL,00-0034418,1,1.256549630779773,C.Wilson
2021,2021_05_NYG_DAL,NYG,00-0030520,25,-2.8583272549440153,M.Glennon
2021,2021_05_NYG_DAL,NYG,00-0035710,13,0.8874413325392854,D.Jones
2021,2021_05_NYG_DAL,NYG,00-0036913,1,-0.7465409515425563,K.Toney
2021,2021_05_NYJ_ATL,ATL,00-0026143,45,21.30797904292473,M.Ryan
2021,2021_05_NYJ_ATL,ATL,00-0030578,1,-0.5996399439172819,C.Patterson
2021,2021_05_NYJ_ATL,NYJ,00-0037013,35,-4.802411219212214,Z.Wilson
2021,2021_05_PHI_CAR,CAR,00-0034869,40,-17.94983266224083,S.Darnold
2021,2021_05_PHI_CAR,PHI,00-0036389,40,-9.480574528082112,J.Hurts
2021,2021_05_SF_ARI,ARI,00-0035228,33,4.36363601132804,K.Murray
2021,2021_05_SF_ARI,SF,00-0037012,31,-6.802042994454631,T.Lance
2021,2021_05_TEN_JAX,JAX,00-0036971,36,-1.567293673565623,T.Lawrence
2021,2021_05_TEN_JAX,TEN,00-0029701,25,6.578955086358247,R.Tannehill
2021,2021_06_ARI_CLE,ARI,00-0035228,32,14.576906818488192,K.Murray
2021,2021_06_ARI_CLE,CLE,00-0028986,3,-3.925788269669283,C.Keenum
2021,2021_06_ARI_CLE,CLE,00-0034855,33,-6.053787734941579,B.Mayfield
2021,2021_06_BUF_TEN,BUF,00-0034857,50,13.957006499372302,J.Allen
2021,2021_06_BUF_TEN,BUF,00-0035689,1,1.053,D.Knox
2021,2021_06_BUF_TEN,TEN,00-0029701,29,7.008122111278633,R.Tannehill
2021,2021_06_CIN_DET,CIN,00-0032434,1,1.6770280594355427,B.Allen
2021,2021_06_CIN_DET,CIN,00-0036442,31,10.479850668465582,J.Burrow
2021,2021_06_CIN_DET,DET,00-0033106,43,-6.487358437823983,J.Goff
2021,2021_06_DAL_NE,DAL,00-0033077,52,22.495623612446284,D.Prescott
2021,2021_06_DAL_NE,NE,00-0036972,24,-3.2449553656768986,M.Jones
2021,2021_06_GB_CHI,CHI,00-0036945,31,-4.224770951026585,J.Fields
2021,2021_06_GB_CHI,GB,00-0023459,26,6.792425695280425,Aa.Rodgers
2021,2021_06_HOU_IND,HOU,00-0036898,45,-8.99938089727458,D.Mills
2021,2021_06_HOU_IND,IND,00-0032950,22,6.661802014852183,C.Wentz
2021,2021_06_KC_WAS,KC,00-0033873,50,12.334406197804611,P.Mahomes
2021,2021_06_KC_WAS,WAS,00-0031800,39,-5.7160549873900806,T.Heinicke
2021,2021_06_LAC_BAL,BAL,00-0034796,30,-3.385802953035329,L.Jackson
2021,2021_06_LAC_BAL,LAC,00-0036355,41,-14.143002570664976,J.Herbert
2021,2021_06_LA_NYG,LA,00-0026498,30,18.572176583315013,M.Stafford
2021,2021_06_LA_NYG,LA,00-0034899,2,-3.58801715192385,J.Wolford
2021,2021_06_LA_NYG,NYG,00-0035710,56,-14.701686445763375,D.Jones
2021,2021_06_LV_DEN,DEN,00-0031237,54,3.861055385361068,T.Bridgewater
2021,2021_06_LV_DEN,LV,00-0031280,29,16.494320422538213,D.Carr
2021,2021_06_MIA_JAX,JAX,00-0036971,43,9.38640698358796,T.Lawrence
2021,2021_06_MIA_JAX,MIA,00-0033119,1,2.2277986847329885,J.Brissett
2021,2021_06_MIA_JAX,MIA,00-0036212,46,8.75416587593515,T.Tagovailoa
2021,2021_06_MIN_CAR,CAR,00-0034869,46,-16.0641826740881,S.Darnold
2021,2021_06_MIN_CAR,MIN,00-0029604,48,13.550886791114518,K.Cousins
2021,2021_06_SEA_PIT,PIT,00-0022924,41,-1.0961150637063595,B.Roethlisberger
2021,2021_06_SEA_PIT,SEA,00-0030565,36,-8.426555957853342,G.Smith
2021,2021_06_TB_PHI,PHI,00-0036389,29,-6.575849391427527,J.Hurts
2021,2021_06_TB_PHI,TB,00-0019596,42,13.495770434703445,T.Brady
2021,2021_07_ATL_MIA,ATL,00-0026143,41,11.177175974154776,M.Ryan
2021,2021_07_ATL_MIA,MIA,00-0036212,41,5.602380278522623,T.Tagovailoa
2021,2021_07_CAR_NYG,CAR,00-0033275,17,-13.290193931781687,P.Walker
2021,2021_07_CAR_NYG,CAR,00-0034869,28,-10.541076185484348,S.Darnold
2021,2021_07_CAR_NYG,NYG,00-0034860,1,0.9808847262756899,D.Pettis
2021,2021_07_CAR_NYG,NYG,00-0035710,35,-2.0006399432271467,D.Jones
2021,2021_07_CHI_TB,CHI,00-0036945,36,-25.489263035419,J.Fields
2021,2021_07_CHI_TB,TB,00-0019596,36,9.262589475397338,T.Brady
2021,2021_07_CHI_TB,TB,00-0027948,3,-0.6526747738826089,B.Gabbert
2021,2021_07_CIN_BAL,BAL,00-0034796,36,-9.331944786671578,L.Jackson
2021,2021_07_CIN_BAL,BAL,00-0035993,11,-4.218866468407214,T.Huntley
2021,2021_07_CIN_BAL,CIN,00-0036442,38,19.694369966115914,J.Burrow
2021,2021_07_DEN_CLE,CLE,00-0028986,34,4.764441032461846,C.Keenum
2021,2021_07_DEN_CLE,DEN,00-0031237,35,6.326554603932891,T.Bridgewater
2021,2021_07_DET_LA,DET,00-0033106,36,-1.097708356574988,J.Goff
2021,2021_07_DET_LA,DET,00-0035156,1,4.225298851495609,J.Fox
2021,2021_07_DET_LA,LA,00-0026498,43,15.091598226720237,M.Stafford
2021,2021_07_HOU_ARI,ARI,00-0035228,32,8.62684972672655,K.Murray
2021,2021_07_HOU_ARI,HOU,00-0036898,34,-16.395969196806718,D.Mills
2021,2021_07_IND_SF,IND,00-0032950,28,-4.1739901294828305,C.Wentz
2021,2021_07_IND_SF,SF,00-0031345,30,-10.673977914469123,J.Garoppolo
2021,2021_07_KC_TEN,KC,00-0026197,16,4.047984530450776,C.Henne
2021,2021_07_KC_TEN,KC,00-0033873,39,-6.784650755363646,P.Mahomes
2021,2021_07_KC_TEN,TEN,00-0029701,27,13.944649634309211,R.Tannehill
2021,2021_07_KC_TEN,TEN,00-0032764,1,1.0320902957464568,D.Henry
2021,2021_07_NO_SEA,NO,00-0031503,37,-0.3058422738265061,J.Winston
2021,2021_07_NO_SEA,SEA,00-0030565,27,-3.941079011563466,G.Smith
2021,2021_07_NYJ_NE,NE,00-0026625,4,8.096038494230015,B.Hoyer
2021,2021_07_NYJ_NE,NE,00-0033307,1,2.3478310459759086,K.Bourne
2021,2021_07_NYJ_NE,NE,00-0036972,37,15.442720615593064,M.Jones
2021,2021_07_NYJ_NE,NYJ,00-0034401,33,-0.18972307356307283,M.White
2021,2021_07_NYJ_NE,NYJ,00-0037013,11,0.29194482513759246,Z.Wilson
2021,2021_07_PHI_LV,LV,00-0031280,34,18.342778574178514,D.Carr
2021,2021_07_PHI_LV,PHI,00-0036389,37,4.160966624433175,J.Hurts
2021,2021_07_WAS_GB,GB,00-0023459,38,10.892633419566872,Aa.Rodgers
2021,2021_07_WAS_GB,WAS,00-0031800,40,-10.542461785251252,T.Heinicke
2021,2021_08_CAR_ATL,ATL,00-0026143,30,-8.301217018251043,M.Ryan
2021,2021_08_CAR_ATL,CAR,00-0033275,1,-0.2575570060289465,P.Walker
2021,2021_08_CAR_ATL,CAR,00-0034869,24,1.322764965018711,S.Darnold
2021,2021_08_CIN_NYJ,CIN,00-0033009,1,3.1924436271365266,T.Boyd
2021,2021_08_CIN_NYJ,CIN,00-0036442,37,-0.3167492939464509,J.Burrow
2021,2021_08_CIN_NYJ,NYJ,00-0026300,4,-1.3434380979055862,J.Johnson
2021,2021_08_CIN_NYJ,NYJ,00-0031941,1,1.053,J.Crowder
2021,2021_08_CIN_NYJ,NYJ,00-0034401,48,8.044356710342926,M.White
2021,2021_08_DAL_MIN,DAL,00-0033662,43,2.221985977329172,C.Rush
2021,2021_08_DAL_MIN,DAL,00-0034418,1,2.577636693720706,C.Wilson
2021,2021_08_DAL_MIN,MIN,00-0029604,36,-9.925637950667259,K.Cousins
2021,2021_08_DAL_MIN,MIN,00-0036322,1,-0.7470790517982095,J.Jefferson
2021,2021_08_GB_ARI,ARI,00-0035228,35,0.6380113517516293,K.Murray
2021,2021_08_GB_ARI,GB,00-0023459,38,1.4296646110614804,Aa.Rodgers
2021,2021_08_JAX_SEA,JAX,00-0036971,55,-7.699881740496494,T.Lawrence
2021,2021_08_JAX_SEA,SEA,00-0030565,27,6.308368860700456,G.Smith
2021,2021_08_LA_HOU,HOU,00-0030288,1,-0.4931206500623375,R.Burkhead
2021,2021_08_LA_HOU,HOU,00-0036898,43,-6.86876270891006,D.Mills
2021,2021_08_LA_HOU,LA,00-0026498,32,16.18919793784235,M.Stafford
2021,2021_08_LA_HOU,LA,00-0034899,3,-2.7724618413485587,J.Wolford
2021,2021_08_MIA_BUF,BUF,00-0029000,1,-0.47759081999538466,C.Beasley
2021,2021_08_MIA_BUF,BUF,00-0034857,42,5.604959627356685,J.Allen
2021,2021_08_MIA_BUF,MIA,00-0036212,42,-1.588295604952303,T.Tagovailoa
2021,2021_08_NE_LAC,LAC,00-0036355,38,-7.734700942911619,J.Herbert
2021,2021_08_NE_LAC,NE,00-0036972,37,-1.0934484738751995,M.Jones
2021,2021_08_NYG_KC,KC,00-0033873,50,2.694568219551028,P.Mahomes
2021,2021_08_NYG_KC,NYG,00-0035710,35,-1.7436210663435552,D.Jones
2021,2021_08_NYG_KC,NYG,00-0036913,1,1.275889344047755,K.Toney
2021,2021_08_PHI_DET,DET,00-0033106,40,-11.528257348461844,J.Goff
2021,2021_08_PHI_DET,DET,00-0035040,1,-0.9305123655358329,D.Blough
2021,2021_08_PHI_DET,PHI,00-0035289,2,-0.6730880384643965,G.Minshew
2021,2021_08_PHI_DET,PHI,00-0036389,14,2.144509229356874,J.Hurts
2021,2021_08_PIT_CLE,CLE,00-0034855,35,2.915613704069893,B.Mayfield
2021,2021_08_PIT_CLE,PIT,00-0022924,38,5.655367612242411,B.Roethlisberger
2021,2021_08_PIT_CLE,PIT,00-0031136,1,-3.0074845636845566,C.Boswell
2021,2021_08_SF_CHI,CHI,00-0036945,31,2.7154354450907685,J.Fields
2021,2021_08_SF_CHI,SF,00-0031345,28,15.79003098803694,J.Garoppolo
2021,2021_08_TB_NO,NO,00-0031503,10,0.8732867731014267,J.Winston
2021,2021_08_TB_NO,NO,00-0032156,30,-0.7507225391743462,T.Siemian
2021,2021_08_TB_NO,TB,00-0019596,43,0.9626899479771964,T.Brady
2021,2021_08_TB_NO,TB,00-0033856,1,-0.6633014641702175,L.Fournette
2021,2021_08_TEN_IND,IND,00-0032950,52,-13.008449625469806,C.Wentz
2021,2021_08_TEN_IND,TEN,00-0029701,36,7.834144261224225,R.Tannehill
2021,2021_08_TEN_IND,TEN,00-0035676,1,-0.5098580090561882,A.Brown
2021,2021_08_WAS_DEN,DEN,00-0031237,30,3.6067926516961646,T.Bridgewater
2021,2021_08_WAS_DEN,WAS,00-0031800,44,-2.6340960096606203,T.Heinicke
2021,2021_09_ARI_SF,ARI,00-0027688,28,13.321752651361749,C.McCoy
2021,2021_09_ARI_SF,ARI,00-0034775,1,3.0305774064618163,C.Kirk
2021,2021_09_ARI_SF,SF,00-0031345,45,5.565750387798158,J.Garoppolo
2021,2021_09_ATL_NO,ATL,00-0026143,32,17.32623186627139,M.Ryan
2021,2021_09_ATL_NO,NO,00-0032156,43,-5.931132351300987,T.Siemian
2021,2021_09_ATL_NO,NO,00-0033357,2,2.5959667556453496,T.Hill
2021,2021_09_BUF_JAX,BUF,00-0034857,51,-8.697117693924204,J.Allen
2021,2021_09_BUF_JAX,JAX,00-0033936,2,1.829054368659854,C.Beathard
2021,2021_09_BUF_JAX,JAX,00-0036971,28,-3.913413686958209,T.Lawrence
2021,2021_09_CHI_PIT,CHI,00-0036945,32,4.4908230095569515,J.Fields
2021,2021_09_CHI_PIT,PIT,00-0022924,33,4.203753383309742,B.Roethlisberger
2021,2021_09_CLE_CIN,CIN,00-0032434,2,-0.482784754189197,B.Allen
2021,2021_09_CLE_CIN,CIN,00-0036442,45,-14.341417052092218,J.Burrow
2021,2021_09_CLE_CIN,CLE,00-0034855,23,10.440781613484193,B.Mayfield
2021,2021_09_DEN_DAL,DAL,00-0033077,41,-8.322385287377983,D.Prescott
2021,2021_09_DEN_DAL,DEN,00-0031237,33,9.055982814160895,T.Bridgewater
2021,2021_09_GB_KC,GB,00-0036264,35,-0.7970237037606918,J.Love
2021,2021_09_GB_KC,KC,00-0033873,38,-8.951695351142758,P.Mahomes
2021,2021_09_HOU_MIA,HOU,00-0026035,1,-0.3616975506884046,D.Amendola
2021,2021_09_HOU_MIA,HOU,00-0028118,47,-14.496337211998995,T.Taylor
2021,2021_09_HOU_MIA,MIA,00-0033119,47,-3.208619176936077,J.Brissett
2021,2021_09_LAC_PHI,LAC,00-0036355,38,22.442230549742934,J.Herbert
2021,2021_09_LAC_PHI,PHI,00-0036389,18,5.613318625315828,J.Hurts
2021,2021_09_LV_NYG,LV,00-0031280,47,-7.340110418810605,D.Carr
2021,2021_09_LV_NYG,NYG,00-0035710,22,-1.1948778199365266,D.Jones
2021,2021_09_LV_NYG,NYG,00-0036913,1,-0.8647951660677791,K.Toney
2021,2021_09_MIN_BAL,BAL,00-0034796,44,-1.7689893738489921,L.Jackson
2021,2021_09_MIN_BAL,MIN,00-0029604,28,7.666574854176505,K.Cousins
2021,2021_09_NE_CAR,CAR,00-0034869,34,-24.50282596554378,S.Darnold
2021,2021_09_NE_CAR,NE,00-0036972,20,-3.6108362397565905,M.Jones
2021,2021_09_NYJ_IND,IND,00-0032950,31,15.912245496689561,C.Wentz
2021,2021_09_NYJ_IND,NYJ,00-0026300,43,14.42969221258018,J.Johnson
2021,2021_09_NYJ_IND,NYJ,00-0034401,11,6.34135879855603,M.White
2021,2021_09_TEN_LA,LA,00-0026498,53,-20.003671106680144,M.Stafford
2021,2021_09_TEN_LA,TEN,00-0029701,30,-4.238887444371358,R.Tannehill
2021,2021_10_ATL_DAL,ATL,00-0026143,23,-14.91030587414469,M.Ryan
2021,2021_10_ATL_DAL,ATL,00-0034343,6,-7.658034609630704,J.Rosen
2021,2021_10_ATL_DAL,DAL,00-0033045,1,-0.7931139783468097,E.Elliott
2021,2021_10_ATL_DAL,DAL,00-0033077,31,22.65943548872019,D.Prescott
2021,2021_10_ATL_DAL,DAL,00-0033662,3,-1.0704912231303751,C.Rush
2021,2021_10_BAL_MIA,BAL,00-0034796,45,-7.861454660873413,L.Jackson
2021,2021_10_BAL_MIA,MIA,00-0030669,1,-1.0555784713942558,A.Wilson
2021,2021_10_BAL_MIA,MIA,00-0033119,25,-1.9951431002934616,J.Brissett
2021,2021_10_BAL_MIA,MIA,00-0036212,15,2.261350670588492,T.Tagovailoa
2021,2021_10_BUF_NYJ,BUF,00-0034857,30,18.95633665286062,J.Allen
2021,2021_10_BUF_NYJ,NYJ,00-0026158,3,5.358928996196482,J.Flacco
2021,2021_10_BUF_NYJ,NYJ,00-0034401,45,-12.202813913505484,M.White
2021,2021_10_CAR_ARI,ARI,00-0027688,22,-15.439856804630026,C.McCoy
2021,2021_10_CAR_ARI,ARI,00-0035752,11,-4.2565559186041355,C.Streveler
2021,2021_10_CAR_ARI,CAR,00-0027939,4,-0.9026529253655227,C.Newton
2021,2021_10_CAR_ARI,CAR,00-0033275,29,5.305506581054055,P.Walker
2021,2021_10_CLE_NE,CLE,00-0028986,15,-4.333748186589219,C.Keenum
2021,2021_10_CLE_NE,CLE,00-0034855,23,-5.178473430220038,B.Mayfield
2021,2021_10_CLE_NE,NE,00-0026625,3,7.705607541895006,B.Hoyer
2021,2021_10_CLE_NE,NE,00-0036972,25,16.184750803796458,M.Jones
2021,2021_10_DET_PIT,DET,00-0033106,29,-12.156797073417778,J.Goff
2021,2021_10_DET_PIT,PIT,00-0034771,50,-6.4393328485810635,M.Rudolph
2021,2021_10_JAX_IND,IND,00-0032950,35,-3.1665616868746844,C.Wentz
2021,2021_10_JAX_IND,JAX,00-0036971,39,-6.55529376650153,T.Lawrence
2021,2021_10_KC_LV,KC,00-0033873,50,24.89287958815584,P.Mahomes
2021,2021_10_KC_LV,KC,00-0035889,1,4.0306980279274285,T.Townsend
2021,2021_10_KC_LV,LV,00-0031280,37,-0.01898514200001955,D.Carr
2021,2021_10_LA_SF,LA,00-0026498,43,-8.789725613083345,M.Stafford
2021,2021_10_LA_SF,LA,00-0028872,1,-2.582091593008954,J.Hekker
2021,2021_10_LA_SF,SF,00-0031345,20,15.410127189994908,J.Garoppolo
2021,2021_10_MIN_LAC,LAC,00-0036355,36,-6.698453490901503,J.Herbert
2021,2021_10_MIN_LAC,MIN,00-0029604,39,6.641504517227412,K.Cousins
2021,2021_10_NO_TEN,NO,00-0032156,39,5.746473852760142,T.Siemian
2021,2021_10_NO_TEN,NO,00-0033357,2,0.40334821632131934,T.Hill
2021,2021_10_NO_TEN,TEN,00-0029701,29,2.4384171865878326,R.Tannehill
2021,2021_10_PHI_DEN,DEN,00-0031237,37,-5.264816223103874,T.Bridgewater
2021,2021_10_PHI_DEN,PHI,00-0036389,25,5.071542791336774,J.Hurts
2021,2021_10_SEA_GB,GB,00-0023459,38,1.7057370093119215,A.Rodgers
2021,2021_10_SEA_GB,SEA,00-0029263,43,-20.46697875292739,R.Wilson
2021,2021_10_TB_WAS,TB,00-0019596,34,-2.893736566748424,T.Brady
2021,2021_10_TB_WAS,WAS,00-0031800,37,8.659610157080204,T.Heinicke
2021,2021_11_ARI_SEA,ARI,00-0027688,46,15.774334051320361,C.McCoy
2021,2021_11_ARI_SEA,SEA,00-0029263,30,-4.867761560064979,R.Wilson
2021,2021_11_BAL_CHI,BAL,00-0035993,42,-6.9402142443072075,T.Huntley
2021,2021_11_BAL_CHI,CHI,00-0027973,25,5.9737019405439495,A.Dalton
2021,2021_11_BAL_CHI,CHI,00-0036945,13,-4.913603540044278,J.Fields
2021,2021_11_CIN_LV,CIN,00-0036442,32,2.7872920009949382,J.Burrow
2021,2021_11_CIN_LV,LV,00-0031280,29,-8.895418585720616,D.Carr
2021,2021_11_DAL_KC,DAL,00-0033077,48,-15.437383575127024,D.Prescott
2021,2021_11_DAL_KC,KC,00-0033873,40,-7.570905414477708,P.Mahomes
2021,2021_11_DET_CLE,CLE,00-0034855,30,-7.1422832651270785,B.Mayfield
2021,2021_11_DET_CLE,DET,00-0034177,23,-12.218957054021303,T.Boyle
2021,2021_11_GB_MIN,GB,00-0023459,35,23.260367263276258,A.Rodgers
2021,2021_11_GB_MIN,MIN,00-0029604,37,20.693389200809214,K.Cousins
2021,2021_11_HOU_TEN,HOU,00-0028118,24,-0.2966390122557674,T.Taylor
2021,2021_11_HOU_TEN,TEN,00-0029701,54,-9.988982106850017,R.Tannehill
2021,2021_11_IND_BUF,BUF,00-0033869,5,-3.2850803857436404,M.Trubisky
2021,2021_11_IND_BUF,BUF,00-0034857,36,-1.2734895261273635,J.Allen
2021,2021_11_IND_BUF,IND,00-0032950,20,5.545107355616542,C.Wentz
2021,2021_11_MIA_NYJ,MIA,00-0030669,1,-0.9979544581146911,A.Wilson
2021,2021_11_MIA_NYJ,MIA,00-0036212,33,16.5195287186093,T.Tagovailoa
2021,2021_11_MIA_NYJ,NYJ,00-0026158,41,0.9351900802583448,J.Flacco
2021,2021_11_NE_ATL,ATL,00-0026143,32,-12.23300183005631,M.Ryan
2021,2021_11_NE_ATL,ATL,00-0034343,3,-8.206126666627824,J.Rosen
2021,2021_11_NE_ATL,ATL,00-0036825,1,-3.8404934149584733,F.Franks
2021,2021_11_NE_ATL,NE,00-0036972,29,-2.648283790130492,M.Jones
2021,2021_11_NO_PHI,NO,00-0032156,41,-8.25510370815888,T.Siemian
2021,2021_11_NO_PHI,PHI,00-0036389,27,0.5286662696853905,J.Hurts
2021,2021_11_NYG_TB,NYG,00-0035710,40,-21.361830150605268,D.Jones
2021,2021_11_NYG_TB,NYG,00-0036913,1,-0.49293148308061063,K.Toney
2021,2021_11_NYG_TB,TB,00-0019596,46,6.539577307886393,T.Brady
2021,2021_11_NYG_TB,TB,00-0027948,3,0.1468733312212862,B.Gabbert
2021,2021_11_PIT_LAC,LAC,00-0036355,43,15.115076874528313,J.Herbert
2021,2021_11_PIT_LAC,PIT,00-0022924,47,0.524236235591232,B.Roethlisberger
2021,2021_11_SF_JAX,JAX,00-0036971,28,1.8280811997246929,T.Lawrence
2021,2021_11_SF_JAX,SF,00-0031345,24,10.037806228449242,J.Garoppolo
2021,2021_11_WAS_CAR,CAR,00-0027939,28,2.6437895858543925,C.Newton
2021,2021_11_WAS_CAR,WAS,00-0031800,25,13.535312793275807,T.Heinicke
2021,2021_12_ATL_JAX,ATL,00-0026143,30,4.8737726308754645,M.Ryan
2021,2021_12_ATL_JAX,JAX,00-0036971,44,-2.039880644237604,T.Lawrence
2021,2021_12_BUF_NO,BUF,00-0034857,30,11.416108201911314,J.Allen
2021,2021_12_BUF_NO,NO,00-0032156,32,-5.105244534570258,T.Siemian
2021,2021_12_BUF_NO,NO,00-0035859,1,-2.3642861736007035,B.Gillikin
2021,2021_12_CAR_MIA,CAR,00-0027939,22,-13.059358132246416,C.Newton
2021,2021_12_CAR_MIA,CAR,00-0033275,14,-5.332400707877241,P.Walker
2021,2021_12_CAR_MIA,MIA,00-0036212,33,6.399635681390199,T.Tagovailoa
2021,2021_12_CHI_DET,CHI,00-0027973,40,11.954447373824404,A.Dalton
2021,2021_12_CHI_DET,DET,00-0033106,26,0.9617328613530844,J.Goff
2021,2021_12_CLE_BAL,BAL,00-0034796,34,-10.955327357911083,L.Jackson
2021,2021_12_CLE_BAL,CLE,00-0031382,1,-4.688111118914094,J.Landry
2021,2021_12_CLE_BAL,CLE,00-0034855,39,-2.223531134565313,B.Mayfield
2021,2021_12_LAC_DEN,DEN,00-0031237,18,7.753814618976321,T.Bridgewater
2021,2021_12_LAC_DEN,DEN,00-0035704,7,-5.183105234813411,D.Lock
2021,2021_12_LAC_DEN,LAC,00-0036355,48,-1.9597481920718858,J.Herbert
2021,2021_12_LA_GB,GB,00-0023459,47,8.402708753229879,A.Rodgers
2021,2021_12_LA_GB,LA,00-0026498,41,-2.325334406745898,M.Stafford
2021,2021_12_LA_GB,LA,00-0033908,1,-0.4020649445010349,C.Kupp
2021,2021_12_LV_DAL,DAL,00-0033077,49,8.096333856247462,D.Prescott
2021,2021_12_LV_DAL,LV,00-0031280,42,7.77053394097753,D.Carr
2021,2021_12_MIN_SF,MIN,00-0029604,34,-1.373868018199457,K.Cousins
2021,2021_12_MIN_SF,MIN,00-0036322,1,1.7298753513023257,J.Jefferson
2021,2021_12_MIN_SF,SF,00-0031345,28,3.2568196143819588,J.Garoppolo
2021,2021_12_NYJ_HOU,HOU,00-0028118,31,-12.880443342038465,T.Taylor
2021,2021_12_NYJ_HOU,NYJ,00-0037013,28,-9.377842194640897,Z.Wilson
2021,2021_12_PHI_NYG,NYG,00-0035710,31,3.5756286694581125,D.Jones
2021,2021_12_PHI_NYG,PHI,00-0036389,31,-17.393376570835244,J.Hurts
2021,2021_12_PIT_CIN,CIN,00-0032434,1,-1.0887799442280084,B.Allen
2021,2021_12_PIT_CIN,CIN,00-0036442,26,2.2844190101094077,J.Burrow
2021,2021_12_PIT_CIN,PIT,00-0022924,44,-14.617871658538252,B.Roethlisberger
2021,2021_12_SEA_WAS,SEA,00-0029263,34,3.7679201057618483,R.Wilson
2021,2021_12_SEA_WAS,WAS,00-0031800,36,6.288837717113919,T.Heinicke
2021,2021_12_TB_IND,IND,00-0032950,47,0.9879398207622927,C.Wentz
2021,2021_12_TB_IND,TB,00-0019596,36,-1.315539552459383,T.Brady
2021,2021_12_TEN_NE,NE,00-0036972,34,14.341584726286221,M.Jones
2021,2021_12_TEN_NE,TEN,00-0029701,23,-9.411107614283042,R.Tannehill
2021,2021_13_ARI_CHI,ARI,00-0022824,1,-0.947,A.Lee
2021,2021_13_ARI_CHI,ARI,00-0035228,16,7.6540761415380985,K.Murray
2021,2021_13_ARI_CHI,CHI,00-0027973,45,-15.301612848517717,A.Dalton
2021,2021_13_BAL_PIT,BAL,00-0034796,45,2.6045345141175202,L.Jackson
2021,2021_13_BAL_PIT,PIT,00-0022924,33,9.283845617240397,B.Roethlisberger
2021,2021_13_DAL_NO,DAL,00-0033077,41,-8.3563032825659,D.Prescott
2021,2021_13_DAL_NO,NO,00-0033357,43,-22.099218612736752,T.Hill
2021,2021_13_DEN_KC,DEN,00-0031237,42,-10.93029816621786,T.Bridgewater
2021,2021_13_DEN_KC,KC,00-0033873,30,-2.5851919893225466,P.Mahomes
2021,2021_13_IND_HOU,HOU,00-0028118,15,-10.108040988445282,T.Taylor
2021,2021_13_IND_HOU,HOU,00-0036898,16,-12.274470801115967,D.Mills
2021,2021_13_IND_HOU,IND,00-0032950,23,2.608647358213898,C.Wentz
2021,2021_13_JAX_LA,JAX,00-0036971,30,-2.9206999125599395,T.Lawrence
2021,2021_13_JAX_LA,LA,00-0026498,39,13.03600023035274,M.Stafford
2021,2021_13_LAC_CIN,CIN,00-0036442,46,-5.9916518962509775,J.Burrow
2021,2021_13_LAC_CIN,LAC,00-0030279,1,1.053,K.Allen
2021,2021_13_LAC_CIN,LAC,00-0036355,39,11.112074567284973,J.Herbert
2021,2021_13_MIN_DET,DET,00-0033106,42,4.0533993456191055,J.Goff
2021,2021_13_MIN_DET,MIN,00-0029604,44,4.439508698712239,K.Cousins
2021,2021_13_MIN_DET,MIN,00-0036322,1,-0.45213315926957875,J.Jefferson
2021,2021_13_NE_BUF,BUF,00-0034857,32,-7.056900199947066,J.Allen
2021,2021_13_NE_BUF,NE,00-0036972,3,0.035594736225903034,M.Jones
2021,2021_13_NYG_MIA,MIA,00-0036212,43,4.145969465469963,T.Tagovailoa
2021,2021_13_NYG_MIA,NYG,00-0030520,45,-12.414338405826053,M.Glennon
2021,2021_13_PHI_NYJ,NYJ,00-0037013,40,1.0516482562380842,Z.Wilson
2021,2021_13_PHI_NYJ,PHI,00-0035289,27,14.201063515840985,G.Minshew
2021,2021_13_SF_SEA,SEA,00-0029263,41,-0.12678348540794104,R.Wilson
2021,2021_13_SF_SEA,SF,00-0031345,31,1.7457135824833152,J.Garoppolo
2021,2021_13_TB_ATL,ATL,00-0026143,46,-0.6834038085538081,M.Ryan
2021,2021_13_TB_ATL,TB,00-0019596,51,15.678909607755486,T.Brady
2021,2021_13_WAS_LV,LV,00-0031280,41,-0.6047359095196992,D.Carr
2021,2021_13_WAS_LV,WAS,00-0031800,31,5.529682868858799,T.Heinicke
2021,2021_14_ATL_CAR,ATL,00-0026143,29,5.201244819079017,M.Ryan
2021,2021_14_ATL_CAR,CAR,00-0027939,24,-3.5335709904902615,C.Newton
2021,2021_14_ATL_CAR,CAR,00-0033275,12,-0.99732152724755,P.Walker
2021,2021_14_BAL_CLE,BAL,00-0034796,5,-1.5012173622380942,L.Jackson
2021,2021_14_BAL_CLE,BAL,00-0035993,41,-4.387190332093235,T.Huntley
2021,2021_14_BAL_CLE,CLE,00-0034855,32,-1.869412370184313,B.Mayfield
2021,2021_14_BUF_TB,BUF,00-0034857,57,-3.401727934617452,J.Allen
2021,2021_14_BUF_TB,TB,00-0019596,48,10.003941822763178,T.Brady
2021,2021_14_CHI_GB,CHI,00-0036945,35,-11.288200559002451,J.Fields
2021,2021_14_CHI_GB,GB,00-0023459,40,15.845237118060734,A.Rodgers
2021,2021_14_DAL_WAS,DAL,00-0033077,43,-11.266134685934041,D.Prescott
2021,2021_14_DAL_WAS,WAS,00-0031800,29,-23.94232536898926,T.Heinicke
2021,2021_14_DAL_WAS,WAS,00-0034577,11,-4.530649679319933,K.Allen
2021,2021_14_DET_DEN,DEN,00-0031237,26,8.901604409562424,T.Bridgewater
2021,2021_14_DET_DEN,DET,00-0033106,41,-8.548757522515736,J.Goff
2021,2021_14_JAX_TEN,JAX,00-0036971,43,-16.265786255069543,T.Lawrence
2021,2021_14_JAX_TEN,TEN,00-0029701,35,0.7565333725170538,R.Tannehill
2021,2021_14_LA_ARI,ARI,00-0035228,53,-1.30223230158568,K.Murray
2021,2021_14_LA_ARI,LA,00-0026498,33,14.540051262349431,M.Stafford
2021,2021_14_LV_KC,KC,00-0033873,27,15.498911833148002,P.Mahomes
2021,2021_14_LV_KC,LV,00-0031280,49,-3.004427570980563,D.Carr
2021,2021_14_NO_NYJ,NO,00-0033357,24,3.7940435750018158,T.Hill
2021,2021_14_NO_NYJ,NYJ,00-0037013,45,-15.405388298328605,Z.Wilson
2021,2021_14_NYG_LAC,LAC,00-0036355,33,14.33943088874206,J.Herbert
2021,2021_14_NYG_LAC,NYG,00-0030520,38,-11.063840486094588,M.Glennon
2021,2021_14_NYG_LAC,NYG,00-0032943,1,-2.8510376673657447,R.Dixon
2021,2021_14_PIT_MIN,MIN,00-0029604,31,-9.677462315774328,K.Cousins
2021,2021_14_PIT_MIN,PIT,00-0022924,46,-7.824298766367049,B.Roethlisberger
2021,2021_14_SEA_HOU,HOU,00-0036898,50,-2.004840025754734,D.Mills
2021,2021_14_SEA_HOU,SEA,00-0029263,29,15.856323531174102,R.Wilson
2021,2021_14_SF_CIN,CIN,00-0036442,39,10.851941610595208,J.Burrow
2021,2021_14_SF_CIN,SF,00-0031345,46,6.742630965968724,J.Garoppolo
2021,2021_15_ARI_DET,ARI,00-0027688,9,0.6572618623031303,C.McCoy
2021,2021_15_ARI_DET,ARI,00-0035228,44,-14.395082654681225,K.Murray
2021,2021_15_ARI_DET,DET,00-0033106,28,13.53759341259456,J.Goff
2021,2021_15_ATL_SF,ATL,00-0026143,35,-6.920692366078979,M.Ryan
2021,2021_15_ATL_SF,SF,00-0031345,23,12.071358914410649,J.Garoppolo
2021,2021_15_ATL_SF,SF,00-0035719,1,-0.458133943437133,D.Samuel
2021,2021_15_CAR_BUF,BUF,00-0034857,38,6.890755489978433,J.Allen
2021,2021_15_CAR_BUF,CAR,00-0027939,43,-15.164414061597082,C.Newton
2021,2021_15_CIN_DEN,CIN,00-0036442,26,-5.724006374051945,J.Burrow
2021,2021_15_CIN_DEN,DEN,00-0031237,24,-10.708316959866966,T.Bridgewater
2021,2021_15_CIN_DEN,DEN,00-0035704,13,2.611640738614369,D.Lock
2021,2021_15_DAL_NYG,DAL,00-0033077,40,0.3544087269654437,D.Prescott
2021,2021_15_DAL_NYG,NYG,00-0030520,24,-14.41463947513613,M.Glennon
2021,2021_15_DAL_NYG,NYG,00-0036197,13,-0.6246030861511827,J.Fromm
2021,2021_15_GB_BAL,BAL,00-0035993,42,3.8480873861846048,T.Huntley
2021,2021_15_GB_BAL,GB,00-0023459,34,19.17418219833675,A.Rodgers
2021,2021_15_HOU_JAX,HOU,00-0036898,31,3.5034704332963273,D.Mills
2021,2021_15_HOU_JAX,JAX,00-0036971,40,-5.0837573282358255,T.Lawrence
2021,2021_15_KC_LAC,KC,00-0033873,48,9.33286004699541,P.Mahomes
2021,2021_15_KC_LAC,LAC,00-0030279,1,-0.49345556169282645,K.Allen
2021,2021_15_KC_LAC,LAC,00-0036355,38,-3.7206034220580477,J.Herbert
2021,2021_15_LV_CLE,CLE,00-0033319,29,2.302981056180947,N.Mullens
2021,2021_15_LV_CLE,LV,00-0031280,39,-1.0271373247579558,D.Carr
2021,2021_15_MIN_CHI,CHI,00-0036945,41,-2.871752022104319,J.Fields
2021,2021_15_MIN_CHI,MIN,00-0029604,27,-6.640419637633494,K.Cousins
2021,2021_15_NE_IND,IND,00-0032950,13,-7.869018865926678,C.Wentz
2021,2021_15_NE_IND,NE,00-0036972,46,-0.7569219273809318,M.Jones
2021,2021_15_NO_TB,NO,00-0033357,29,-3.701112126378936,T.Hill
2021,2021_15_NO_TB,TB,00-0019596,52,-16.391219536675397,T.Brady
2021,2021_15_NYJ_MIA,MIA,00-0036212,28,-1.7591317971149514,T.Tagovailoa
2021,2021_15_NYJ_MIA,NYJ,00-0033681,1,-0.7408587794052437,K.Cole
2021,2021_15_NYJ_MIA,NYJ,00-0037013,29,-11.639988192400613,Z.Wilson
2021,2021_15_SEA_LA,LA,00-0026498,33,-2.4432692991103977,M.Stafford
2021,2021_15_SEA_LA,SEA,00-0029263,34,-11.612742018719405,R.Wilson
2021,2021_15_TEN_PIT,PIT,00-0022924,28,-7.649893534213611,B.Roethlisberger
2021,2021_15_TEN_PIT,TEN,00-0029701,36,-8.646828363647383,R.Tannehill
2021,2021_15_WAS_PHI,PHI,00-0036389,29,6.012867632708192,J.Hurts
2021,2021_15_WAS_PHI,WAS,00-0031395,33,-2.7503931065014506,G.Gilbert
2021,2021_16_BAL_CIN,BAL,00-0026300,41,14.301222818729002,J.Johnson
2021,2021_16_BAL_CIN,CIN,00-0036442,49,32.46233900288182,J.Burrow
2021,2021_16_BUF_NE,BUF,00-0034857,48,20.626031538519033,J.Allen
2021,2021_16_BUF_NE,NE,00-0036972,33,-3.0969632330234163,M.Jones
2021,2021_16_CHI_SEA,CHI,00-0029567,40,5.539182382183368,N.Foles
2021,2021_16_CHI_SEA,SEA,00-0029263,29,1.8351038598263125,R.Wilson
2021,2021_16_CLE_GB,CLE,00-0034855,42,-1.850796899037587,B.Mayfield
2021,2021_16_CLE_GB,GB,00-0023459,34,5.71987514583647,A.Rodgers
2021,2021_16_DEN_LV,DEN,00-0035704,24,-2.266850806684689,D.Lock
2021,2021_16_DEN_LV,LV,00-0031280,27,-5.2079734207533885,D.Carr
2021,2021_16_DET_ATL,ATL,00-0026143,27,8.473386036256269,M.Ryan
2021,2021_16_DET_ATL,DET,00-0034177,34,0.9762948026112319,T.Boyle
2021,2021_16_DET_ATL,DET,00-0035156,1,3.9836941372486763,J.Fox
2021,2021_16_IND_ARI,ARI,00-0035228,43,-3.767404358577423,K.Murray
2021,2021_16_IND_ARI,IND,00-0032950,30,8.960767790061327,C.Wentz
2021,2021_16_JAX_NYJ,JAX,00-0036971,40,4.108623709228375,T.Lawrence
2021,2021_16_JAX_NYJ,NYJ,00-0037013,23,-0.7609113129140508,Z.Wilson
2021,2021_16_LAC_HOU,HOU,00-0036898,28,16.02542242752344,D.Mills
2021,2021_16_LAC_HOU,LAC,00-0036355,38,9.069477499394775,J.Herbert
2021,2021_16_LA_MIN,LA,00-0026498,37,-9.771741315271012,M.Stafford
2021,2021_16_LA_MIN,MIN,00-0029604,40,3.115469548992633,K.Cousins
2021,2021_16_MIA_NO,MIA,00-0033119,1,-1.7549947032239288,J.Brissett
2021,2021_16_MIA_NO,MIA,00-0036212,28,4.913480085856468,T.Tagovailoa
2021,2021_16_MIA_NO,NO,00-0036929,28,-29.729809938871767,I.Book
2021,2021_16_NYG_PHI,NYG,00-0030520,27,-4.85400537046371,M.Glennon
2021,2021_16_NYG_PHI,NYG,00-0036197,19,-15.250232795719057,J.Fromm
2021,2021_16_NYG_PHI,PHI,00-0036389,30,1.3048490787027536,J.Hurts
2021,2021_16_PIT_KC,KC,00-0033873,32,15.892987490044346,P.Mahomes
2021,2021_16_PIT_KC,PIT,00-0022924,37,-10.630025819071596,B.Roethlisberger
2021,2021_16_PIT_KC,PIT,00-0034771,7,-2.1954297584015876,M.Rudolph
2021,2021_16_SF_TEN,SF,00-0031345,37,3.3737984425484306,J.Garoppolo
2021,2021_16_SF_TEN,TEN,00-0029701,33,7.756709570416261,R.Tannehill
2021,2021_16_SF_TEN,TEN,00-0035676,1,-0.7416003388352692,A.Brown
2021,2021_16_TB_CAR,CAR,00-0027939,16,-9.712214070869397,C.Newton
2021,2021_16_TB_CAR,CAR,00-0034869,36,-11.507034645805334,S.Darnold
2021,2021_16_TB_CAR,TB,00-0019596,31,10.022191627366354,T.Brady
2021,2021_16_TB_CAR,TB,00-0027948,1,-1.0804429114796221,B.Gabbert
2021,2021_16_WAS_DAL,DAL,00-0033077,42,18.80310145180556,D.Prescott
2021,2021_16_WAS_DAL,DAL,00-0033662,3,6.139480325684417,C.Rush
2021,2021_16_WAS_DAL,WAS,00-0031800,26,-22.93075953796506,T.Heinicke
2021,2021_16_WAS_DAL,WAS,00-0034577,11,4.923251868865918,K.Allen
2021,2021_17_ARI_DAL,ARI,00-0029747,1,3.7315283046336845,C.Banjo
2021,2021_17_ARI_DAL,ARI,00-0035228,40,9.421464566911354,K.Murray
2021,2021_17_ARI_DAL,DAL,00-0033077,40,12.987281810958828,D.Prescott
2021,2021_17_ARI_DAL,DAL,00-0034418,1,1.9148532252875157,C.Wilson
2021,2021_17_ATL_BUF,ATL,00-0026143,28,-9.711948756549337,M.Ryan
2021,2021_17_ATL_BUF,BUF,00-0031588,1,-0.836327348719351,S.Diggs
2021,2021_17_ATL_BUF,BUF,00-0034857,27,-6.796588674784172,J.Allen
2021,2021_17_CAR_NO,CAR,00-0034869,33,-16.219666676583458,S.Darnold
2021,2021_17_CAR_NO,NO,00-0033357,28,1.0560279179053547,T.Hill
2021,2021_17_CLE_PIT,CLE,00-0034855,47,-15.74576943158172,B.Mayfield
2021,2021_17_CLE_PIT,PIT,00-0022924,48,-17.463139853376425,B.Roethlisberger
2021,2021_17_DEN_LAC,DEN,00-0034955,2,-2.059117787517607,B.Rypien
2021,2021_17_DEN_LAC,DEN,00-0035704,26,2.244183226659313,D.Lock
2021,2021_17_DEN_LAC,DEN,00-0035864,1,-3.1306644288706593,K.Hinton
2021,2021_17_DEN_LAC,LAC,00-0036355,31,14.881550897510877,J.Herbert
2021,2021_17_DET_SEA,DET,00-0034177,38,7.397151582053811,T.Boyle
2021,2021_17_DET_SEA,SEA,00-0029263,30,15.23654620138826,R.Wilson
2021,2021_17_HOU_SF,HOU,00-0036898,35,-16.03667814728904,D.Mills
2021,2021_17_HOU_SF,SF,00-0037012,24,8.458000334032969,T.Lance
2021,2021_17_JAX_NE,JAX,00-0036971,29,-12.075156573230197,T.Lawrence
2021,2021_17_JAX_NE,NE,00-0026625,4,5.07548840472009,B.Hoyer
2021,2021_17_JAX_NE,NE,00-0036972,30,17.211687444688998,M.Jones
2021,2021_17_KC_CIN,CIN,00-0036442,43,23.909231911444063,J.Burrow
2021,2021_17_KC_CIN,KC,00-0033873,35,11.342784956910595,P.Mahomes
2021,2021_17_LA_BAL,BAL,00-0035993,35,-3.895064978893249,T.Huntley
2021,2021_17_LA_BAL,LA,00-0026498,37,6.03499570429116,M.Stafford
2021,2021_17_LV_IND,IND,00-0032950,28,-5.402740011091197,C.Wentz
2021,2021_17_LV_IND,LV,00-0031280,33,5.657450032503069,D.Carr
2021,2021_17_LV_IND,LV,00-0032268,1,-0.5612619514577091,M.Mariota
2021,2021_17_MIA_TEN,MIA,00-0034829,1,-0.5864534196443856,M.Gesicki
2021,2021_17_MIA_TEN,MIA,00-0036212,42,-15.093401045674414,T.Tagovailoa
2021,2021_17_MIA_TEN,TEN,00-0029701,19,1.5083645741704368,R.Tannehill
2021,2021_17_MIN_GB,GB,00-0023459,38,10.008660482973438,A.Rodgers
2021,2021_17_MIN_GB,GB,00-0036264,4,-0.14689640258438885,J.Love
2021,2021_17_MIN_GB,MIN,00-0032245,38,-10.911595458092904,S.Mannion
2021,2021_17_MIN_GB,MIN,00-0036946,3,-1.7575525424908847,K.Mond
2021,2021_17_NYG_CHI,CHI,00-0027973,36,-4.979457865617705,A.Dalton
2021,2021_17_NYG_CHI,CHI,00-0035685,1,-3.1767500246642157,D.Montgomery
2021,2021_17_NYG_CHI,NYG,00-0030520,15,-35.56481964356499,M.Glennon
2021,2021_17_PHI_WAS,PHI,00-0036389,27,7.549441437009644,J.Hurts
2021,2021_17_PHI_WAS,WAS,00-0031800,38,-4.468395344508803,T.Heinicke
2021,2021_17_TB_NYJ,NYJ,00-0037013,34,8.402356714839332,Z.Wilson
2021,2021_17_TB_NYJ,TB,00-0019596,50,22.178621956729174,T.Brady
2021,2021_18_CAR_TB,CAR,00-0034052,1,-1.3167127471533604,B.Zylstra
2021,2021_18_CAR_TB,CAR,00-0034869,44,-5.45924066437874,S.Darnold
2021,2021_18_CAR_TB,TB,00-0019596,38,17.841727344951124,T.Brady
2021,2021_18_CAR_TB,TB,00-0027948,2,-2.1694595670486767,B.Gabbert
2021,2021_18_CHI_MIN,CHI,00-0027973,56,-21.10012534762734,A.Dalton
2021,2021_18_CHI_MIN,MIN,00-0029604,25,8.121575125864378,K.Cousins
2021,2021_18_CIN_CLE,CIN,00-0032434,34,-11.26088957624258,B.Allen
2021,2021_18_CIN_CLE,CLE,00-0028986,25,-4.781157750170678,C.Keenum
2021,2021_18_DAL_PHI,DAL,00-0033077,28,25.244150168401422,D.Prescott
2021,2021_18_DAL_PHI,DAL,00-0033662,1,0.7347193992463872,C.Rush
2021,2021_18_DAL_PHI,PHI,00-0033733,1,-0.5495583995361812,G.Ward
2021,2021_18_DAL_PHI,PHI,00-0035289,37,2.353622035020647,G.Minshew
2021,2021_18_GB_DET,DET,00-0033106,31,10.669662685257045,J.Goff
2021,2021_18_GB_DET,DET,00-0035156,1,-3.0166336740367115,J.Fox
2021,2021_18_GB_DET,DET,00-0035544,1,5.069598037283868,T.Kennedy
2021,2021_18_GB_DET,GB,00-0023459,21,3.7235939466627315,A.Rodgers
2021,2021_18_GB_DET,GB,00-0036264,19,-4.216211624497491,J.Love
2021,2021_18_IND_JAX,IND,00-0032950,36,-10.90283859655624,C.Wentz
2021,2021_18_IND_JAX,JAX,00-0036971,33,8.112452112153731,T.Lawrence
2021,2021_18_KC_DEN,DEN,00-0034348,1,1.001634000451304,C.Sutton
2021,2021_18_KC_DEN,DEN,00-0035704,25,2.8207466380698896,D.Lock
2021,2021_18_KC_DEN,KC,00-0033873,45,12.132854478463273,P.Mahomes
2021,2021_18_LAC_LV,LAC,00-0036355,68,15.891099543017758,J.Herbert
2021,2021_18_LAC_LV,LV,00-0031280,40,-5.20867770146934,D.Carr
2021,2021_18_LAC_LV,LV,00-0032268,1,-0.15916647401172668,M.Mariota
2021,2021_18_NE_MIA,MIA,00-0036212,23,-2.7533494726204584,T.Tagovailoa
2021,2021_18_NE_MIA,NE,00-0036972,32,1.4800337619064816,M.Jones
2021,2021_18_NO_ATL,ATL,00-0026143,36,-4.429853773434719,M.Ryan
2021,2021_18_NO_ATL,NO,00-0032156,16,3.8034235922098327,T.Siemian
2021,2021_18_NO_ATL,NO,00-0033357,9,8.639662283422838,T.Hill
2021,2021_18_NYJ_BUF,BUF,00-0033869,1,1.3690552145126276,M.Trubisky
2021,2021_18_NYJ_BUF,BUF,00-0034857,45,-1.693499682317225,J.Allen
2021,2021_18_NYJ_BUF,NYJ,00-0031941,1,-1.3508157203905284,J.Crowder
2021,2021_18_NYJ_BUF,NYJ,00-0037013,28,-16.87274702184599,Z.Wilson
2021,2021_18_PIT_BAL,BAL,00-0024417,1,-2.778717302950099,S.Koch
2021,2021_18_PIT_BAL,BAL,00-0035993,34,-14.694727100640112,T.Huntley
2021,2021_18_PIT_BAL,PIT,00-0022924,45,2.885277848894475,B.Roethlisberger
2021,2021_18_SEA_ARI,ARI,00-0035228,44,-3.556026826142147,K.Murray
2021,2021_18_SEA_ARI,SEA,00-0029263,27,2.625135565712254,R.Wilson
2021,2021_18_SF_LA,LA,00-0026498,37,12.573336445549572,M.Stafford
2021,2021_18_SF_LA,SF,00-0031345,34,3.3874766476484557,J.Garoppolo
2021,2021_18_SF_LA,SF,00-0035719,1,2.4758675792254508,D.Samuel
2021,2021_18_TEN_HOU,HOU,00-0036898,36,10.669094356228133,D.Mills
2021,2021_18_TEN_HOU,TEN,00-0029701,33,18.735545415315684,R.Tannehill
2021,2021_18_WAS_NYG,NYG,00-0036197,34,-19.281744870066177,J.Fromm
2021,2021_18_WAS_NYG,WAS,00-0031800,22,-8.297408074542608,T.Heinicke
2021,2021_19_ARI_LA,ARI,00-0035228,36,-21.975805635680445,K.Murray
2021,2021_19_ARI_LA,LA,00-0026498,18,12.511874249263201,M.Stafford
2021,2021_19_ARI_LA,LA,00-0031235,1,2.278346930164844,O.Beckham
2021,2021_19_LV_CIN,CIN,00-0036442,36,10.013772191553588,J.Burrow
2021,2021_19_LV_CIN,LV,00-0031280,56,0.4574038536895828,D.Carr
2021,2021_19_NE_BUF,BUF,00-0034857,25,22.96922262487351,J.Allen
2021,2021_19_NE_BUF,NE,00-0036972,40,3.1183606236299966,M.Jones
2021,2021_19_PHI_TB,PHI,00-0036389,46,-5.500413996647578,J.Hurts
2021,2021_19_PHI_TB,TB,00-0019596,41,8.226544965945209,T.Brady
2021,2021_19_PIT_KC,KC,00-0030506,1,0.70204556841054,T.Kelce
2021,2021_19_PIT_KC,KC,00-0033873,42,19.025476823444478,P.Mahomes
2021,2021_19_PIT_KC,PIT,00-0022924,46,-3.630831637128722,B.Roethlisberger
2021,2021_19_SF_DAL,DAL,00-0029692,1,3.856170532060787,B.Anger
2021,2021_19_SF_DAL,DAL,00-0033077,47,-12.179660624493199,D.Prescott
2021,2021_19_SF_DAL,SF,00-0031345,25,0.15928061730018506,J.Garoppolo
2021,2021_20_BUF_KC,BUF,00-0034857,40,18.199110316971318,J.Allen
2021,2021_20_BUF_KC,KC,00-0033873,46,21.348480939990317,P.Mahomes
2021,2021_20_CIN_TEN,CIN,00-0036442,45,-4.986858748488041,J.Burrow
2021,2021_20_CIN_TEN,TEN,00-0029701,25,-4.451318063815745,R.Tannehill
2021,2021_20_LA_TB,LA,00-0026498,39,16.850698540380293,M.Stafford
2021,2021_20_LA_TB,TB,00-0019596,57,-13.955662030788911,T.Brady
2021,2021_20_SF_GB,GB,00-0023459,33,-1.4371740533291786,A.Rodgers
2021,2021_20_SF_GB,SF,00-0031345,23,-7.507692491535707,J.Garoppolo
2021,2021_21_CIN_KC,CIN,00-0036442,40,3.9135277947046405,J.Burrow
2021,2021_21_CIN_KC,KC,00-0033873,43,-6.372242317138303,P.Mahomes
2021,2021_21_SF_LA,LA,00-0026498,47,13.104126548690717,M.Stafford
2021,2021_21_SF_LA,SF,00-0031345,29,6.194037419161759,J.Garoppolo
2021,2021_22_LA_CIN,CIN,00-0033897,1,1.8504547015181743,J.Mixon
2021,2021_22_LA_CIN,CIN,00-0036442,40,-7.701646716288725,J.Burrow
2021,2021_22_LA_CIN,LA,00-0026498,42,6.088601959927473,M.Stafford
2021,2021_22_LA_CIN,LA,00-0028872,1,-0.947,J.Hekker
2021,2021_22_LA_CIN,LA,00-0033908,1,-1.5157049462529928,C.Kupp
2022,2022_01_BAL_NYJ,BAL,00-0034796,32,4.239652403625634,L.Jackson
2022,2022_01_BAL_NYJ,NYJ,00-0026158,62,-7.11291638909344,J.Flacco
2022,2022_01_BUF_LA,BUF,00-0034857,33,13.646457606582526,J.Allen
2022,2022_01_BUF_LA,LA,00-0026498,48,-16.74545282755369,M.Stafford
2022,2022_01_CLE_CAR,CAR,00-0034855,31,-1.6186219101946335,B.Mayfield
2022,2022_01_CLE_CAR,CLE,00-0033119,33,-7.329347562143604,J.Brissett
2022,2022_01_DEN_SEA,DEN,00-0029263,44,15.1618857017008,R.Wilson
2022,2022_01_DEN_SEA,SEA,00-0030565,30,8.274173974503805,G.Smith
2022,2022_01_GB_MIN,GB,00-0023459,38,-11.627544641436543,A.Rodgers
2022,2022_01_GB_MIN,GB,00-0036264,4,-0.32043389006867073,J.Love
2022,2022_01_GB_MIN,MIN,00-0029604,33,9.272198556757566,K.Cousins
2022,2022_01_IND_HOU,HOU,00-0036898,40,-6.464837897088398,D.Mills
2022,2022_01_IND_HOU,IND,00-0026143,52,3.004784380851166,M.Ryan
2022,2022_01_JAX_WAS,JAX,00-0036971,45,-0.8246542957077594,T.Lawrence
2022,2022_01_JAX_WAS,WAS,00-0032950,44,8.649848221597727,C.Wentz
2022,2022_01_KC_ARI,ARI,00-0035146,5,-1.5098753221100196,T.McSorley
2022,2022_01_KC_ARI,ARI,00-0035228,38,0.35166081864759324,K.Murray
2022,2022_01_KC_ARI,KC,00-0033873,39,33.18852514473006,P.Mahomes
2022,2022_01_LV_LAC,LAC,00-0036355,34,14.94356691871826,J.Herbert
2022,2022_01_LV_LAC,LV,00-0031280,43,-5.492958870270653,D.Carr
2022,2022_01_LV_LAC,LV,00-0031381,1,-1.8045640784548596,D.Adams
2022,2022_01_NE_MIA,MIA,00-0036212,36,5.8563312284282425,T.Tagovailoa
2022,2022_01_NE_MIA,NE,00-0036972,32,-4.493520617485046,M.Jones
2022,2022_01_NO_ATL,ATL,00-0032268,32,4.869504870028897,M.Mariota
2022,2022_01_NO_ATL,NO,00-0031503,37,4.036738480392467,J.Winston
2022,2022_01_NYG_TEN,NYG,00-0035710,27,-6.831767932235263,D.Jones
2022,2022_01_NYG_TEN,TEN,00-0029701,33,7.6251807052104095,R.Tannehill
2022,2022_01_PHI_DET,DET,00-0033106,38,-2.1120760421908926,J.Goff
2022,2022_01_PHI_DET,PHI,00-0036389,33,3.5803245294125725,J.Hurts
2022,2022_01_PIT_CIN,CIN,00-0036442,61,-16.125692450532757,J.Burrow
2022,2022_01_PIT_CIN,PIT,00-0033869,38,-5.522952683354891,M.Trubisky
2022,2022_01_SF_CHI,CHI,00-0036945,19,-1.6956854593008757,J.Fields
2022,2022_01_SF_CHI,SF,00-0037012,30,-9.12234195836053,T.Lance
2022,2022_01_TB_DAL,DAL,00-0033077,31,-12.482924892189722,D.Prescott
2022,2022_01_TB_DAL,DAL,00-0033662,15,-7.56040465075057,C.Rush
2022,2022_01_TB_DAL,TB,00-0019596,29,1.0508535547742515,T.Brady
2022,2022_02_ARI_LV,ARI,00-0035228,51,-7.864719920253148,K.Murray
2022,2022_02_ARI_LV,LV,00-0031280,40,4.559405542950982,D.Carr
2022,2022_02_ATL_LA,ATL,00-0032268,30,-1.6671894489049937,M.Mariota
2022,2022_02_ATL_LA,LA,00-0026498,37,6.490207429602901,M.Stafford
2022,2022_02_CAR_NYG,CAR,00-0034855,31,-7.698745249576778,B.Mayfield
2022,2022_02_CAR_NYG,NYG,00-0035710,37,-2.6626167686558873,D.Jones
2022,2022_02_CHI_GB,CHI,00-0036945,14,-6.4240904148318805,J.Fields
2022,2022_02_CHI_GB,GB,00-0023459,28,11.532070951268867,A.Rodgers
2022,2022_02_CIN_DAL,CIN,00-0036442,43,0.9298977017478967,J.Burrow
2022,2022_02_CIN_DAL,DAL,00-0033662,31,8.108561323734074,C.Rush
2022,2022_02_HOU_DEN,DEN,00-0029263,34,0.30989935824112735,R.Wilson
2022,2022_02_HOU_DEN,HOU,00-0036898,41,-11.454928964852702,D.Mills
2022,2022_02_IND_JAX,IND,00-0026143,35,-20.349193572357763,M.Ryan
2022,2022_02_IND_JAX,JAX,00-0036971,30,17.55709814446109,T.Lawrence
2022,2022_02_LAC_KC,KC,00-0033873,36,4.842983256522691,P.Mahomes
2022,2022_02_LAC_KC,LAC,00-0036355,50,-0.9218983927798554,J.Herbert
2022,2022_02_MIA_BAL,BAL,00-0034796,29,17.830529062946766,L.Jackson
2022,2022_02_MIA_BAL,MIA,00-0036212,51,26.893467999441782,T.Tagovailoa
2022,2022_02_MIN_PHI,MIN,00-0029604,48,-14.012142173654865,K.Cousins
2022,2022_02_MIN_PHI,PHI,00-0036389,34,11.850195301556024,J.Hurts
2022,2022_02_NE_PIT,NE,00-0036972,35,5.173929219022856,M.Jones
2022,2022_02_NE_PIT,PIT,00-0033869,37,-4.774560925955614,M.Trubisky
2022,2022_02_NYJ_CLE,CLE,00-0033119,28,13.851839648246909,J.Brissett
2022,2022_02_NYJ_CLE,NYJ,00-0026158,46,12.344180958042694,J.Flacco
2022,2022_02_NYJ_CLE,NYJ,00-0036313,1,3.8100264680106193,B.Mann
2022,2022_02_SEA_SF,SEA,00-0030565,32,-7.9178877762460615,G.Smith
2022,2022_02_SEA_SF,SEA,00-0036425,1,-4.867112466075923,D.Dallas
2022,2022_02_SEA_SF,SF,00-0031345,22,2.2144243547698266,J.Garoppolo
2022,2022_02_SEA_SF,SF,00-0037012,3,-0.6033703323051962,T.Lance
2022,2022_02_TB_NO,NO,00-0031503,46,-16.173835056306178,J.Winston
2022,2022_02_TB_NO,TB,00-0019596,35,2.4287069754605843,T.Brady
2022,2022_02_TEN_BUF,BUF,00-0028986,2,-1.8931406389456242,C.Keenum
2022,2022_02_TEN_BUF,BUF,00-0034857,39,16.223354211604942,J.Allen
2022,2022_02_TEN_BUF,TEN,00-0029701,22,-11.536094523384236,R.Tannehill
2022,2022_02_TEN_BUF,TEN,00-0038128,4,-1.9381950611714274,M.Willis
2022,2022_02_WAS_DET,DET,00-0033106,37,1.220533122167696,J.Goff
2022,2022_02_WAS_DET,WAS,00-0032950,53,2.447075802920386,C.Wentz
2022,2022_03_ATL_SEA,ATL,00-0032268,23,14.931650731732255,M.Mariota
2022,2022_03_ATL_SEA,SEA,00-0030565,46,11.882529247147998,G.Smith
2022,2022_03_BAL_NE,BAL,00-0034796,33,7.165284686279039,L.Jackson
2022,2022_03_BAL_NE,NE,00-0036972,36,-0.06652070157899104,M.Jones
2022,2022_03_BUF_MIA,BUF,00-0034857,66,6.351287997806322,J.Allen
2022,2022_03_BUF_MIA,MIA,00-0031237,3,-1.8561580092646182,T.Bridgewater
2022,2022_03_BUF_MIA,MIA,00-0036212,19,8.660381451714784,T.Tagovailoa
2022,2022_03_CIN_NYJ,CIN,00-0036442,38,16.391320567352906,J.Burrow
2022,2022_03_CIN_NYJ,NYJ,00-0026158,56,-23.438705922635535,J.Flacco
2022,2022_03_DAL_NYG,DAL,00-0033662,31,3.3870945778639845,C.Rush
2022,2022_03_DAL_NYG,NYG,00-0035710,42,-11.688326053001752,D.Jones
2022,2022_03_DET_MIN,DET,00-0033106,40,7.7713030406213335,J.Goff
2022,2022_03_DET_MIN,MIN,00-0029604,41,-0.7378148111331324,K.Cousins
2022,2022_03_GB_TB,GB,00-0023459,36,4.507947998121381,A.Rodgers
2022,2022_03_GB_TB,TB,00-0019596,46,0.1297493004336464,T.Brady
2022,2022_03_HOU_CHI,CHI,00-0036945,22,-7.725099677134398,J.Fields
2022,2022_03_HOU_CHI,HOU,00-0036898,33,-5.738881866280412,D.Mills
2022,2022_03_JAX_LAC,JAX,00-0036971,40,14.726599713194862,T.Lawrence
2022,2022_03_JAX_LAC,LAC,00-0036355,46,-9.057817167235074,J.Herbert
2022,2022_03_KC_IND,IND,00-0026143,42,-4.035991191169194,M.Ryan
2022,2022_03_KC_IND,KC,00-0033873,37,7.720399693567806,P.Mahomes
2022,2022_03_KC_IND,KC,00-0035889,1,-3.5175859160954133,T.Townsend
2022,2022_03_LA_ARI,ARI,00-0035228,60,-4.847388461670525,K.Murray
2022,2022_03_LA_ARI,LA,00-0026498,26,10.104670594767429,M.Stafford
2022,2022_03_LV_TEN,LV,00-0031280,46,5.376096284825734,D.Carr
2022,2022_03_LV_TEN,LV,00-0033555,1,0.05114959494676441,M.Hollins
2022,2022_03_LV_TEN,TEN,00-0029701,28,12.199781181290746,R.Tannehill
2022,2022_03_NO_CAR,CAR,00-0034855,28,-4.784538739791833,B.Mayfield
2022,2022_03_NO_CAR,NO,00-0031503,42,7.925139243444096,J.Winston
2022,2022_03_PHI_WAS,PHI,00-0036389,38,15.406067822882267,J.Hurts
2022,2022_03_PHI_WAS,WAS,00-0032950,53,-21.639163096915464,C.Wentz
2022,2022_03_PIT_CLE,CLE,00-0033119,33,1.4553319280582349,J.Brissett
2022,2022_03_PIT_CLE,PIT,00-0033869,33,-1.4143335938087471,M.Trubisky
2022,2022_03_SF_DEN,DEN,00-0029263,38,-11.769869906098062,R.Wilson
2022,2022_03_SF_DEN,SF,00-0031345,33,-5.718365225647711,J.Garoppolo
2022,2022_04_ARI_CAR,ARI,00-0035228,34,-1.5253838152232309,K.Murray
2022,2022_04_ARI_CAR,CAR,00-0034855,39,-13.312966976399572,B.Mayfield
2022,2022_04_BUF_BAL,BAL,00-0034796,31,-9.215596661476843,L.Jackson
2022,2022_04_BUF_BAL,BUF,00-0034857,37,2.057222143869666,J.Allen
2022,2022_04_CHI_NYG,CHI,00-0036945,28,-5.692618864195197,J.Fields
2022,2022_04_CHI_NYG,NYG,00-0028118,3,-0.7254509925842285,T.Taylor
2022,2022_04_CHI_NYG,NYG,00-0035710,14,-1.9544668577727862,D.Jones
2022,2022_04_CLE_ATL,ATL,00-0032268,20,-5.13430580927494,M.Mariota
2022,2022_04_CLE_ATL,CLE,00-0033119,36,-1.004216203155044,J.Brissett
2022,2022_04_DEN_LV,DEN,00-0029263,28,-1.0258299756387474,R.Wilson
2022,2022_04_DEN_LV,LV,00-0031280,36,-3.3126586472813533,D.Carr
2022,2022_04_JAX_PHI,JAX,00-0036971,27,-8.892259932064917,T.Lawrence
2022,2022_04_JAX_PHI,PHI,00-0036389,28,-12.090294387107127,J.Hurts
2022,2022_04_KC_TB,KC,00-0033873,40,8.595868970133946,P.Mahomes
2022,2022_04_KC_TB,TB,00-0019596,53,9.511334128834488,T.Brady
2022,2022_04_LAC_HOU,HOU,00-0036898,39,-8.713956958995084,D.Mills
2022,2022_04_LAC_HOU,LAC,00-0036355,40,16.72019481801938,J.Herbert
2022,2022_04_LA_SF,LA,00-0026498,55,-12.835558592648432,M.Stafford
2022,2022_04_LA_SF,SF,00-0031345,27,10.709715162152204,J.Garoppolo
2022,2022_04_MIA_CIN,CIN,00-0033009,1,3.2179457168094814,T.Boyd
2022,2022_04_MIA_CIN,CIN,00-0036442,32,13.15618831991518,J.Burrow
2022,2022_04_MIA_CIN,MIA,00-0031237,23,-0.6528811835523056,T.Bridgewater
2022,2022_04_MIA_CIN,MIA,00-0036212,15,-0.6181870382068242,T.Tagovailoa
2022,2022_04_MIN_NO,MIN,00-0029604,41,-1.4547618038246202,K.Cousins
2022,2022_04_MIN_NO,MIN,00-0037500,1,3.3623869362054393,R.Wright
2022,2022_04_MIN_NO,NO,00-0027973,31,7.587017989876083,A.Dalton
2022,2022_04_NE_GB,GB,00-0023459,36,0.4257561758064674,A.Rodgers
2022,2022_04_NE_GB,NE,00-0026625,7,-2.126523873504231,B.Hoyer
2022,2022_04_NE_GB,NE,00-0038108,18,-4.759012996626552,B.Zappe
2022,2022_04_NYJ_PIT,NYJ,00-0034419,1,1.1844526951317675,B.Berrios
2022,2022_04_NYJ_PIT,NYJ,00-0037013,37,1.1628688672369911,Z.Wilson
2022,2022_04_NYJ_PIT,PIT,00-0033869,16,-6.6328503306847,M.Trubisky
2022,2022_04_NYJ_PIT,PIT,00-0038102,13,1.4254647083580494,K.Pickett
2022,2022_04_SEA_DET,DET,00-0033106,41,14.758166696319027,J.Goff
2022,2022_04_SEA_DET,DET,00-0035156,1,2.9525986034423113,J.Fox
2022,2022_04_SEA_DET,SEA,00-0030565,30,21.017963533494445,G.Smith
2022,2022_04_TEN_IND,IND,00-0026143,40,8.751449945375946,M.Ryan
2022,2022_04_TEN_IND,TEN,00-0029701,24,-0.25513168909855466,R.Tannehill
2022,2022_04_WAS_DAL,DAL,00-0033662,28,1.6457277057111948,C.Rush
2022,2022_04_WAS_DAL,WAS,00-0032950,44,-17.398125747048347,C.Wentz
2022,2022_05_ATL_TB,ATL,00-0032268,31,-1.4270499427833339,M.Mariota
2022,2022_05_ATL_TB,TB,00-0019596,53,14.042589801922093,T.Brady
2022,2022_05_CHI_MIN,CHI,00-0036945,24,7.497081836310569,J.Fields
2022,2022_05_CHI_MIN,MIN,00-0029604,42,11.658450612314237,K.Cousins
2022,2022_05_CHI_MIN,MIN,00-0036322,1,2.411417374154553,J.Jefferson
2022,2022_05_CIN_BAL,BAL,00-0034796,33,-5.673329834344466,L.Jackson
2022,2022_05_CIN_BAL,CIN,00-0033009,1,-2.6106572727439925,T.Boyd
2022,2022_05_CIN_BAL,CIN,00-0036442,37,-4.348129396073598,J.Burrow
2022,2022_05_DAL_LA,DAL,00-0033662,19,-6.667604514324781,C.Rush
2022,2022_05_DAL_LA,LA,00-0026498,47,-14.383166473479385,M.Stafford
2022,2022_05_DAL_LA,LA,00-0032943,1,2.6160584269091487,R.Dixon
2022,2022_05_DAL_LA,LA,00-0033908,1,-0.46752027643378824,C.Kupp
2022,2022_05_DET_NE,DET,00-0033106,37,-20.695974567322992,J.Goff
2022,2022_05_DET_NE,NE,00-0038108,21,6.5563407146323245,B.Zappe
2022,2022_05_HOU_JAX,HOU,00-0036898,25,-2.518987307273534,D.Mills
2022,2022_05_HOU_JAX,JAX,00-0036971,46,-7.777783884537289,T.Lawrence
2022,2022_05_IND_DEN,DEN,00-0029263,43,-13.004933542307594,R.Wilson
2022,2022_05_IND_DEN,IND,00-0026143,46,-11.034748838035698,M.Ryan
2022,2022_05_LAC_CLE,CLE,00-0033119,34,6.987483583680025,J.Brissett
2022,2022_05_LAC_CLE,LAC,00-0036355,35,4.425161087423596,J.Herbert
2022,2022_05_LV_KC,KC,00-0033873,47,13.877725843447788,P.Mahomes
2022,2022_05_LV_KC,LV,00-0031280,32,6.783733626532439,D.Carr
2022,2022_05_MIA_NYJ,MIA,00-0031237,1,-1.611123567679897,T.Bridgewater
2022,2022_05_MIA_NYJ,MIA,00-0037327,35,-16.290222810827046,S.Thompson
2022,2022_05_MIA_NYJ,NYJ,00-0037013,23,0.8782214904508039,Z.Wilson
2022,2022_05_NYG_GB,GB,00-0023459,41,2.8204905224904886,A.Rodgers
2022,2022_05_NYG_GB,NYG,00-0035710,28,13.387008378190762,D.Jones
2022,2022_05_PHI_ARI,ARI,00-0035228,41,6.898658703531647,K.Murray
2022,2022_05_PHI_ARI,PHI,00-0036389,38,3.7543420593864907,J.Hurts
2022,2022_05_PIT_BUF,BUF,00-0028986,5,-3.8931332784704864,C.Keenum
2022,2022_05_PIT_BUF,BUF,00-0034857,31,24.854640499632122,J.Allen
2022,2022_05_PIT_BUF,PIT,00-0038102,55,-2.237646419579787,K.Pickett
2022,2022_05_SEA_NO,NO,00-0027973,25,0.014495566813152116,A.Dalton
2022,2022_05_SEA_NO,NO,00-0033357,1,2.6551444854121655,T.Hill
2022,2022_05_SEA_NO,SEA,00-0030565,29,7.879468324569198,G.Smith
2022,2022_05_SF_CAR,CAR,00-0033275,8,-1.0447977796429768,P.Walker
2022,2022_05_SF_CAR,CAR,00-0034855,40,-10.82744055864383,B.Mayfield
2022,2022_05_SF_CAR,SF,00-0031345,32,18.338088222325844,J.Garoppolo
2022,2022_05_TEN_WAS,TEN,00-0029701,30,-0.5835138324473519,R.Tannehill
2022,2022_05_TEN_WAS,WAS,00-0032950,41,0.6536756718123797,C.Wentz
2022,2022_06_ARI_SEA,ARI,00-0035228,43,-11.67277624398421,K.Murray
2022,2022_06_ARI_SEA,SEA,00-0030565,36,-6.304714037811303,G.Smith
2022,2022_06_BAL_NYG,BAL,00-0034796,34,-1.5918914329522034,L.Jackson
2022,2022_06_BAL_NYG,NYG,00-0035710,31,10.190285123558876,D.Jones
2022,2022_06_BUF_KC,BUF,00-0034857,41,11.16020657922873,J.Allen
2022,2022_06_BUF_KC,KC,00-0033873,43,4.380725265152572,P.Mahomes
2022,2022_06_CAR_LA,CAR,00-0033275,18,-10.686251363847493,P.Walker
2022,2022_06_CAR_LA,CAR,00-0036226,5,-2.261281799641438,J.Eason
2022,2022_06_CAR_LA,LA,00-0026498,34,3.050174951131148,M.Stafford
2022,2022_06_CIN_NO,CIN,00-0036442,41,9.791535757581352,J.Burrow
2022,2022_06_CIN_NO,NO,00-0027973,33,3.3422487050444802,A.Dalton
2022,2022_06_CIN_NO,NO,00-0033357,4,0.36707627365831286,T.Hill
2022,2022_06_DAL_PHI,DAL,00-0033662,38,-8.38204789838014,C.Rush
2022,2022_06_DAL_PHI,PHI,00-0036389,29,3.2378780841827393,J.Hurts
2022,2022_06_DEN_LAC,DEN,00-0029263,32,-6.826642543824236,R.Wilson
2022,2022_06_DEN_LAC,LAC,00-0036355,59,-15.727187131576509,J.Herbert
2022,2022_06_JAX_IND,IND,00-0026143,59,16.710375011160323,M.Ryan
2022,2022_06_JAX_IND,JAX,00-0036971,27,0.6260113908066415,T.Lawrence
2022,2022_06_MIN_MIA,MIA,00-0031237,40,2.8747109753266775,T.Bridgewater
2022,2022_06_MIN_MIA,MIA,00-0037327,14,-2.399653609492816,S.Thompson
2022,2022_06_MIN_MIA,MIN,00-0029604,34,-4.474486189924965,K.Cousins
2022,2022_06_NE_CLE,CLE,00-0033119,50,-11.611608906550218,J.Brissett
2022,2022_06_NE_CLE,NE,00-0038108,36,8.408839391245918,B.Zappe
2022,2022_06_NYJ_GB,GB,00-0023459,45,-13.293249441275686,A.Rodgers
2022,2022_06_NYJ_GB,GB,00-0036264,4,-3.0663895857869647,J.Love
2022,2022_06_NYJ_GB,NYJ,00-0037013,20,-3.818349740925833,Z.Wilson
2022,2022_06_SF_ATL,ATL,00-0032268,16,5.209142462699674,M.Mariota
2022,2022_06_SF_ATL,SF,00-0031345,41,3.5641740828286856,J.Garoppolo
2022,2022_06_TB_PIT,PIT,00-0033869,13,10.28481799835572,M.Trubisky
2022,2022_06_TB_PIT,PIT,00-0038102,19,-2.7079403958856,K.Pickett
2022,2022_06_TB_PIT,TB,00-0019596,42,7.86594522687327,T.Brady
2022,2022_06_WAS_CHI,CHI,00-0036945,32,-14.378979887493188,J.Fields
2022,2022_06_WAS_CHI,WAS,00-0032950,26,-8.918802357812334,C.Wentz
2022,2022_07_ATL_CIN,ATL,00-0032268,16,1.1048315801890567,M.Mariota
2022,2022_07_ATL_CIN,CIN,00-0036442,45,27.025639946310548,J.Burrow
2022,2022_07_CHI_NE,CHI,00-0036945,25,2.3912916775378066,J.Fields
2022,2022_07_CHI_NE,NE,00-0036972,6,-5.6225570677779615,M.Jones
2022,2022_07_CHI_NE,NE,00-0038108,23,-2.5211492006201297,B.Zappe
2022,2022_07_CLE_BAL,BAL,00-0034796,19,-4.271262691552633,L.Jackson
2022,2022_07_CLE_BAL,CLE,00-0033119,32,0.48328262874270544,J.Brissett
2022,2022_07_DET_DAL,DAL,00-0033077,27,9.683365625620354,D.Prescott
2022,2022_07_DET_DAL,DET,00-0033106,31,-6.637232366239109,J.Goff
2022,2022_07_GB_WAS,GB,00-0023459,34,-2.8316968664876185,A.Rodgers
2022,2022_07_GB_WAS,WAS,00-0031800,34,-1.0927044397094976,T.Heinicke
2022,2022_07_HOU_LV,HOU,00-0036898,42,3.0725101789447713,D.Mills
2022,2022_07_HOU_LV,LV,00-0031280,28,12.190014437572689,D.Carr
2022,2022_07_IND_TEN,IND,00-0026143,47,-9.110602961620316,M.Ryan
2022,2022_07_IND_TEN,TEN,00-0029701,22,3.5131787377355974,R.Tannehill
2022,2022_07_KC_SF,KC,00-0026197,2,-1.8915138673619367,C.Henne
2022,2022_07_KC_SF,KC,00-0033873,35,29.82754325820133,P.Mahomes
2022,2022_07_KC_SF,SF,00-0031345,42,2.4119111946497878,J.Garoppolo
2022,2022_07_KC_SF,SF,00-0037834,9,0.11195082578342408,B.Purdy
2022,2022_07_NO_ARI,ARI,00-0035228,32,2.8524733772355115,K.Murray
2022,2022_07_NO_ARI,NO,00-0027973,47,-1.345637240608382,A.Dalton
2022,2022_07_NO_ARI,NO,00-0033357,2,4.110409893502947,T.Hill
2022,2022_07_NYG_JAX,JAX,00-0034775,1,-0.32680640323087573,C.Kirk
2022,2022_07_NYG_JAX,JAX,00-0036971,43,11.34437677102678,T.Lawrence
2022,2022_07_NYG_JAX,NYG,00-0035710,31,1.8463292073691835,D.Jones
2022,2022_07_NYJ_DEN,DEN,00-0034955,47,-12.780681907441332,B.Rypien
2022,2022_07_NYJ_DEN,NYJ,00-0037013,29,-10.712210080237128,Z.Wilson
2022,2022_07_PIT_MIA,MIA,00-0036212,35,5.571931643634635,T.Tagovailoa
2022,2022_07_PIT_MIA,PIT,00-0038102,45,-5.5731391180760115,K.Pickett
2022,2022_07_SEA_LAC,LAC,00-0036355,54,-10.389351228484884,J.Herbert
2022,2022_07_SEA_LAC,SEA,00-0030565,29,4.566370590668196,G.Smith
2022,2022_07_TB_CAR,CAR,00-0033275,23,5.268874500063248,P.Walker
2022,2022_07_TB_CAR,TB,00-0019596,50,-2.3755323273782354,T.Brady
2022,2022_08_ARI_MIN,ARI,00-0035228,48,-2.02235128940736,K.Murray
2022,2022_08_ARI_MIN,MIN,00-0029604,39,-3.1910115404883026,K.Cousins
2022,2022_08_BAL_TB,BAL,00-0034796,40,0.9623756870920865,L.Jackson
2022,2022_08_BAL_TB,TB,00-0019596,46,5.438973203512868,T.Brady
2022,2022_08_CAR_ATL,ATL,00-0032268,30,6.23405898248328,M.Mariota
2022,2022_08_CAR_ATL,CAR,00-0033275,37,1.3538939361486806,P.Walker
2022,2022_08_CHI_DAL,CHI,00-0032156,1,-0.10554143716581166,T.Siemian
2022,2022_08_CHI_DAL,CHI,00-0036945,29,-4.869573659686695,J.Fields
2022,2022_08_CHI_DAL,DAL,00-0033077,28,14.725687290658243,D.Prescott
2022,2022_08_CIN_CLE,CIN,00-0036442,40,-9.247885615689658,J.Burrow
2022,2022_08_CIN_CLE,CLE,00-0031544,1,-4.980502444552258,A.Cooper
2022,2022_08_CIN_CLE,CLE,00-0033119,23,13.974537157523601,J.Brissett
2022,2022_08_DEN_JAX,DEN,00-0029263,32,2.766036044427892,R.Wilson
2022,2022_08_DEN_JAX,JAX,00-0036971,33,-13.948518224156167,T.Lawrence
2022,2022_08_GB_BUF,BUF,00-0034857,27,0.6106176391767146,J.Allen
2022,2022_08_GB_BUF,GB,00-0023459,32,-1.400027510478839,A.Rodgers
2022,2022_08_LV_NO,LV,00-0031280,29,-11.870314587722532,D.Carr
2022,2022_08_LV_NO,LV,00-0035264,14,-1.8916243902640417,J.Stidham
2022,2022_08_LV_NO,NO,00-0027973,30,9.861515589303902,A.Dalton
2022,2022_08_LV_NO,NO,00-0033357,1,-0.42441357113420963,T.Hill
2022,2022_08_MIA_DET,DET,00-0033106,38,8.690999072693476,J.Goff
2022,2022_08_MIA_DET,MIA,00-0036212,38,25.073342884264672,T.Tagovailoa
2022,2022_08_NE_NYJ,NE,00-0036972,41,-7.0442376870410754,M.Jones
2022,2022_08_NE_NYJ,NYJ,00-0037013,43,-2.3100673717470475,Z.Wilson
2022,2022_08_NYG_SEA,NYG,00-0035710,36,0.10138624011042818,D.Jones
2022,2022_08_NYG_SEA,SEA,00-0030565,37,2.9801431340852598,G.Smith
2022,2022_08_PIT_PHI,PHI,00-0035289,2,1.2339688256615773,G.Minshew
2022,2022_08_PIT_PHI,PHI,00-0036389,31,15.622574958775658,J.Hurts
2022,2022_08_PIT_PHI,PIT,00-0036326,1,2.553211367689073,C.Claypool
2022,2022_08_PIT_PHI,PIT,00-0036893,1,-0.06479255756130442,N.Harris
2022,2022_08_PIT_PHI,PIT,00-0038102,44,-15.697459353589466,K.Pickett
2022,2022_08_SF_LA,LA,00-0026498,35,0.43298314040293917,M.Stafford
2022,2022_08_SF_LA,SF,00-0031345,28,14.54981271661357,J.Garoppolo
2022,2022_08_SF_LA,SF,00-0033280,1,3.771136244176887,C.McCaffrey
2022,2022_08_TEN_HOU,HOU,00-0030288,1,-0.45197261590510607,R.Burkhead
2022,2022_08_TEN_HOU,HOU,00-0036898,32,-12.087617666002973,D.Mills
2022,2022_08_TEN_HOU,TEN,00-0038128,13,-10.618273179386037,M.Willis
2022,2022_08_WAS_IND,IND,00-0036879,25,1.2021074019139633,S.Ehlinger
2022,2022_08_WAS_IND,WAS,00-0031800,33,1.6814208044251928,T.Heinicke
2022,2022_09_BAL_NO,BAL,00-0034796,25,4.459183780374766,L.Jackson
2022,2022_09_BAL_NO,NO,00-0027973,33,-4.556197341230799,A.Dalton
2022,2022_09_BAL_NO,NO,00-0033357,1,0.7960708744358271,T.Hill
2022,2022_09_BUF_NYJ,BUF,00-0034857,39,-12.699218766066833,J.Allen
2022,2022_09_BUF_NYJ,NYJ,00-0037013,27,-1.7840263415278539,Z.Wilson
2022,2022_09_CAR_CIN,CAR,00-0033275,10,-13.386811727890745,P.Walker
2022,2022_09_CAR_CIN,CAR,00-0034855,20,11.83189404089353,B.Mayfield
2022,2022_09_CAR_CIN,CIN,00-0032434,4,-0.6882539251500881,B.Allen
2022,2022_09_CAR_CIN,CIN,00-0036442,29,10.73769141008961,J.Burrow
2022,2022_09_GB_DET,DET,00-0033106,26,-1.4637722153565846,J.Goff
2022,2022_09_GB_DET,GB,00-0023459,45,-13.542640392884577,A.Rodgers
2022,2022_09_IND_NE,IND,00-0036879,38,-29.42915181162472,S.Ehlinger
2022,2022_09_IND_NE,NE,00-0036972,34,-8.348341388273239,M.Jones
2022,2022_09_LAC_ATL,ATL,00-0032268,25,-0.4422090611341434,M.Mariota
2022,2022_09_LAC_ATL,LAC,00-0036355,43,4.978715714501487,J.Herbert
2022,2022_09_LA_TB,LA,00-0026498,31,-4.682238655547344,M.Stafford
2022,2022_09_LA_TB,TB,00-0019596,58,-4.642511470688663,T.Brady
2022,2022_09_LV_JAX,JAX,00-0036971,30,13.432772920757998,T.Lawrence
2022,2022_09_LV_JAX,LV,00-0031280,38,7.940071661809695,D.Carr
2022,2022_09_MIA_CHI,CHI,00-0036945,31,0.4234419765854254,J.Fields
2022,2022_09_MIA_CHI,MIA,00-0036212,30,18.976436718991838,T.Tagovailoa
2022,2022_09_MIN_WAS,MIN,00-0029604,42,0.8858901001233872,K.Cousins
2022,2022_09_MIN_WAS,MIN,00-0033319,1,-1.0125369522138499,N.Mullens
2022,2022_09_MIN_WAS,WAS,00-0031800,31,-11.00584169243908,T.Heinicke
2022,2022_09_PHI_HOU,HOU,00-0036898,25,-7.146010215591003,D.Mills
2022,2022_09_PHI_HOU,PHI,00-0036389,31,7.071212473500054,J.Hurts
2022,2022_09_SEA_ARI,ARI,00-0035228,40,-7.645203070744174,K.Murray
2022,2022_09_SEA_ARI,SEA,00-0030565,36,-1.2604089854546459,G.Smith
2022,2022_09_TEN_KC,KC,00-0033873,72,1.6704268365383999,P.Mahomes
2022,2022_09_TEN_KC,TEN,00-0038128,19,-5.561051800206769,M.Willis
2022,2022_10_ARI_LA,ARI,00-0027688,39,2.801847212307621,C.McCoy
2022,2022_10_ARI_LA,LA,00-0034899,39,-11.777885161398444,J.Wolford
2022,2022_10_ARI_LA,LA,00-0035939,1,-1.119884199462831,B.Perkins
2022,2022_10_ATL_CAR,ATL,00-0032268,34,-7.725107841921272,M.Mariota
2022,2022_10_ATL_CAR,CAR,00-0033275,17,-1.4368196007872056,P.Walker
2022,2022_10_CLE_MIA,CLE,00-0033119,38,-5.999627243109737,J.Brissett
2022,2022_10_CLE_MIA,MIA,00-0034418,1,-1.2526237178826705,C.Wilson
2022,2022_10_CLE_MIA,MIA,00-0036212,32,17.952127413349316,T.Tagovailoa
2022,2022_10_CLE_MIA,MIA,00-0037327,1,0.916236138145905,S.Thompson
2022,2022_10_DAL_GB,DAL,00-0033077,48,-6.6972863994014915,D.Prescott
2022,2022_10_DAL_GB,GB,00-0023459,22,6.877323577707897,A.Rodgers
2022,2022_10_DEN_TEN,DEN,00-0029263,48,-6.271893201511955,R.Wilson
2022,2022_10_DEN_TEN,TEN,00-0029701,37,4.7924797096088145,R.Tannehill
2022,2022_10_DET_CHI,CHI,00-0036945,23,-3.748562037886586,J.Fields
2022,2022_10_DET_CHI,DET,00-0033106,28,17.6367028652515,J.Goff
2022,2022_10_HOU_NYG,HOU,00-0036898,41,5.210638428934834,D.Mills
2022,2022_10_HOU_NYG,NYG,00-0035710,20,11.87755569035653,D.Jones
2022,2022_10_IND_LV,IND,00-0026143,31,7.4465339963832635,M.Ryan
2022,2022_10_IND_LV,LV,00-0031280,41,1.9861640654127113,D.Carr
2022,2022_10_JAX_KC,JAX,00-0036971,45,7.033499813008435,T.Lawrence
2022,2022_10_JAX_KC,KC,00-0033873,35,20.044891346769873,P.Mahomes
2022,2022_10_LAC_SF,LAC,00-0026544,3,-1.2977716058135824,C.Daniel
2022,2022_10_LAC_SF,LAC,00-0036355,37,-6.680531209069102,J.Herbert
2022,2022_10_LAC_SF,SF,00-0031345,29,10.099975378465793,J.Garoppolo
2022,2022_10_MIN_BUF,BUF,00-0034857,45,2.7620260872521936,J.Allen
2022,2022_10_MIN_BUF,MIN,00-0029604,54,4.856802254293262,K.Cousins
2022,2022_10_NO_PIT,NO,00-0027973,29,-1.4114023546571843,A.Dalton
2022,2022_10_NO_PIT,NO,00-0033357,1,-0.7525700656697154,T.Hill
2022,2022_10_NO_PIT,PIT,00-0038102,36,-2.62797336663591,K.Pickett
2022,2022_10_SEA_TB,SEA,00-0030565,37,3.934149179975278,G.Smith
2022,2022_10_SEA_TB,TB,00-0019596,29,15.308452322617589,T.Brady
2022,2022_10_SEA_TB,TB,00-0033856,1,-4.726016435190104,L.Fournette
2022,2022_10_WAS_PHI,PHI,00-0036389,27,6.5370028813922545,J.Hurts
2022,2022_10_WAS_PHI,WAS,00-0031800,30,2.815080375747285,T.Heinicke
2022,2022_11_CAR_BAL,BAL,00-0034796,36,-5.457155479077839,L.Jackson
2022,2022_11_CAR_BAL,CAR,00-0034855,37,-14.267775053915102,B.Mayfield
2022,2022_11_CHI_ATL,ATL,00-0032268,18,1.4760443443812343,M.Mariota
2022,2022_11_CHI_ATL,CHI,00-0036945,25,1.4723194516478446,J.Fields
2022,2022_11_CIN_PIT,CIN,00-0036442,41,12.716262676926382,J.Burrow
2022,2022_11_CIN_PIT,PIT,00-0038102,44,-2.2171212978394985,K.Pickett
2022,2022_11_CLE_BUF,BUF,00-0034857,29,6.955731245622292,J.Allen
2022,2022_11_CLE_BUF,CLE,00-0033119,42,17.766223915885625,J.Brissett
2022,2022_11_DAL_MIN,DAL,00-0033077,25,18.399162087186596,D.Prescott
2022,2022_11_DAL_MIN,DAL,00-0033662,5,1.258351276628673,C.Rush
2022,2022_11_DAL_MIN,MIN,00-0029604,30,-18.254179260157446,K.Cousins
2022,2022_11_DAL_MIN,MIN,00-0033319,7,2.154336723848246,N.Mullens
2022,2022_11_DET_NYG,DET,00-0033106,26,2.7965532299512796,J.Goff
2022,2022_11_DET_NYG,NYG,00-0035710,47,2.524146832423983,D.Jones
2022,2022_11_KC_LAC,KC,00-0033873,35,17.985292608247814,P.Mahomes
2022,2022_11_KC_LAC,LAC,00-0036355,35,6.737907420447568,J.Herbert
2022,2022_11_LA_NO,LA,00-0026498,19,4.531033617822686,M.Stafford
2022,2022_11_LA_NO,LA,00-0035939,12,-4.514853811515687,B.Perkins
2022,2022_11_LA_NO,NO,00-0027973,28,10.676713502541368,A.Dalton
2022,2022_11_LA_NO,NO,00-0033357,4,-1.6168676738643164,T.Hill
2022,2022_11_LV_DEN,DEN,00-0029263,34,1.4625600621850832,R.Wilson
2022,2022_11_LV_DEN,LV,00-0031280,38,7.107108139808969,D.Carr
2022,2022_11_NYJ_NE,NE,00-0036972,33,-1.287339450327257,M.Jones
2022,2022_11_NYJ_NE,NYJ,00-0037013,26,-12.396901883883402,Z.Wilson
2022,2022_11_PHI_IND,IND,00-0026143,36,-3.337152352619078,M.Ryan
2022,2022_11_PHI_IND,PHI,00-0036389,28,-5.438372384203831,J.Hurts
2022,2022_11_SF_ARI,ARI,00-0027688,37,-4.420685316136879,C.McCoy
2022,2022_11_SF_ARI,ARI,00-0035146,10,-2.319488760898821,T.McSorley
2022,2022_11_SF_ARI,SF,00-0031345,29,16.238574595444895,J.Garoppolo
2022,2022_11_TEN_GB,GB,00-0023459,41,2.710083668859718,A.Rodgers
2022,2022_11_TEN_GB,TEN,00-0029701,30,16.866169782995712,R.Tannehill
2022,2022_11_TEN_GB,TEN,00-0032764,2,0.46645660075591877,D.Henry
2022,2022_11_WAS_HOU,HOU,00-0036898,38,-18.63728263321312,D.Mills
2022,2022_11_WAS_HOU,WAS,00-0031800,27,1.1429916925475285,T.Heinicke
2022,2022_12_ATL_WAS,ATL,00-0032268,26,-4.720274761264227,M.Mariota
2022,2022_12_ATL_WAS,WAS,00-0031800,23,2.3663911386651924,T.Heinicke
2022,2022_12_BAL_JAX,BAL,00-0034796,34,8.049962099316577,L.Jackson
2022,2022_12_BAL_JAX,JAX,00-0036971,42,14.854537296227448,T.Lawrence
2022,2022_12_BUF_DET,BUF,00-0034857,45,-0.7383982576910615,J.Allen
2022,2022_12_BUF_DET,DET,00-0033106,39,5.661230087837421,J.Goff
2022,2022_12_CHI_NYJ,CHI,00-0032156,27,-7.048849895317627,T.Siemian
2022,2022_12_CHI_NYJ,NYJ,00-0034401,29,17.472247347781625,M.White
2022,2022_12_CHI_NYJ,NYJ,00-0036313,1,-2.9179823807789944,B.Mann
2022,2022_12_CIN_TEN,CIN,00-0036442,38,5.719894102371747,J.Burrow
2022,2022_12_CIN_TEN,TEN,00-0029701,35,6.658359868077946,R.Tannehill
2022,2022_12_DEN_CAR,CAR,00-0034869,19,5.222650467945947,S.Darnold
2022,2022_12_DEN_CAR,DEN,00-0029263,38,-14.191399136862458,R.Wilson
2022,2022_12_GB_PHI,GB,00-0023459,19,0.24754998786374927,A.Rodgers
2022,2022_12_GB_PHI,GB,00-0036264,9,7.2954735470837715,J.Love
2022,2022_12_GB_PHI,PHI,00-0036389,30,1.6585759276167145,J.Hurts
2022,2022_12_HOU_MIA,HOU,00-0034577,45,-16.719812435890994,K.Allen
2022,2022_12_HOU_MIA,MIA,00-0036212,39,7.89533004684172,T.Tagovailoa
2022,2022_12_HOU_MIA,MIA,00-0037327,6,-3.248354840092361,S.Thompson
2022,2022_12_LAC_ARI,ARI,00-0035228,30,7.676268559221989,K.Murray
2022,2022_12_LAC_ARI,LAC,00-0036355,52,3.1620497274572066,J.Herbert
2022,2022_12_LA_KC,KC,00-0033873,42,7.435447872671729,P.Mahomes
2022,2022_12_LA_KC,LA,00-0032943,1,2.770695556886494,R.Dixon
2022,2022_12_LA_KC,LA,00-0035939,26,-13.100037457188591,B.Perkins
2022,2022_12_LV_SEA,LV,00-0031280,37,13.628719066444319,D.Carr
2022,2022_12_LV_SEA,SEA,00-0030565,40,8.042676463470828,G.Smith
2022,2022_12_NE_MIN,MIN,00-0029604,38,11.62973163149592,K.Cousins
2022,2022_12_NE_MIN,MIN,00-0036322,1,0.641668995609507,J.Jefferson
2022,2022_12_NE_MIN,NE,00-0036972,41,6.055180872248524,M.Jones
2022,2022_12_NO_SF,NO,00-0027973,30,0.330720268713776,A.Dalton
2022,2022_12_NO_SF,NO,00-0033357,1,-0.5499812194611877,T.Hill
2022,2022_12_NO_SF,SF,00-0031345,38,1.2983711801601878,J.Garoppolo
2022,2022_12_NYG_DAL,DAL,00-0033077,30,11.651603471429553,D.Prescott
2022,2022_12_NYG_DAL,NYG,00-0035710,35,-4.316212480221531,D.Jones
2022,2022_12_PIT_IND,IND,00-0026143,37,-5.069278820529432,M.Ryan
2022,2022_12_PIT_IND,PIT,00-0038102,32,-0.005764271993042858,K.Pickett
2022,2022_12_TB_CLE,CLE,00-0033119,41,-5.779003368502817,J.Brissett
2022,2022_12_TB_CLE,TB,00-0019596,46,-1.7076084542957708,T.Brady
2022,2022_13_BUF_NE,BUF,00-0034857,35,11.751593803815462,J.Allen
2022,2022_13_BUF_NE,NE,00-0036972,37,0.7693533130264085,M.Jones
2022,2022_13_CLE_HOU,CLE,00-0033537,23,-4.5595246769290085,D.Watson
2022,2022_13_CLE_HOU,HOU,00-0034577,40,-19.178753267763113,K.Allen
2022,2022_13_DEN_BAL,BAL,00-0034796,6,-5.949390819296241,L.Jackson
2022,2022_13_DEN_BAL,BAL,00-0035993,33,-0.6543897701776586,T.Huntley
2022,2022_13_DEN_BAL,BAL,00-0036133,1,-4.042891675024293,J.Proche
2022,2022_13_DEN_BAL,DEN,00-0029263,24,0.7976540760950273,R.Wilson
2022,2022_13_GB_CHI,CHI,00-0036945,25,4.41604439776219,J.Fields
2022,2022_13_GB_CHI,GB,00-0023459,32,4.585964806516531,A.Rodgers
2022,2022_13_IND_DAL,DAL,00-0033077,31,3.403147913515568,D.Prescott
2022,2022_13_IND_DAL,DAL,00-0036358,1,-0.947,C.Lamb
2022,2022_13_IND_DAL,IND,00-0026143,41,-9.065597803175208,M.Ryan
2022,2022_13_JAX_DET,DET,00-0033106,43,21.616481448157973,J.Goff
2022,2022_13_JAX_DET,JAX,00-0033936,3,-4.1846463868860155,C.Beathard
2022,2022_13_JAX_DET,JAX,00-0036971,34,-1.2405012452337734,T.Lawrence
2022,2022_13_KC_CIN,CIN,00-0036442,32,19.75341487690151,J.Burrow
2022,2022_13_KC_CIN,KC,00-0033873,29,7.471841968808931,P.Mahomes
2022,2022_13_LAC_LV,LAC,00-0036355,52,-0.5363082862241102,J.Herbert
2022,2022_13_LAC_LV,LV,00-0031280,30,-2.441481476572157,D.Carr
2022,2022_13_MIA_SF,MIA,00-0036212,36,-11.288042567537595,T.Tagovailoa
2022,2022_13_MIA_SF,MIA,00-0037327,1,-3.02408297767397,S.Thompson
2022,2022_13_MIA_SF,SF,00-0031345,5,1.7997388601280084,J.Garoppolo
2022,2022_13_MIA_SF,SF,00-0037834,40,0.6362147501786595,B.Purdy
2022,2022_13_NO_TB,NO,00-0027973,30,3.655223593675664,A.Dalton
2022,2022_13_NO_TB,NO,00-0033357,1,1.510944586363621,T.Hill
2022,2022_13_NO_TB,TB,00-0019596,55,0.4349068538671368,T.Brady
2022,2022_13_NYJ_MIN,MIN,00-0029604,37,-1.8873007200786627,K.Cousins
2022,2022_13_NYJ_MIN,NYJ,00-0034401,58,-8.055998701825121,M.White
2022,2022_13_NYJ_MIN,NYJ,00-0037740,1,-0.4925385075621307,G.Wilson
2022,2022_13_PIT_ATL,ATL,00-0032268,25,-4.990370061447824,M.Mariota
2022,2022_13_PIT_ATL,PIT,00-0038102,28,9.126905519393045,K.Pickett
2022,2022_13_SEA_LA,LA,00-0034899,30,-7.970853903496192,J.Wolford
2022,2022_13_SEA_LA,SEA,00-0030565,43,10.561477771548457,G.Smith
2022,2022_13_TEN_PHI,PHI,00-0035289,2,0.7413408674765378,G.Minshew
2022,2022_13_TEN_PHI,PHI,00-0036389,41,18.354393674177118,J.Hurts
2022,2022_13_TEN_PHI,TEN,00-0029701,28,-8.721925312016804,R.Tannehill
2022,2022_13_TEN_PHI,TEN,00-0038128,4,-3.0927752410643734,M.Willis
2022,2022_13_WAS_NYG,NYG,00-0035710,33,-2.2722748178905734,D.Jones
2022,2022_13_WAS_NYG,WAS,00-0031800,46,-0.3066593823402384,T.Heinicke
2022,2022_14_BAL_PIT,BAL,00-0035993,13,1.748329947343124,T.Huntley
2022,2022_14_BAL_PIT,BAL,00-0037175,6,-1.5073696270119399,A.Brown
2022,2022_14_BAL_PIT,PIT,00-0033869,31,6.581241613318904,M.Trubisky
2022,2022_14_BAL_PIT,PIT,00-0038102,2,-3.8918910324573517,K.Pickett
2022,2022_14_CAR_SEA,CAR,00-0034869,26,-2.6763127498812875,S.Darnold
2022,2022_14_CAR_SEA,SEA,00-0030565,39,-0.4600201040535854,G.Smith
2022,2022_14_CLE_CIN,CIN,00-0036442,34,-1.4903680627136766,J.Burrow
2022,2022_14_CLE_CIN,CIN,00-0036900,1,-1.6040139043470845,J.Chase
2022,2022_14_CLE_CIN,CLE,00-0033119,1,-3.9296806396450847,J.Brissett
2022,2022_14_CLE_CIN,CLE,00-0033537,43,-5.121563298092026,D.Watson
2022,2022_14_HOU_DAL,DAL,00-0033077,40,-3.6638220046243344,D.Prescott
2022,2022_14_HOU_DAL,HOU,00-0032436,6,0.9998135500354692,J.Driskel
2022,2022_14_HOU_DAL,HOU,00-0036898,20,6.354467068876261,D.Mills
2022,2022_14_JAX_TEN,JAX,00-0036971,43,18.161677946288908,T.Lawrence
2022,2022_14_JAX_TEN,TEN,00-0029701,43,-3.607973546677269,R.Tannehill
2022,2022_14_KC_DEN,DEN,00-0029263,42,-6.956255284923827,R.Wilson
2022,2022_14_KC_DEN,DEN,00-0034955,8,-1.8287857586983591,B.Rypien
2022,2022_14_KC_DEN,KC,00-0033873,44,5.76684766136743,P.Mahomes
2022,2022_14_LV_LA,LA,00-0034855,38,1.9737717845984544,B.Mayfield
2022,2022_14_LV_LA,LV,00-0031280,20,-0.8324481412117497,D.Carr
2022,2022_14_MIA_LAC,LAC,00-0036355,55,1.688132879035546,J.Herbert
2022,2022_14_MIA_LAC,MIA,00-0036212,30,-7.932172876530478,T.Tagovailoa
2022,2022_14_MIN_DET,DET,00-0033106,39,14.289341199430003,J.Goff
2022,2022_14_MIN_DET,MIN,00-0029604,45,21.626524024930177,K.Cousins
2022,2022_14_MIN_DET,MIN,00-0033893,1,-6.88789240695769,D.Cook
2022,2022_14_NE_ARI,ARI,00-0027688,46,-20.4190243922107,C.McCoy
2022,2022_14_NE_ARI,ARI,00-0035228,1,0.7957694656215608,K.Murray
2022,2022_14_NE_ARI,NE,00-0036972,36,-2.235050299632278,M.Jones
2022,2022_14_NYJ_BUF,BUF,00-0034857,30,-4.783358443388808,J.Allen
2022,2022_14_NYJ_BUF,NYJ,00-0026158,4,-7.217953758081421,J.Flacco
2022,2022_14_NYJ_BUF,NYJ,00-0034401,47,1.8589150796179932,M.White
2022,2022_14_PHI_NYG,NYG,00-0028118,9,-2.6068859179066495,T.Taylor
2022,2022_14_PHI_NYG,NYG,00-0035710,31,-5.072683184378548,D.Jones
2022,2022_14_PHI_NYG,PHI,00-0036389,35,5.486521247861817,J.Hurts
2022,2022_14_TB_SF,SF,00-0026300,2,-0.8358491185936145,J.Johnson
2022,2022_14_TB_SF,SF,00-0037834,21,8.555145700112917,B.Purdy
2022,2022_14_TB_SF,TB,00-0019596,55,-9.466741297135824,T.Brady
2022,2022_15_ARI_DEN,ARI,00-0027688,23,-8.04611840756835,C.McCoy
2022,2022_15_ARI_DEN,ARI,00-0035146,17,-9.455500419440678,T.McSorley
2022,2022_15_ARI_DEN,DEN,00-0034955,33,-6.004046415129839,B.Rypien
2022,2022_15_ATL_NO,ATL,00-0038122,30,-5.82105707274337,D.Ridder
2022,2022_15_ATL_NO,NO,00-0027973,19,5.619783213594928,A.Dalton
2022,2022_15_ATL_NO,NO,00-0033357,2,6.253231343929656,T.Hill
2022,2022_15_BAL_CLE,BAL,00-0035993,33,-11.694025177379993,T.Huntley
2022,2022_15_BAL_CLE,CLE,00-0033537,31,-2.843721945117225,D.Watson
2022,2022_15_CIN_TB,CIN,00-0036442,42,2.345667540600442,J.Burrow
2022,2022_15_CIN_TB,TB,00-0019596,46,4.521057753304643,T.Brady
2022,2022_15_DAL_JAX,DAL,00-0033077,33,4.023404397099457,D.Prescott
2022,2022_15_DAL_JAX,JAX,00-0036971,43,10.66793152621504,T.Lawrence
2022,2022_15_DET_NYJ,DET,00-0033106,38,11.718987848478,J.Goff
2022,2022_15_DET_NYJ,NYJ,00-0037013,39,0.7246198185209318,Z.Wilson
2022,2022_15_IND_MIN,IND,00-0026143,36,-2.1718903973348875,M.Ryan
2022,2022_15_IND_MIN,MIN,00-0029604,62,6.150092465852812,K.Cousins
2022,2022_15_IND_MIN,MIN,00-0037500,1,-3.771600315463729,R.Wright
2022,2022_15_KC_HOU,HOU,00-0032208,1,-0.536111096618697,P.Dorsett
2022,2022_15_KC_HOU,HOU,00-0032436,5,-2.5618165407213382,J.Driskel
2022,2022_15_KC_HOU,HOU,00-0036898,24,2.485317940655303,D.Mills
2022,2022_15_KC_HOU,KC,00-0033873,44,16.482129391517578,P.Mahomes
2022,2022_15_LA_GB,GB,00-0023459,33,1.0240986059150234,A.Rodgers
2022,2022_15_LA_GB,LA,00-0034855,26,-3.441182934051215,B.Mayfield
2022,2022_15_MIA_BUF,BUF,00-0034857,42,12.617851031391183,J.Allen
2022,2022_15_MIA_BUF,MIA,00-0036212,33,-1.9655141481694358,T.Tagovailoa
2022,2022_15_NE_LV,LV,00-0031280,41,-3.9131523310789023,D.Carr
2022,2022_15_NE_LV,NE,00-0036972,32,-9.409503266652312,M.Jones
2022,2022_15_NYG_WAS,NYG,00-0035710,32,1.1476335760378849,D.Jones
2022,2022_15_NYG_WAS,WAS,00-0031800,32,-10.521733609637293,T.Heinicke
2022,2022_15_PHI_CHI,CHI,00-0033958,1,-0.8866650275886059,N.Peterman
2022,2022_15_PHI_CHI,CHI,00-0036945,27,-3.748781784262974,J.Fields
2022,2022_15_PHI_CHI,PHI,00-0036389,38,0.8122104168995872,J.Hurts
2022,2022_15_PIT_CAR,CAR,00-0034869,26,10.157919533047158,S.Darnold
2022,2022_15_PIT_CAR,PIT,00-0033869,23,10.363566592393909,M.Trubisky
2022,2022_15_SF_SEA,SEA,00-0030565,47,-8.172536762576556,G.Smith
2022,2022_15_SF_SEA,SF,00-0037834,27,6.703550412493966,B.Purdy
2022,2022_15_TEN_LAC,LAC,00-0036355,43,-7.437397897273771,J.Herbert
2022,2022_15_TEN_LAC,TEN,00-0029701,26,-6.37425201190786,R.Tannehill
2022,2022_15_TEN_LAC,TEN,00-0038128,4,-0.4028945954050869,M.Willis
2022,2022_16_ATL_BAL,ATL,00-0038122,35,3.93662481081363,D.Ridder
2022,2022_16_ATL_BAL,BAL,00-0035993,17,-0.6896064249228258,T.Huntley
2022,2022_16_BUF_CHI,BUF,00-0034857,28,2.6106683232064802,J.Allen
2022,2022_16_BUF_CHI,CHI,00-0033958,4,-0.461854790977668,N.Peterman
2022,2022_16_BUF_CHI,CHI,00-0036945,25,-8.480869527537047,J.Fields
2022,2022_16_CIN_NE,CIN,00-0036442,54,9.304122990735914,J.Burrow
2022,2022_16_CIN_NE,NE,00-0036972,37,1.5809908420343417,M.Jones
2022,2022_16_DEN_LA,DEN,00-0029263,33,-8.864589426179371,R.Wilson
2022,2022_16_DEN_LA,DEN,00-0034955,8,-8.615333982510492,B.Rypien
2022,2022_16_DEN_LA,LA,00-0034855,28,13.9381925169026,B.Mayfield
2022,2022_16_DET_CAR,CAR,00-0034869,22,14.305658381892986,S.Darnold
2022,2022_16_DET_CAR,DET,00-0033106,44,13.722886059203468,J.Goff
2022,2022_16_GB_MIA,GB,00-0023459,40,2.1155965718395335,A.Rodgers
2022,2022_16_GB_MIA,MIA,00-0036212,27,0.9524047966828881,T.Tagovailoa
2022,2022_16_HOU_TEN,HOU,00-0032436,4,2.99267583724577,J.Driskel
2022,2022_16_HOU_TEN,HOU,00-0036898,30,-3.3316748535032703,D.Mills
2022,2022_16_HOU_TEN,TEN,00-0038128,27,-17.22449917398626,M.Willis
2022,2022_16_JAX_NYJ,JAX,00-0036971,32,1.9853812013100858,T.Lawrence
2022,2022_16_JAX_NYJ,NYJ,00-0035752,15,1.7202607482904568,C.Streveler
2022,2022_16_JAX_NYJ,NYJ,00-0037013,21,-7.955209709747606,Z.Wilson
2022,2022_16_LAC_IND,IND,00-0029567,36,-24.711032529917382,N.Foles
2022,2022_16_LAC_IND,LAC,00-0036355,35,-2.954280743301414,J.Herbert
2022,2022_16_LV_PIT,LV,00-0031280,33,-5.253714924576414,D.Carr
2022,2022_16_LV_PIT,PIT,00-0038102,39,1.3714822049648308,K.Pickett
2022,2022_16_NO_CLE,CLE,00-0033537,33,-15.472528058248335,D.Watson
2022,2022_16_NO_CLE,NO,00-0027973,15,-5.012543362448923,A.Dalton
2022,2022_16_NYG_MIN,MIN,00-0029604,51,-1.1651165757229047,K.Cousins
2022,2022_16_NYG_MIN,NYG,00-0035710,46,3.4195562993278963,D.Jones
2022,2022_16_PHI_DAL,DAL,00-0033077,41,5.711441186149248,D.Prescott
2022,2022_16_PHI_DAL,PHI,00-0035289,39,17.154595761430492,G.Minshew
2022,2022_16_SEA_KC,KC,00-0033873,29,2.1857949762265614,P.Mahomes
2022,2022_16_SEA_KC,SEA,00-0030565,42,-18.171165483795903,G.Smith
2022,2022_16_TB_ARI,ARI,00-0022824,1,2.8644769557286054,A.Lee
2022,2022_16_TB_ARI,ARI,00-0035146,45,-14.953131759986173,T.McSorley
2022,2022_16_TB_ARI,TB,00-0019596,48,-1.8559757816318068,T.Brady
2022,2022_16_WAS_SF,SF,00-0037834,25,6.726549983999158,B.Purdy
2022,2022_16_WAS_SF,WAS,00-0031800,20,2.4114419579855166,T.Heinicke
2022,2022_16_WAS_SF,WAS,00-0032950,17,4.377109591194428,C.Wentz
2022,2022_17_ARI_ATL,ARI,00-0035040,42,1.7515852053621566,D.Blough
2022,2022_17_ARI_ATL,ATL,00-0038122,27,-0.18216361285717042,D.Ridder
2022,2022_17_CAR_TB,CAR,00-0034869,37,7.705421994411154,S.Darnold
2022,2022_17_CAR_TB,TB,00-0019596,50,17.43078252064816,T.Brady
2022,2022_17_CHI_DET,CHI,00-0036945,28,-26.995167147783807,J.Fields
2022,2022_17_CHI_DET,DET,00-0032792,1,-0.8987278068009172,N.Sudfeld
2022,2022_17_CHI_DET,DET,00-0033106,30,5.750412242149881,J.Goff
2022,2022_17_CLE_WAS,CLE,00-0033537,23,7.9150327226745025,D.Watson
2022,2022_17_CLE_WAS,WAS,00-0032950,31,-8.093270225496754,C.Wentz
2022,2022_17_DAL_TEN,DAL,00-0033077,42,10.499198308709023,D.Prescott
2022,2022_17_DAL_TEN,TEN,00-0033949,41,-8.409685233310476,J.Dobbs
2022,2022_17_DEN_KC,DEN,00-0029263,42,-12.50047039879408,R.Wilson
2022,2022_17_DEN_KC,KC,00-0033873,42,10.644172068728096,P.Mahomes
2022,2022_17_IND_NYG,IND,00-0029567,14,-9.460194405095649,N.Foles
2022,2022_17_IND_NYG,IND,00-0036879,15,0.6514081047407267,S.Ehlinger
2022,2022_17_IND_NYG,NYG,00-0035710,24,11.808453440568428,D.Jones
2022,2022_17_JAX_HOU,HOU,00-0032436,5,-3.8118267643731087,J.Driskel
2022,2022_17_JAX_HOU,HOU,00-0036898,41,-22.47215387970209,D.Mills
2022,2022_17_JAX_HOU,JAX,00-0033936,9,-7.416494338554785,C.Beathard
2022,2022_17_JAX_HOU,JAX,00-0036971,22,1.5274631844949909,T.Lawrence
2022,2022_17_LA_LAC,LA,00-0034855,22,-11.562610589861231,B.Mayfield
2022,2022_17_LA_LAC,LAC,00-0026544,3,1.3682270137942396,C.Daniel
2022,2022_17_LA_LAC,LAC,00-0036355,28,10.223021560577926,J.Herbert
2022,2022_17_MIA_NE,MIA,00-0031237,20,0.6816342251478975,T.Bridgewater
2022,2022_17_MIA_NE,MIA,00-0037327,22,-1.6010704787622672,S.Thompson
2022,2022_17_MIA_NE,NE,00-0036972,36,-3.1916010248089837,M.Jones
2022,2022_17_MIN_GB,GB,00-0023459,24,1.7072765151970088,A.Rodgers
2022,2022_17_MIN_GB,GB,00-0036264,3,-0.3886218328261748,J.Love
2022,2022_17_MIN_GB,MIN,00-0029604,33,-17.211035219343266,K.Cousins
2022,2022_17_MIN_GB,MIN,00-0033319,4,5.713234336813912,N.Mullens
2022,2022_17_NO_PHI,NO,00-0027973,28,-4.766653260149154,A.Dalton
2022,2022_17_NO_PHI,NO,00-0033357,3,0.2371366373845376,T.Hill
2022,2022_17_NO_PHI,PHI,00-0035289,38,-11.34749149967277,G.Minshew
2022,2022_17_NYJ_SEA,NYJ,00-0034401,50,-18.903030699438016,M.White
2022,2022_17_NYJ_SEA,SEA,00-0030565,33,-2.4602409581900186,G.Smith
2022,2022_17_PIT_BAL,BAL,00-0035993,21,4.684483727620354,T.Huntley
2022,2022_17_PIT_BAL,PIT,00-0038102,29,4.159131734225969,K.Pickett
2022,2022_17_SF_LV,LV,00-0035264,34,6.232591861122273,J.Stidham
2022,2022_17_SF_LV,SF,00-0037834,35,7.8457565903289925,B.Purdy
2022,2022_18_ARI_SF,ARI,00-0035040,21,-6.578614370839205,D.Blough
2022,2022_18_ARI_SF,ARI,00-0035146,9,-9.058370397950057,T.McSorley
2022,2022_18_ARI_SF,SF,00-0037834,24,5.973943722692779,B.Purdy
2022,2022_18_BAL_CIN,BAL,00-0037175,46,-14.768571108536236,A.Brown
2022,2022_18_BAL_CIN,CIN,00-0036442,44,-7.989059291033679,J.Burrow
2022,2022_18_CAR_NO,CAR,00-0034869,17,-12.895669672172517,S.Darnold
2022,2022_18_CAR_NO,NO,00-0027973,26,-4.9516878303989795,A.Dalton
2022,2022_18_CLE_PIT,CLE,00-0033537,35,-3.814974674372934,D.Watson
2022,2022_18_CLE_PIT,PIT,00-0038102,31,10.163560614810436,K.Pickett
2022,2022_18_DAL_WAS,DAL,00-0033077,38,-13.168290860834531,D.Prescott
2022,2022_18_DAL_WAS,DAL,00-0033662,1,-1.3351104226894677,C.Rush
2022,2022_18_DAL_WAS,WAS,00-0037077,22,-7.461784537902072,S.Howell
2022,2022_18_DET_GB,DET,00-0033106,35,7.491054698055307,J.Goff
2022,2022_18_DET_GB,GB,00-0023459,29,-1.2578777933587206,A.Rodgers
2022,2022_18_HOU_IND,HOU,00-0032436,2,0.3698128878022544,J.Driskel
2022,2022_18_HOU_IND,HOU,00-0036898,40,7.283044519586954,D.Mills
2022,2022_18_HOU_IND,IND,00-0036879,37,-13.008096263045445,S.Ehlinger
2022,2022_18_KC_LV,KC,00-0033873,28,1.010588614166465,P.Mahomes
2022,2022_18_KC_LV,LV,00-0035264,42,-9.47109156276678,J.Stidham
2022,2022_18_LAC_DEN,DEN,00-0029263,26,4.052698932404837,R.Wilson
2022,2022_18_LAC_DEN,LAC,00-0026544,8,2.3585854915292,C.Daniel
2022,2022_18_LAC_DEN,LAC,00-0036355,38,15.43183239398754,J.Herbert
2022,2022_18_LA_SEA,LA,00-0034855,31,-11.475796162948965,B.Mayfield
2022,2022_18_LA_SEA,SEA,00-0030565,33,-7.765327133594612,G.Smith
2022,2022_18_MIN_CHI,CHI,00-0033958,20,-3.6885259770206176,N.Peterman
2022,2022_18_MIN_CHI,CHI,00-0034177,9,-5.456478976833634,T.Boyle
2022,2022_18_MIN_CHI,MIN,00-0029604,20,16.61085238459663,K.Cousins
2022,2022_18_MIN_CHI,MIN,00-0033319,13,5.582461032364146,N.Mullens
2022,2022_18_NE_BUF,BUF,00-0034857,33,8.448574600508437,J.Allen
2022,2022_18_NE_BUF,NE,00-0036972,42,-1.715124619149603,M.Jones
2022,2022_18_NYG_PHI,NYG,00-0033550,41,-2.4633255358413764,D.Webb
2022,2022_18_NYG_PHI,NYG,00-0035042,1,-3.9164693378843367,J.Gillan
2022,2022_18_NYG_PHI,NYG,00-0036145,1,-0.8402121948311105,L.Cager
2022,2022_18_NYG_PHI,PHI,00-0036389,38,-4.572545558074841,J.Hurts
2022,2022_18_NYJ_MIA,MIA,00-0037327,32,-7.085155114804383,S.Thompson
2022,2022_18_NYJ_MIA,NYJ,00-0026158,33,0.06368995871728211,J.Flacco
2022,2022_18_TB_ATL,ATL,00-0038122,32,6.6037935349537715,D.Ridder
2022,2022_18_TB_ATL,TB,00-0019596,17,2.99913360318169,T.Brady
2022,2022_18_TB_ATL,TB,00-0027948,8,0.2152441979269497,B.Gabbert
2022,2022_18_TB_ATL,TB,00-0036928,9,-5.332559636328369,K.Trask
2022,2022_18_TEN_JAX,JAX,00-0036971,33,4.347590087726094,T.Lawrence
2022,2022_18_TEN_JAX,TEN,00-0033949,33,-0.5649513055226283,J.Dobbs
2022,2022_19_BAL_CIN,BAL,00-0035993,31,3.425004780988383,T.Huntley
2022,2022_19_BAL_CIN,CIN,00-0036442,37,5.792991386327596,J.Burrow
2022,2022_19_DAL_TB,DAL,00-0033077,34,23.88380591443274,D.Prescott
2022,2022_19_DAL_TB,TB,00-0019596,70,-3.578787126374431,T.Brady
2022,2022_19_LAC_JAX,JAX,00-0036971,49,-5.994776278617792,T.Lawrence
2022,2022_19_LAC_JAX,LAC,00-0036355,46,7.645669385090526,J.Herbert
2022,2022_19_MIA_BUF,BUF,00-0034857,46,-11.807607219514617,J.Allen
2022,2022_19_MIA_BUF,MIA,00-0037327,50,-9.625856898304903,S.Thompson
2022,2022_19_NYG_MIN,MIN,00-0029604,39,12.248063637001906,K.Cousins
2022,2022_19_NYG_MIN,MIN,00-0036322,1,-2.3801986994221807,J.Jefferson
2022,2022_19_NYG_MIN,NYG,00-0035710,38,13.61165669968953,D.Jones
2022,2022_19_SEA_SF,SEA,00-0030565,39,2.813331615631003,G.Smith
2022,2022_19_SEA_SF,SF,00-0037834,32,22.51470104532176,B.Purdy
2022,2022_20_CIN_BUF,BUF,00-0034857,43,-1.7571034816497098,J.Allen
2022,2022_20_CIN_BUF,CIN,00-0036442,36,11.998208448340334,J.Burrow
2022,2022_20_DAL_SF,DAL,00-0033077,38,-6.310623483164941,D.Prescott
2022,2022_20_DAL_SF,SF,00-0037834,31,3.6016753533626513,B.Purdy
2022,2022_20_JAX_KC,JAX,00-0036971,40,0.3156234340949824,T.Lawrence
2022,2022_20_JAX_KC,KC,00-0026197,7,2.7069520716322586,C.Henne
2022,2022_20_JAX_KC,KC,00-0033873,30,9.701416547034022,P.Mahomes
2022,2022_20_NYG_PHI,NYG,00-0035710,32,-14.503513101837598,D.Jones
2022,2022_20_NYG_PHI,PHI,00-0036389,25,5.891669733660251,J.Hurts
2022,2022_21_CIN_KC,CIN,00-0036442,46,-1.830366489460145,J.Burrow
2022,2022_21_CIN_KC,KC,00-0033873,46,7.392084315645732,P.Mahomes
2022,2022_21_SF_PHI,PHI,00-0036389,26,-0.6570534107740968,J.Hurts
2022,2022_21_SF_PHI,SF,00-0026300,15,-2.0255670020123944,J.Johnson
2022,2022_21_SF_PHI,SF,00-0033280,1,-0.5373300365172327,C.McCaffrey
2022,2022_21_SF_PHI,SF,00-0037834,5,-4.7760961533058435,B.Purdy
2022,2022_22_KC_PHI,KC,00-0033873,27,12.38346458106125,P.Mahomes
2022,2022_22_KC_PHI,PHI,00-0036389,40,12.892023836994335,J.Hurts
2023,2023_01_ARI_WAS,ARI,00-0033949,33,-9.239667566276069,J.Dobbs
2023,2023_01_ARI_WAS,WAS,00-0037077,37,-13.413062730876792,S.Howell
2023,2023_01_BUF_NYJ,BUF,00-0034857,45,-1.3728036400869599,J.Allen
2023,2023_01_BUF_NYJ,NYJ,00-0023459,2,-2.0319598843343556,A.Rodgers
2023,2023_01_BUF_NYJ,NYJ,00-0037013,23,-3.1895326425664656,Z.Wilson
2023,2023_01_CAR_ATL,ATL,00-0038122,22,-4.450449751486303,D.Ridder
2023,2023_01_CAR_ATL,CAR,00-0039150,40,-10.528563417818297,B.Young
2023,2023_01_CIN_CLE,CIN,00-0035100,1,-1.24702901893761,J.Browning
2023,2023_01_CIN_CLE,CIN,00-0036442,33,-18.635626889657797,J.Burrow
2023,2023_01_CIN_CLE,CLE,00-0033537,32,-10.871305896014098,D.Watson
2023,2023_01_DAL_NYG,DAL,00-0033077,24,4.17848433913809,D.Prescott
2023,2023_01_DAL_NYG,DAL,00-0033662,1,-2.601653972407803,C.Rush
2023,2023_01_DAL_NYG,NYG,00-0028118,2,-0.544656885205768,T.Taylor
2023,2023_01_DAL_NYG,NYG,00-0035710,35,-22.697970342473127,D.Jones
2023,2023_01_DET_KC,DET,00-0033106,35,6.560922560049221,J.Goff
2023,2023_01_DET_KC,KC,00-0033873,39,-6.4536129623823655,P.Mahomes
2023,2023_01_GB_CHI,CHI,00-0036945,42,-11.945732079244234,J.Fields
2023,2023_01_GB_CHI,GB,00-0036264,28,17.795653510178614,J.Love
2023,2023_01_HOU_BAL,BAL,00-0034796,26,-4.415662565714761,L.Jackson
2023,2023_01_HOU_BAL,HOU,00-0039163,48,-11.393885451581587,C.Stroud
2023,2023_01_JAX_IND,IND,00-0035289,2,-4.754616433085175,G.Minshew
2023,2023_01_JAX_IND,IND,00-0039164,41,-4.387141410610639,A.Richardson
2023,2023_01_JAX_IND,JAX,00-0036971,34,-9.001866828126367,T.Lawrence
2023,2023_01_LA_SEA,LA,00-0026498,38,20.67998153272862,M.Stafford
2023,2023_01_LA_SEA,SEA,00-0030565,28,-4.389090738004491,G.Smith
2023,2023_01_LV_DEN,DEN,00-0029263,35,3.147663190258285,R.Wilson
2023,2023_01_LV_DEN,LV,00-0031345,26,13.086084981785486,J.Garoppolo
2023,2023_01_MIA_LAC,LAC,00-0036355,36,-1.2410654513043027,J.Herbert
2023,2023_01_MIA_LAC,MIA,00-0036212,45,27.078330696646354,T.Tagovailoa
2023,2023_01_PHI_NE,NE,00-0036972,57,-7.607893661319278,M.Jones
2023,2023_01_PHI_NE,PHI,00-0036389,36,-4.85952255143671,J.Hurts
2023,2023_01_SF_PIT,PIT,00-0038102,50,-19.772737623075955,K.Pickett
2023,2023_01_SF_PIT,SF,00-0037834,32,6.5278640272773965,B.Purdy
2023,2023_01_TB_MIN,MIN,00-0029604,46,0.3236897762782771,K.Cousins
2023,2023_01_TB_MIN,TB,00-0034855,35,0.9109713025364148,B.Mayfield
2023,2023_01_TEN_NO,NO,00-0031280,37,3.6704846313371933,D.Carr
2023,2023_01_TEN_NO,TEN,00-0029701,37,-12.0429618927599,R.Tannehill
2023,2023_02_BAL_CIN,BAL,00-0034796,33,12.392853365532094,L.Jackson
2023,2023_02_BAL_CIN,CIN,00-0036442,42,1.5723083208449875,J.Burrow
2023,2023_02_CHI_TB,CHI,00-0036945,35,-8.620328064332805,J.Fields
2023,2023_02_CHI_TB,TB,00-0034855,34,13.25848529643427,B.Mayfield
2023,2023_02_CLE_PIT,CLE,00-0033537,46,-15.953177403144817,D.Watson
2023,2023_02_CLE_PIT,PIT,00-0038102,32,-7.772112777774912,K.Pickett
2023,2023_02_GB_ATL,ATL,00-0038122,33,3.1194444414007774,D.Ridder
2023,2023_02_GB_ATL,GB,00-0036264,26,2.6311388129449607,J.Love
2023,2023_02_IND_HOU,HOU,00-0039163,51,7.57781817767515,C.Stroud
2023,2023_02_IND_HOU,IND,00-0035289,23,8.907145353119489,G.Minshew
2023,2023_02_IND_HOU,IND,00-0039164,10,1.7329200523672625,A.Richardson
2023,2023_02_KC_JAX,JAX,00-0034775,1,-1.2398807080462575,C.Kirk
2023,2023_02_KC_JAX,JAX,00-0036971,45,-12.625911246076313,T.Lawrence
2023,2023_02_KC_JAX,KC,00-0033873,42,10.558776084871267,P.Mahomes
2023,2023_02_LAC_TEN,LAC,00-0036355,45,10.31794210589466,J.Herbert
2023,2023_02_LAC_TEN,TEN,00-0029701,29,1.4567640593870608,R.Tannehill
2023,2023_02_LV_BUF,BUF,00-0034857,39,13.21760739837191,J.Allen
2023,2023_02_LV_BUF,LV,00-0031345,24,-2.0070985654510523,J.Garoppolo
2023,2023_02_MIA_NE,MIA,00-0036212,31,11.266563081514585,T.Tagovailoa
2023,2023_02_MIA_NE,NE,00-0036972,46,-2.3766230029077766,M.Jones
2023,2023_02_MIN_PHI,MIN,00-0029604,46,17.481337210163474,K.Cousins
2023,2023_02_MIN_PHI,PHI,00-0036389,27,1.1131707055028528,J.Hurts
2023,2023_02_NO_CAR,CAR,00-0039150,38,-11.274377782403372,B.Young
2023,2023_02_NO_CAR,NO,00-0031280,40,-2.1891075282538184,D.Carr
2023,2023_02_NO_CAR,NO,00-0033357,1,0.5803323040599935,T.Hill
2023,2023_02_NYG_ARI,ARI,00-0033949,31,7.4308851843492665,J.Dobbs
2023,2023_02_NYG_ARI,NYG,00-0035710,40,8.180348059220705,D.Jones
2023,2023_02_NYJ_DAL,DAL,00-0033077,39,10.077872056186449,D.Prescott
2023,2023_02_NYJ_DAL,NYJ,00-0037013,29,-18.399233354252658,Z.Wilson
2023,2023_02_SEA_DET,DET,00-0033106,37,8.152201352508701,J.Goff
2023,2023_02_SEA_DET,SEA,00-0030565,41,14.49171823648194,G.Smith
2023,2023_02_SF_LA,LA,00-0026498,55,-5.431541688018593,M.Stafford
2023,2023_02_SF_LA,SF,00-0037834,26,3.2599135650464697,B.Purdy
2023,2023_02_WAS_DEN,DEN,00-0029263,39,2.406596301000537,R.Wilson
2023,2023_02_WAS_DEN,WAS,00-0037077,43,7.249400672420453,S.Howell
2023,2023_03_ATL_DET,ATL,00-0038122,45,-14.69095040827284,D.Ridder
2023,2023_03_ATL_DET,DET,00-0033106,33,2.7206899089548573,J.Goff
2023,2023_03_BUF_WAS,BUF,00-0034857,32,5.211040452186173,J.Allen
2023,2023_03_BUF_WAS,WAS,00-0037077,38,-26.450667170560944,S.Howell
2023,2023_03_CAR_SEA,CAR,00-0027973,61,4.548329591227218,A.Dalton
2023,2023_03_CAR_SEA,SEA,00-0030565,39,6.3265152484276275,G.Smith
2023,2023_03_CHI_KC,CHI,00-0036945,25,-13.247832806431688,J.Fields
2023,2023_03_CHI_KC,KC,00-0027948,5,-6.706045397208072,B.Gabbert
2023,2023_03_CHI_KC,KC,00-0033873,33,20.917330593607605,P.Mahomes
2023,2023_03_DAL_ARI,ARI,00-0033949,24,3.6136314062201795,J.Dobbs
2023,2023_03_DAL_ARI,DAL,00-0033077,42,-3.6596148540473243,D.Prescott
2023,2023_03_DEN_MIA,DEN,00-0029263,39,2.208718735000881,R.Wilson
2023,2023_03_DEN_MIA,MIA,00-0034401,2,4.690234114881605,M.White
2023,2023_03_DEN_MIA,MIA,00-0036212,26,26.372212297806982,T.Tagovailoa
2023,2023_03_HOU_JAX,HOU,00-0039163,30,14.348350209458214,C.Stroud
2023,2023_03_HOU_JAX,JAX,00-0033936,2,0.4268732601776719,C.Beathard
2023,2023_03_HOU_JAX,JAX,00-0036971,40,2.2051360300596072,T.Lawrence
2023,2023_03_IND_BAL,BAL,00-0034796,35,-7.2513471138071,L.Jackson
2023,2023_03_IND_BAL,IND,00-0035289,49,-8.418345229189796,G.Minshew
2023,2023_03_LAC_MIN,LAC,00-0030279,1,3.968392387731001,K.Allen
2023,2023_03_LAC_MIN,LAC,00-0036355,48,21.501615730756065,J.Herbert
2023,2023_03_LAC_MIN,MIN,00-0029604,54,1.4202402869707438,K.Cousins
2023,2023_03_LA_CIN,CIN,00-0036442,50,-6.553374456077261,J.Burrow
2023,2023_03_LA_CIN,LA,00-0026498,39,-8.404790011332945,M.Stafford
2023,2023_03_NE_NYJ,NE,00-0036972,29,5.437647214136642,M.Jones
2023,2023_03_NE_NYJ,NYJ,00-0037013,38,-15.238621975388451,Z.Wilson
2023,2023_03_NO_GB,GB,00-0036264,46,-1.9114087828989983,J.Love
2023,2023_03_NO_GB,NO,00-0031280,21,0.07446693118935999,D.Carr
2023,2023_03_NO_GB,NO,00-0031503,17,-2.519490228338142,J.Winston
2023,2023_03_NYG_SF,NYG,00-0028118,1,-0.6515430161962286,T.Taylor
2023,2023_03_NYG_SF,NYG,00-0035710,35,-9.130832609500471,D.Jones
2023,2023_03_NYG_SF,SF,00-0037834,39,16.46249543812681,B.Purdy
2023,2023_03_PHI_TB,PHI,00-0036389,38,1.7553614552587669,J.Hurts
2023,2023_03_PHI_TB,TB,00-0034855,28,1.6140822458160358,B.Mayfield
2023,2023_03_PIT_LV,LV,00-0031345,49,-7.2994737805925425,J.Garoppolo
2023,2023_03_PIT_LV,PIT,00-0038102,29,5.9215954580455765,K.Pickett
2023,2023_03_TEN_CLE,CLE,00-0033537,36,12.508116518452686,D.Watson
2023,2023_03_TEN_CLE,TEN,00-0029701,30,-14.025611756842375,R.Tannehill
2023,2023_04_ARI_SF,ARI,00-0033949,42,3.8983110031806874,J.Dobbs
2023,2023_04_ARI_SF,SF,00-0037834,22,22.84409084377694,B.Purdy
2023,2023_04_ATL_JAX,ATL,00-0038122,35,-19.31930863641901,D.Ridder
2023,2023_04_ATL_JAX,JAX,00-0036971,32,4.4045161920384786,T.Lawrence
2023,2023_04_BAL_CLE,BAL,00-0034796,22,6.872492622467689,L.Jackson
2023,2023_04_BAL_CLE,CLE,00-0038583,40,-27.36171850353747,D.Thompson-Robinson
2023,2023_04_CIN_TEN,CIN,00-0036442,33,-8.805660734302364,J.Burrow
2023,2023_04_CIN_TEN,TEN,00-0029701,28,7.165728041705081,R.Tannehill
2023,2023_04_CIN_TEN,TEN,00-0032764,1,3.1021673296636436,D.Henry
2023,2023_04_DEN_CHI,CHI,00-0036945,39,7.1422850987291895,J.Fields
2023,2023_04_DEN_CHI,DEN,00-0029263,29,14.21806286516332,R.Wilson
2023,2023_04_DET_GB,DET,00-0033106,30,2.4591233149722904,J.Goff
2023,2023_04_DET_GB,GB,00-0036264,42,-11.640179846350668,J.Love
2023,2023_04_KC_NYJ,KC,00-0033873,31,0.6326508337961014,P.Mahomes
2023,2023_04_KC_NYJ,NYJ,00-0037013,41,3.608918252683421,Z.Wilson
2023,2023_04_LA_IND,IND,00-0039164,29,7.211916146276286,A.Richardson
2023,2023_04_LA_IND,LA,00-0026498,42,11.37435107669372,M.Stafford
2023,2023_04_LV_LAC,LAC,00-0036355,26,-3.676677308384192,J.Herbert
2023,2023_04_LV_LAC,LV,00-0038579,46,-11.765604441442477,A.O'Connell
2023,2023_04_MIA_BUF,BUF,00-0034857,27,22.19731426213972,J.Allen
2023,2023_04_MIA_BUF,MIA,00-0036212,40,-4.43110618014168,T.Tagovailoa
2023,2023_04_MIN_CAR,CAR,00-0039150,37,-13.02082383805393,B.Young
2023,2023_04_MIN_CAR,MIN,00-0029604,21,-10.878062953648623,K.Cousins
2023,2023_04_NE_DAL,DAL,00-0029692,1,1.053,B.Anger
2023,2023_04_NE_DAL,DAL,00-0033077,37,3.933240894897108,D.Prescott
2023,2023_04_NE_DAL,DAL,00-0033662,2,1.5769879361032508,C.Rush
2023,2023_04_NE_DAL,NE,00-0036972,22,-12.8416448108037,M.Jones
2023,2023_04_NE_DAL,NE,00-0038108,10,-2.9953646172221102,B.Zappe
2023,2023_04_PIT_HOU,HOU,00-0035250,1,1.8422965880599804,D.Singletary
2023,2023_04_PIT_HOU,HOU,00-0039163,28,9.621636152770645,C.Stroud
2023,2023_04_PIT_HOU,PIT,00-0033869,5,-1.1255575283430517,M.Trubisky
2023,2023_04_PIT_HOU,PIT,00-0038102,26,-13.630709189599646,K.Pickett
2023,2023_04_SEA_NYG,NYG,00-0035639,1,-1.5267874808050692,P.Campbell
2023,2023_04_SEA_NYG,NYG,00-0035710,44,-29.01369021102904,D.Jones
2023,2023_04_SEA_NYG,SEA,00-0030565,22,-9.127239332726395,G.Smith
2023,2023_04_SEA_NYG,SEA,00-0035704,6,1.799429426464485,D.Lock
2023,2023_04_TB_NO,NO,00-0031280,39,-12.751911281074792,D.Carr
2023,2023_04_TB_NO,NO,00-0031503,1,-2.82205399236409,J.Winston
2023,2023_04_TB_NO,NO,00-0033357,2,-0.3197493079351261,T.Hill
2023,2023_04_TB_NO,TB,00-0033921,1,-0.7111730779288337,C.Godwin
2023,2023_04_TB_NO,TB,00-0034855,34,7.901396501853131,B.Mayfield
2023,2023_04_WAS_PHI,PHI,00-0036389,40,10.566899214391144,J.Hurts
2023,2023_04_WAS_PHI,WAS,00-0037077,46,7.724412571688452,S.Howell
2023,2023_05_BAL_PIT,BAL,00-0034796,42,-13.225236594514607,L.Jackson
2023,2023_05_BAL_PIT,PIT,00-0038102,36,3.101525538584668,K.Pickett
2023,2023_05_CAR_DET,CAR,00-0039150,42,-0.011282131300904386,B.Young
2023,2023_05_CAR_DET,DET,00-0033106,30,5.771698093274608,J.Goff
2023,2023_05_CHI_WAS,CHI,00-0036945,32,11.508823994980299,J.Fields
2023,2023_05_CHI_WAS,WAS,00-0037077,57,2.728322935908062,S.Howell
2023,2023_05_CIN_ARI,ARI,00-0033949,35,-15.65153375652153,J.Dobbs
2023,2023_05_CIN_ARI,CIN,00-0036442,49,9.498447030530684,J.Burrow
2023,2023_05_DAL_SF,DAL,00-0033077,27,-12.18878598313313,D.Prescott
2023,2023_05_DAL_SF,DAL,00-0033662,3,-1.4217072618193924,C.Rush
2023,2023_05_DAL_SF,SF,00-0034869,1,-1.0555692620109767,S.Darnold
2023,2023_05_DAL_SF,SF,00-0037834,25,18.54200110162492,B.Purdy
2023,2023_05_GB_LV,GB,00-0036264,32,-14.767112767702137,J.Love
2023,2023_05_GB_LV,LV,00-0031345,33,-0.4204488718151369,J.Garoppolo
2023,2023_05_GB_LV,LV,00-0035700,1,-1.076406596112065,J.Jacobs
2023,2023_05_HOU_ATL,ATL,00-0037238,1,1.8440146018983796,D.London
2023,2023_05_HOU_ATL,ATL,00-0038122,38,15.174646988207343,D.Ridder
2023,2023_05_HOU_ATL,HOU,00-0039163,35,3.2933569529967612,C.Stroud
2023,2023_05_JAX_BUF,BUF,00-0034857,41,13.9983127423767,J.Allen
2023,2023_05_JAX_BUF,JAX,00-0036971,42,8.35737227689242,T.Lawrence
2023,2023_05_KC_MIN,KC,00-0033873,42,14.77843926546339,P.Mahomes
2023,2023_05_KC_MIN,MIN,00-0029604,49,2.6349363884598587,K.Cousins
2023,2023_05_NO_NE,NE,00-0036972,24,-18.676953684316025,M.Jones
2023,2023_05_NO_NE,NE,00-0038108,9,-7.567776053445414,B.Zappe
2023,2023_05_NO_NE,NO,00-0031280,28,3.4477739772610976,D.Carr
2023,2023_05_NYG_MIA,MIA,00-0036212,30,-2.0328023366455454,T.Tagovailoa
2023,2023_05_NYG_MIA,NYG,00-0028118,13,2.4409939376013767,T.Taylor
2023,2023_05_NYG_MIA,NYG,00-0035710,26,-4.5957046443267755,D.Jones
2023,2023_05_NYJ_DEN,DEN,00-0029263,34,-10.421557123857436,R.Wilson
2023,2023_05_NYJ_DEN,NYJ,00-0037013,30,-7.168929509143194,Z.Wilson
2023,2023_05_PHI_LA,LA,00-0026498,41,-2.536261009518057,M.Stafford
2023,2023_05_PHI_LA,PHI,00-0036389,39,7.784427022446399,J.Hurts
2023,2023_05_TEN_IND,IND,00-0035289,14,7.407801365479827,G.Minshew
2023,2023_05_TEN_IND,IND,00-0039164,13,2.1360964990392026,A.Richardson
2023,2023_05_TEN_IND,TEN,00-0029701,34,9.446342548944802,R.Tannehill
2023,2023_05_TEN_IND,TEN,00-0032764,1,-0.47603245900245383,D.Henry
2023,2023_06_ARI_LA,ARI,00-0033949,43,-17.462166118847428,J.Dobbs
2023,2023_06_ARI_LA,LA,00-0026498,25,3.496808846426748,M.Stafford
2023,2023_06_BAL_TEN,BAL,00-0034796,31,5.846638061230958,L.Jackson
2023,2023_06_BAL_TEN,TEN,00-0029701,18,-10.508053488856875,R.Tannehill
2023,2023_06_BAL_TEN,TEN,00-0038128,9,-0.068276936013552,M.Willis
2023,2023_06_CAR_MIA,CAR,00-0028872,1,-1.9410884017124772,J.Hekker
2023,2023_06_CAR_MIA,CAR,00-0039150,42,-10.966093807958625,B.Young
2023,2023_06_CAR_MIA,MIA,00-0034401,1,-8.976947910850868,M.White
2023,2023_06_CAR_MIA,MIA,00-0036212,31,16.12479107605759,T.Tagovailoa
2023,2023_06_DAL_LAC,DAL,00-0033077,35,6.778182700220884,D.Prescott
2023,2023_06_DAL_LAC,LAC,00-0036355,38,-0.20592430754743463,J.Herbert
2023,2023_06_DEN_KC,DEN,00-0029263,26,-18.298592432925943,R.Wilson
2023,2023_06_DEN_KC,KC,00-0033873,42,4.571162276312816,P.Mahomes
2023,2023_06_DEN_KC,KC,00-0036913,1,-0.4460934295784682,K.Toney
2023,2023_06_DET_TB,DET,00-0033106,47,17.925803287663015,J.Goff
2023,2023_06_DET_TB,TB,00-0034855,38,-8.300111832407799,B.Mayfield
2023,2023_06_IND_JAX,IND,00-0035289,58,-11.561452929262398,G.Minshew
2023,2023_06_IND_JAX,JAX,00-0036971,33,-3.6709388580254894,T.Lawrence
2023,2023_06_MIN_CHI,CHI,00-0036945,14,-8.60774218969313,J.Fields
2023,2023_06_MIN_CHI,CHI,00-0038416,15,-16.589481437113136,T.Bagent
2023,2023_06_MIN_CHI,MIN,00-0029604,33,-6.169656257693803,K.Cousins
2023,2023_06_NE_LV,LV,00-0026625,10,4.752259165038733,B.Hoyer
2023,2023_06_NE_LV,LV,00-0031345,22,5.130306091690607,J.Garoppolo
2023,2023_06_NE_LV,NE,00-0036972,36,-3.186446495703189,M.Jones
2023,2023_06_NE_LV,NE,00-0038911,1,-1.2853722739964724,M.Cunningham
2023,2023_06_NO_HOU,HOU,00-0039163,29,-0.315728024306809,C.Stroud
2023,2023_06_NO_HOU,NO,00-0031280,52,5.213855274451472,D.Carr
2023,2023_06_NO_HOU,NO,00-0033357,1,0.08685685053933412,T.Hill
2023,2023_06_NYG_BUF,BUF,00-0034857,30,1.2013992320389686,J.Allen
2023,2023_06_NYG_BUF,NYG,00-0028118,37,-1.7873601690036778,T.Taylor
2023,2023_06_PHI_NYJ,NYJ,00-0037013,39,-8.8321834682439,Z.Wilson
2023,2023_06_PHI_NYJ,PHI,00-0036389,47,-6.5059565516402715,J.Hurts
2023,2023_06_SEA_CIN,CIN,00-0036442,38,-3.312432660459075,J.Burrow
2023,2023_06_SEA_CIN,SEA,00-0030565,45,-3.6160494096484737,G.Smith
2023,2023_06_SF_CLE,CLE,00-0033275,36,-14.264403022690109,P.Walker
2023,2023_06_SF_CLE,SF,00-0037834,29,-10.58884793915719,B.Purdy
2023,2023_06_WAS_ATL,ATL,00-0038122,49,-7.971019231484528,D.Ridder
2023,2023_06_WAS_ATL,WAS,00-0037077,28,-0.1997386012117821,S.Howell
2023,2023_07_ARI_SEA,ARI,00-0033949,37,-12.358147968825682,J.Dobbs
2023,2023_07_ARI_SEA,ARI,00-0038582,1,-1.980460286140442,C.Tune
2023,2023_07_ARI_SEA,SEA,00-0030565,26,7.2816635705999575,G.Smith
2023,2023_07_ATL_TB,ATL,00-0038122,26,7.05915386592294,D.Ridder
2023,2023_07_ATL_TB,TB,00-0034855,45,0.5751858274117692,B.Mayfield
2023,2023_07_BUF_NE,BUF,00-0034857,42,8.579465328659799,J.Allen
2023,2023_07_BUF_NE,NE,00-0036972,31,13.239483982002865,M.Jones
2023,2023_07_CLE_IND,CLE,00-0033275,33,-3.243870737388117,P.Walker
2023,2023_07_CLE_IND,CLE,00-0033537,5,-5.8757238739635795,D.Watson
2023,2023_07_CLE_IND,IND,00-0035289,27,0.7342462386582902,G.Minshew
2023,2023_07_DET_BAL,BAL,00-0034796,27,25.262835674511734,L.Jackson
2023,2023_07_DET_BAL,BAL,00-0035993,1,-0.9280543375061825,T.Huntley
2023,2023_07_DET_BAL,DET,00-0033106,59,-13.326357203666586,J.Goff
2023,2023_07_GB_DEN,DEN,00-0029263,30,4.095713499630485,R.Wilson
2023,2023_07_GB_DEN,GB,00-0036264,31,7.5664805464003715,J.Love
2023,2023_07_GB_DEN,GB,00-0038393,1,0.8892822902998887,D.Wicks
2023,2023_07_JAX_NO,JAX,00-0034437,1,2.5643760072416626,L.Cooke
2023,2023_07_JAX_NO,JAX,00-0036971,29,4.5950666462427945,T.Lawrence
2023,2023_07_JAX_NO,NO,00-0031280,57,-15.79771141964793,D.Carr
2023,2023_07_LAC_KC,KC,00-0033873,43,22.31995404173889,P.Mahomes
2023,2023_07_LAC_KC,LAC,00-0036355,35,0.5402288636620121,J.Herbert
2023,2023_07_LV_CHI,CHI,00-0033958,1,-0.09442649222910404,N.Peterman
2023,2023_07_LV_CHI,CHI,00-0038416,30,5.508855066349271,T.Bagent
2023,2023_07_LV_CHI,LV,00-0026625,33,-13.533031918403136,B.Hoyer
2023,2023_07_LV_CHI,LV,00-0038579,14,3.0453352402402087,A.O'Connell
2023,2023_07_MIA_PHI,MIA,00-0034418,1,-1.3574523675488308,C.Wilson
2023,2023_07_MIA_PHI,MIA,00-0036212,35,-3.8402599184064217,T.Tagovailoa
2023,2023_07_MIA_PHI,PHI,00-0036389,34,2.172574536059983,J.Hurts
2023,2023_07_PIT_LA,LA,00-0026498,32,-2.537840504016092,M.Stafford
2023,2023_07_PIT_LA,PIT,00-0038102,27,0.6385510045254286,K.Pickett
2023,2023_07_SF_MIN,MIN,00-0029604,44,13.05572469308527,K.Cousins
2023,2023_07_SF_MIN,SF,00-0037834,30,8.451052933804736,B.Purdy
2023,2023_07_WAS_NYG,NYG,00-0028118,33,4.930734614199577,T.Taylor
2023,2023_07_WAS_NYG,WAS,00-0037077,48,-14.697246201267244,S.Howell
2023,2023_08_ATL_TEN,ATL,00-0031800,22,6.048243212197201,T.Heinicke
2023,2023_08_ATL_TEN,ATL,00-0033858,1,-0.8618303572875448,J.Smith
2023,2023_08_ATL_TEN,ATL,00-0038122,17,-10.739259789815335,D.Ridder
2023,2023_08_ATL_TEN,TEN,00-0039152,31,5.93669582210714,W.Levis
2023,2023_08_BAL_ARI,ARI,00-0033949,40,-9.691719452253775,J.Dobbs
2023,2023_08_BAL_ARI,BAL,00-0034796,31,-4.98437022745088,L.Jackson
2023,2023_08_CHI_LAC,CHI,00-0038416,39,-9.57190470393095,T.Bagent
2023,2023_08_CHI_LAC,LAC,00-0036355,40,17.087563478392997,J.Herbert
2023,2023_08_CIN_SF,CIN,00-0036442,35,13.392601461227597,J.Burrow
2023,2023_08_CIN_SF,SF,00-0037834,33,-2.851934379665181,B.Purdy
2023,2023_08_CLE_SEA,CLE,00-0033275,34,-5.688340737857574,P.Walker
2023,2023_08_CLE_SEA,CLE,00-0038583,1,0.6945670462446287,D.Thompson-Robinson
2023,2023_08_CLE_SEA,SEA,00-0030565,38,2.6245567447569806,G.Smith
2023,2023_08_HOU_CAR,CAR,00-0039150,37,-0.3340692363736806,B.Young
2023,2023_08_HOU_CAR,HOU,00-0039163,27,1.4899864267646334,C.Stroud
2023,2023_08_JAX_PIT,JAX,00-0036971,35,7.139634887643098,T.Lawrence
2023,2023_08_JAX_PIT,PIT,00-0033869,28,-7.244919516553637,M.Trubisky
2023,2023_08_JAX_PIT,PIT,00-0038102,17,-6.398177648077837,K.Pickett
2023,2023_08_KC_DEN,DEN,00-0029263,25,-4.8447875870412584,R.Wilson
2023,2023_08_KC_DEN,KC,00-0033873,41,-10.966318837583815,P.Mahomes
2023,2023_08_LA_DAL,DAL,00-0033077,34,11.593556129590606,D.Prescott
2023,2023_08_LA_DAL,DAL,00-0033662,3,-2.3172528342111036,C.Rush
2023,2023_08_LA_DAL,LA,00-0026498,24,-5.925713984668223,M.Stafford
2023,2023_08_LA_DAL,LA,00-0034955,11,-5.129441424680408,B.Rypien
2023,2023_08_LA_DAL,LA,00-0036849,1,1.053,T.Atwell
2023,2023_08_LV_DET,DET,00-0033106,37,2.399114062233902,J.Goff
2023,2023_08_LV_DET,DET,00-0036963,1,-1.9745741735678166,A.St. Brown
2023,2023_08_LV_DET,LV,00-0031345,27,-24.156507637933828,J.Garoppolo
2023,2023_08_MIN_GB,GB,00-0036264,45,-7.905982737080194,J.Love
2023,2023_08_MIN_GB,MIN,00-0029604,33,19.499932799483048,K.Cousins
2023,2023_08_MIN_GB,MIN,00-0038598,5,-2.580854845873546,J.Hall
2023,2023_08_NE_MIA,MIA,00-0036212,47,12.581885234021849,T.Tagovailoa
2023,2023_08_NE_MIA,NE,00-0036972,32,-9.12733173041946,M.Jones
2023,2023_08_NO_IND,IND,00-0035289,43,-2.0379720588497103,G.Minshew
2023,2023_08_NO_IND,NO,00-0031280,28,13.525134789408185,D.Carr
2023,2023_08_NO_IND,NO,00-0033357,2,2.595579115615692,T.Hill
2023,2023_08_NYJ_NYG,NYG,00-0028118,9,-10.349500579329142,T.Taylor
2023,2023_08_NYJ_NYG,NYG,00-0038476,9,-6.947000161278993,T.DeVito
2023,2023_08_NYJ_NYG,NYJ,00-0037013,39,-14.663178603921551,Z.Wilson
2023,2023_08_PHI_WAS,PHI,00-0036389,40,23.611318518510913,J.Hurts
2023,2023_08_PHI_WAS,WAS,00-0037077,53,3.5826236466527916,S.Howell
2023,2023_08_TB_BUF,BUF,00-0034857,42,1.8202115608550784,J.Allen
2023,2023_08_TB_BUF,TB,00-0034855,45,-1.0801537833780106,B.Mayfield
2023,2023_09_ARI_CLE,ARI,00-0038582,27,-32.76908288651612,C.Tune
2023,2023_09_ARI_CLE,CLE,00-0033537,30,1.0012140903082267,D.Watson
2023,2023_09_BUF_CIN,BUF,00-0034857,40,4.649652031051859,J.Allen
2023,2023_09_BUF_CIN,CIN,00-0036442,45,12.65865346840559,J.Burrow
2023,2023_09_CHI_NO,CHI,00-0038416,32,-3.6926080370794896,T.Bagent
2023,2023_09_CHI_NO,NO,00-0031280,34,2.713006294238157,D.Carr
2023,2023_09_CHI_NO,NO,00-0033357,1,0.8065087035065517,T.Hill
2023,2023_09_DAL_PHI,DAL,00-0033077,49,12.918436241445182,D.Prescott
2023,2023_09_DAL_PHI,PHI,00-0036389,26,8.435014081711415,J.Hurts
2023,2023_09_IND_CAR,CAR,00-0039150,43,-24.652827640945322,B.Young
2023,2023_09_IND_CAR,IND,00-0035289,27,-1.0497175877787495,G.Minshew
2023,2023_09_LAC_NYJ,LAC,00-0036355,35,-6.611584542193967,J.Herbert
2023,2023_09_LAC_NYJ,NYJ,00-0037013,57,-19.13270812645457,Z.Wilson
2023,2023_09_LA_GB,GB,00-0036264,29,8.012475685359558,J.Love
2023,2023_09_LA_GB,LA,00-0034955,29,-14.595850082733032,B.Rypien
2023,2023_09_MIA_KC,KC,00-0033873,32,1.3612226745462976,P.Mahomes
2023,2023_09_MIA_KC,MIA,00-0036212,37,0.5236871447996236,T.Tagovailoa
2023,2023_09_MIN_ATL,ATL,00-0031800,38,-1.3047191328881027,T.Heinicke
2023,2023_09_MIN_ATL,MIN,00-0033949,34,-3.916575328276971,J.Dobbs
2023,2023_09_MIN_ATL,MIN,00-0036414,1,-1.5187924897181801,C.Akers
2023,2023_09_MIN_ATL,MIN,00-0038598,6,4.896502905612579,J.Hall
2023,2023_09_NYG_LV,LV,00-0038579,25,7.603048639668113,A.O'Connell
2023,2023_09_NYG_LV,NYG,00-0035710,11,-4.144154457608238,D.Jones
2023,2023_09_NYG_LV,NYG,00-0038115,1,-0.947,D.Bellinger
2023,2023_09_NYG_LV,NYG,00-0038476,26,-14.882968198391609,T.DeVito
2023,2023_09_SEA_BAL,BAL,00-0034796,26,-3.3770014143561653,L.Jackson
2023,2023_09_SEA_BAL,BAL,00-0035993,7,5.176841295120539,T.Huntley
2023,2023_09_SEA_BAL,SEA,00-0030565,32,-14.661981639171309,G.Smith
2023,2023_09_TB_HOU,HOU,00-0039163,45,27.64180092026526,C.Stroud
2023,2023_09_TB_HOU,TB,00-0034855,32,10.579215147870128,B.Mayfield
2023,2023_09_TEN_PIT,PIT,00-0038102,30,3.3539545370808663,K.Pickett
2023,2023_09_TEN_PIT,TEN,00-0039152,42,-3.535381294981041,W.Levis
2023,2023_09_WAS_NE,NE,00-0036972,44,-6.030163121383092,M.Jones
2023,2023_09_WAS_NE,WAS,00-0037077,48,5.039729462119961,S.Howell
2023,2023_10_ATL_ARI,ARI,00-0035228,35,-6.457303714336204,K.Murray
2023,2023_10_ATL_ARI,ATL,00-0031800,18,-7.530447752532551,T.Heinicke
2023,2023_10_ATL_ARI,ATL,00-0038122,7,1.5387614090433344,D.Ridder
2023,2023_10_CAR_CHI,CAR,00-0039150,41,-8.250408326359667,B.Young
2023,2023_10_CAR_CHI,CHI,00-0038416,33,-2.019608180303595,T.Bagent
2023,2023_10_CLE_BAL,BAL,00-0034796,26,-5.893444059215654,L.Jackson
2023,2023_10_CLE_BAL,CLE,00-0033275,1,-0.2794255707995035,P.Walker
2023,2023_10_CLE_BAL,CLE,00-0033537,38,-0.1923484141191314,D.Watson
2023,2023_10_DEN_BUF,BUF,00-0034857,27,-3.9883880485575647,J.Allen
2023,2023_10_DEN_BUF,DEN,00-0029263,33,5.758063172628668,R.Wilson
2023,2023_10_DET_LAC,DET,00-0033106,33,14.826729859458283,J.Goff
2023,2023_10_DET_LAC,LAC,00-0036355,40,14.587980706253923,J.Herbert
2023,2023_10_GB_PIT,GB,00-0036264,40,5.3128124276418385,J.Love
2023,2023_10_GB_PIT,PIT,00-0038102,24,-5.687628693613217,K.Pickett
2023,2023_10_HOU_CIN,CIN,00-0036442,44,3.1982571250112413,J.Burrow
2023,2023_10_HOU_CIN,HOU,00-0039163,40,5.137883713780643,C.Stroud
2023,2023_10_IND_NE,IND,00-0035289,28,2.417548161858106,G.Minshew
2023,2023_10_IND_NE,NE,00-0036972,25,-3.619902146221295,M.Jones
2023,2023_10_IND_NE,NE,00-0038108,7,-0.8285839124000631,B.Zappe
2023,2023_10_NO_MIN,MIN,00-0033949,35,8.31462603116892,J.Dobbs
2023,2023_10_NO_MIN,NO,00-0031280,20,-2.3130262496371943,D.Carr
2023,2023_10_NO_MIN,NO,00-0031503,26,-4.560712916892953,J.Winston
2023,2023_10_NYG_DAL,DAL,00-0033077,35,16.128327141632326,D.Prescott
2023,2023_10_NYG_DAL,DAL,00-0033662,9,-0.29045116109773517,C.Rush
2023,2023_10_NYG_DAL,NYG,00-0038476,32,-11.907895865544461,T.DeVito
2023,2023_10_NYJ_LV,LV,00-0038579,30,-9.807394982754028,A.O'Connell
2023,2023_10_NYJ_LV,NYJ,00-0037013,41,-4.123176070408278,Z.Wilson
2023,2023_10_NYJ_LV,NYJ,00-0037740,1,-0.43348260154016316,G.Wilson
2023,2023_10_SF_JAX,JAX,00-0033936,2,-1.0978968928102404,C.Beathard
2023,2023_10_SF_JAX,JAX,00-0034775,1,-0.5167164581362158,C.Kirk
2023,2023_10_SF_JAX,JAX,00-0036971,34,-17.344053464164666,T.Lawrence
2023,2023_10_SF_JAX,SF,00-0034869,2,-2.4168919341173023,S.Darnold
2023,2023_10_SF_JAX,SF,00-0037834,28,17.11725111317794,B.Purdy
2023,2023_10_TEN_TB,TB,00-0034855,32,7.865437767983115,B.Mayfield
2023,2023_10_TEN_TB,TEN,00-0039152,43,-11.563321911684696,W.Levis
2023,2023_10_WAS_SEA,SEA,00-0030565,47,4.817229818530498,G.Smith
2023,2023_10_WAS_SEA,WAS,00-0037077,47,11.658417408175435,S.Howell
2023,2023_11_ARI_HOU,ARI,00-0035228,33,-6.826709361931806,K.Murray
2023,2023_11_ARI_HOU,HOU,00-0036898,1,-0.95239889761433,D.Mills
2023,2023_11_ARI_HOU,HOU,00-0038977,1,-0.7774166874005459,N.Dell
2023,2023_11_ARI_HOU,HOU,00-0039163,40,3.7957347356495674,C.Stroud
2023,2023_11_CHI_DET,CHI,00-0036945,25,4.194769059140295,J.Fields
2023,2023_11_CHI_DET,DET,00-0033106,38,-1.092054559397977,J.Goff
2023,2023_11_CIN_BAL,BAL,00-0034796,29,8.243131167493246,L.Jackson
2023,2023_11_CIN_BAL,CIN,00-0035100,17,-5.374978195216586,J.Browning
2023,2023_11_CIN_BAL,CIN,00-0036442,19,2.9155140989400716,J.Burrow
2023,2023_11_DAL_CAR,CAR,00-0039150,36,-18.73243090448309,B.Young
2023,2023_11_DAL_CAR,DAL,00-0033077,38,7.6395618677019,D.Prescott
2023,2023_11_DAL_CAR,DAL,00-0033662,3,-1.0920929117128253,C.Rush
2023,2023_11_LAC_GB,GB,00-0036264,43,10.750950282512573,J.Love
2023,2023_11_LAC_GB,LAC,00-0036355,38,5.060112854914548,J.Herbert
2023,2023_11_LV_MIA,LV,00-0038579,43,-9.576633443971339,A.O'Connell
2023,2023_11_LV_MIA,MIA,00-0036212,40,4.769229019801378,T.Tagovailoa
2023,2023_11_MIN_DEN,DEN,00-0029263,37,1.4860982910168277,R.Wilson
2023,2023_11_MIN_DEN,MIN,00-0033949,34,1.061477755532914,J.Dobbs
2023,2023_11_NYG_WAS,NYG,00-0038476,35,3.808219777303748,T.DeVito
2023,2023_11_NYG_WAS,WAS,00-0037077,49,-8.88358981184046,S.Howell
2023,2023_11_NYJ_BUF,BUF,00-0034857,33,12.000879541489958,J.Allen
2023,2023_11_NYJ_BUF,NYJ,00-0027114,1,2.6709000263363123,T.Morstead
2023,2023_11_NYJ_BUF,NYJ,00-0034177,15,-7.643585715384688,T.Boyle
2023,2023_11_NYJ_BUF,NYJ,00-0037013,21,-8.557984552185982,Z.Wilson
2023,2023_11_PHI_KC,KC,00-0033873,43,-8.295653596811462,P.Mahomes
2023,2023_11_PHI_KC,PHI,00-0036389,27,-3.4149417451117188,J.Hurts
2023,2023_11_PIT_CLE,CLE,00-0038583,42,-9.267468995438737,D.Thompson-Robinson
2023,2023_11_PIT_CLE,PIT,00-0038102,31,-11.891549183666939,K.Pickett
2023,2023_11_SEA_LA,LA,00-0026498,32,-4.574814941957867,M.Stafford
2023,2023_11_SEA_LA,SEA,00-0030565,35,5.138461157394339,G.Smith
2023,2023_11_SEA_LA,SEA,00-0035704,6,-5.48228724184446,D.Lock
2023,2023_11_TB_SF,SF,00-0037834,29,15.870389703584639,B.Purdy
2023,2023_11_TB_SF,TB,00-0034855,49,-9.188732027629158,B.Mayfield
2023,2023_11_TEN_JAX,JAX,00-0036971,33,16.51056056429875,T.Lawrence
2023,2023_11_TEN_JAX,TEN,00-0039152,19,2.9629585499642417,W.Levis
2023,2023_12_BAL_LAC,BAL,00-0034796,34,-3.558443205733816,L.Jackson
2023,2023_12_BAL_LAC,LAC,00-0036355,47,-11.907626775650716,J.Herbert
2023,2023_12_BUF_PHI,BUF,00-0034857,52,7.660534720481226,J.Allen
2023,2023_12_BUF_PHI,PHI,00-0036389,33,0.08719554189211776,J.Hurts
2023,2023_12_CAR_TEN,CAR,00-0039150,35,-4.867258823719059,B.Young
2023,2023_12_CAR_TEN,TEN,00-0039152,28,-0.43627955819829367,W.Levis
2023,2023_12_CHI_MIN,CHI,00-0036945,40,-5.58729195784216,J.Fields
2023,2023_12_CHI_MIN,MIN,00-0033949,34,-23.790539162216255,J.Dobbs
2023,2023_12_CLE_DEN,CLE,00-0033275,17,-11.402487118903082,P.Walker
2023,2023_12_CLE_DEN,CLE,00-0038583,30,-0.9488359401899856,D.Thompson-Robinson
2023,2023_12_CLE_DEN,DEN,00-0029263,23,4.45424141373951,R.Wilson
2023,2023_12_GB_DET,DET,00-0033106,48,-4.387493225352839,J.Goff
2023,2023_12_GB_DET,GB,00-0036264,32,12.759378605006113,J.Love
2023,2023_12_GB_DET,GB,00-0037816,1,-0.947,R.Doubs
2023,2023_12_JAX_HOU,HOU,00-0039163,40,0.7591409554233532,C.Stroud
2023,2023_12_JAX_HOU,JAX,00-0036971,39,12.490231914085662,T.Lawrence
2023,2023_12_KC_LV,KC,00-0033873,35,12.587395862261761,P.Mahomes
2023,2023_12_KC_LV,LV,00-0034960,1,-0.8259646277874708,J.Meyers
2023,2023_12_KC_LV,LV,00-0038579,34,4.325248748179089,A.O'Connell
2023,2023_12_LA_ARI,ARI,00-0035228,50,-14.264040873352766,K.Murray
2023,2023_12_LA_ARI,LA,00-0026498,33,13.204231557474376,M.Stafford
2023,2023_12_MIA_NYJ,MIA,00-0036212,31,4.467057705718668,T.Tagovailoa
2023,2023_12_MIA_NYJ,NYJ,00-0034177,45,-18.66758491814835,T.Boyle
2023,2023_12_NE_NYG,NE,00-0036972,22,-9.911773824656848,M.Jones
2023,2023_12_NE_NYG,NE,00-0038108,15,-6.4132949726772495,B.Zappe
2023,2023_12_NE_NYG,NYG,00-0038476,31,-1.824021166448882,T.DeVito
2023,2023_12_NO_ATL,ATL,00-0038122,21,-2.746315741154831,D.Ridder
2023,2023_12_NO_ATL,NO,00-0031280,39,-1.2685188326217414,D.Carr
2023,2023_12_PIT_CIN,CIN,00-0035100,30,-2.747910093474186,J.Browning
2023,2023_12_PIT_CIN,PIT,00-0038102,35,11.777032637398312,K.Pickett
2023,2023_12_SF_SEA,SEA,00-0030565,33,-11.940727955094662,G.Smith
2023,2023_12_SF_SEA,SF,00-0035719,1,-0.4431877873139456,D.Samuel
2023,2023_12_SF_SEA,SF,00-0037834,31,0.7482287154365754,B.Purdy
2023,2023_12_TB_IND,IND,00-0035289,43,-0.09710011280425235,G.Minshew
2023,2023_12_TB_IND,TB,00-0034855,36,-7.509872112456654,B.Mayfield
2023,2023_12_TB_IND,TB,00-0036928,1,-1.8803028730234743,K.Trask
2023,2023_12_WAS_DAL,DAL,00-0033077,33,19.24523962637558,D.Prescott
2023,2023_12_WAS_DAL,WAS,00-0037077,48,-12.348847936825509,S.Howell
2023,2023_13_ARI_PIT,ARI,00-0035228,25,1.1446906625345359,K.Murray
2023,2023_13_ARI_PIT,PIT,00-0033869,17,8.028602926241097,M.Trubisky
2023,2023_13_ARI_PIT,PIT,00-0038102,10,-0.4800470601178337,K.Pickett
2023,2023_13_ATL_NYJ,ATL,00-0038122,30,-3.778801962090527,D.Ridder
2023,2023_13_ATL_NYJ,NYJ,00-0032156,16,-7.564943343139021,T.Siemian
2023,2023_13_ATL_NYJ,NYJ,00-0034177,26,-4.676407473485347,T.Boyle
2023,2023_13_CAR_TB,CAR,00-0039150,35,-5.070967915060464,B.Young
2023,2023_13_CAR_TB,TB,00-0034855,30,-3.701134300499689,B.Mayfield
2023,2023_13_CIN_JAX,CIN,00-0033009,1,-6.527068739582319,T.Boyd
2023,2023_13_CIN_JAX,CIN,00-0035100,39,19.50506688831062,J.Browning
2023,2023_13_CIN_JAX,CIN,00-0036900,1,-2.102857018588111,J.Chase
2023,2023_13_CIN_JAX,JAX,00-0033936,12,0.9100369421664873,C.Beathard
2023,2023_13_CIN_JAX,JAX,00-0036971,31,10.467320891881942,T.Lawrence
2023,2023_13_CLE_LA,CLE,00-0026158,46,-7.791563930410868,J.Flacco
2023,2023_13_CLE_LA,LA,00-0026498,37,5.3191237424953215,M.Stafford
2023,2023_13_DEN_HOU,DEN,00-0029263,29,-14.968118985611403,R.Wilson
2023,2023_13_DEN_HOU,HOU,00-0036898,1,1.542847081553191,D.Mills
2023,2023_13_DEN_HOU,HOU,00-0039163,33,0.3017771724285545,C.Stroud
2023,2023_13_DET_NO,DET,00-0033106,27,7.492438044373312,J.Goff
2023,2023_13_DET_NO,NO,00-0031280,24,7.331379322044086,D.Carr
2023,2023_13_DET_NO,NO,00-0031503,5,0.11323756276397035,J.Winston
2023,2023_13_DET_NO,NO,00-0033357,2,-1.4256790415383875,T.Hill
2023,2023_13_IND_TEN,IND,00-0035289,46,2.0437618699942175,G.Minshew
2023,2023_13_IND_TEN,TEN,00-0039152,39,0.1449495846555211,W.Levis
2023,2023_13_KC_GB,GB,00-0036264,38,15.392143603934805,J.Love
2023,2023_13_KC_GB,KC,00-0033873,36,3.9477347129723346,P.Mahomes
2023,2023_13_LAC_NE,LAC,00-0036355,37,2.0078626550231666,J.Herbert
2023,2023_13_LAC_NE,NE,00-0038108,30,-15.719805817992892,B.Zappe
2023,2023_13_MIA_WAS,MIA,00-0034401,1,-1.0640873379306868,M.White
2023,2023_13_MIA_WAS,MIA,00-0036212,24,19.67799806176171,T.Tagovailoa
2023,2023_13_MIA_WAS,WAS,00-0037077,27,-13.021273457233676,S.Howell
2023,2023_13_SEA_DAL,DAL,00-0033077,46,14.823497584657995,D.Prescott
2023,2023_13_SEA_DAL,SEA,00-0030565,40,11.755358941445593,G.Smith
2023,2023_13_SEA_DAL,SEA,00-0036425,1,-0.5178517469903454,D.Dallas
2023,2023_13_SF_PHI,PHI,00-0032268,3,-0.3476434804033488,M.Mariota
2023,2023_13_SF_PHI,PHI,00-0036389,49,9.313577223235749,J.Hurts
2023,2023_13_SF_PHI,SF,00-0037834,29,22.329711401311215,B.Purdy
2023,2023_14_BUF_KC,BUF,00-0034857,44,-1.9784441793941463,J.Allen
2023,2023_14_BUF_KC,KC,00-0033873,44,-2.9969492363316514,P.Mahomes
2023,2023_14_CAR_NO,CAR,00-0039150,40,-31.291697221108052,B.Young
2023,2023_14_CAR_NO,NO,00-0031280,27,-9.563635846828337,D.Carr
2023,2023_14_DEN_LAC,DEN,00-0029263,35,-2.21562039923466,R.Wilson
2023,2023_14_DEN_LAC,LAC,00-0030279,1,-0.45351547322934493,K.Allen
2023,2023_14_DEN_LAC,LAC,00-0035282,26,-6.7211686507216655,E.Stick
2023,2023_14_DEN_LAC,LAC,00-0036355,21,-19.54357248696033,J.Herbert
2023,2023_14_DET_CHI,CHI,00-0036945,37,1.9988508168047563,J.Fields
2023,2023_14_DET_CHI,DET,00-0033106,39,-6.335564998094924,J.Goff
2023,2023_14_GB_NYG,GB,00-0036264,41,-0.21791342134478953,J.Love
2023,2023_14_GB_NYG,NYG,00-0038476,21,5.1811854265103605,T.DeVito
2023,2023_14_HOU_NYJ,HOU,00-0036898,6,-9.069208267668728,D.Mills
2023,2023_14_HOU_NYJ,HOU,00-0039163,27,-16.43346299935365,C.Stroud
2023,2023_14_HOU_NYJ,NYJ,00-0037013,40,7.829823942284432,Z.Wilson
2023,2023_14_IND_CIN,CIN,00-0031288,1,-1.6931319367140532,A.McCarron
2023,2023_14_IND_CIN,CIN,00-0035100,24,7.979605776898097,J.Browning
2023,2023_14_IND_CIN,IND,00-0035289,43,0.6185343260919751,G.Minshew
2023,2023_14_JAX_CLE,CLE,00-0026158,46,-1.6544217481042307,J.Flacco
2023,2023_14_JAX_CLE,JAX,00-0036971,55,-7.259173207261367,T.Lawrence
2023,2023_14_LA_BAL,BAL,00-0034796,46,12.612825902449341,L.Jackson
2023,2023_14_LA_BAL,LA,00-0026498,44,5.60173018331353,M.Stafford
2023,2023_14_MIN_LV,LV,00-0038579,36,-19.20355119294254,A.O'Connell
2023,2023_14_MIN_LV,MIN,00-0033319,13,1.6778485485701822,N.Mullens
2023,2023_14_MIN_LV,MIN,00-0033949,28,-13.79923919798222,J.Dobbs
2023,2023_14_NE_PIT,NE,00-0038108,30,1.2988814690033905,B.Zappe
2023,2023_14_NE_PIT,PIT,00-0033869,38,-15.45474410171584,M.Trubisky
2023,2023_14_NE_PIT,PIT,00-0037304,1,-0.25261004906496964,Co.Heyward
2023,2023_14_PHI_DAL,DAL,00-0033077,42,-0.054984303969386916,D.Prescott
2023,2023_14_PHI_DAL,PHI,00-0036313,1,4.209326545824297,B.Mann
2023,2023_14_PHI_DAL,PHI,00-0036389,28,2.5487039626868744,J.Hurts
2023,2023_14_SEA_SF,SEA,00-0035704,36,-1.1833125089323149,D.Lock
2023,2023_14_SEA_SF,SF,00-0037834,30,12.758138486300595,B.Purdy
2023,2023_14_TB_ATL,ATL,00-0038122,43,-2.373047599169735,D.Ridder
2023,2023_14_TB_ATL,TB,00-0034855,30,2.4492407522937616,B.Mayfield
2023,2023_14_TEN_MIA,MIA,00-0036212,38,-7.4380432093967865,T.Tagovailoa
2023,2023_14_TEN_MIA,TEN,00-0039152,40,8.76507234698824,W.Levis
2023,2023_15_ATL_CAR,ATL,00-0038122,20,3.120557009911863,D.Ridder
2023,2023_15_ATL_CAR,CAR,00-0039150,27,-3.88388326859889,B.Young
2023,2023_15_BAL_JAX,BAL,00-0034796,27,-3.565044596736317,L.Jackson
2023,2023_15_BAL_JAX,JAX,00-0036971,44,-12.136260574116172,T.Lawrence
2023,2023_15_CHI_CLE,CHI,00-0036945,43,-15.480020451794951,J.Fields
2023,2023_15_CHI_CLE,CLE,00-0026158,48,-17.392163456001867,J.Flacco
2023,2023_15_CHI_CLE,CLE,00-0038583,1,2.0642242955509573,D.Thompson-Robinson
2023,2023_15_DAL_BUF,BUF,00-0034857,16,-0.4609956982137855,J.Allen
2023,2023_15_DAL_BUF,DAL,00-0033077,37,-12.449003155246528,D.Prescott
2023,2023_15_DEN_DET,DEN,00-0029263,34,-2.3929814262664877,R.Wilson
2023,2023_15_DEN_DET,DET,00-0033106,36,15.231727600214072,J.Goff
2023,2023_15_HOU_TEN,HOU,00-0028986,39,-2.5340544037528776,C.Keenum
2023,2023_15_HOU_TEN,HOU,00-0036898,1,-0.18297453355626203,D.Mills
2023,2023_15_HOU_TEN,TEN,00-0039152,33,-5.730502565711504,W.Levis
2023,2023_15_KC_NE,KC,00-0031376,1,1.1053474548389204,J.McKinnon
2023,2023_15_KC_NE,KC,00-0033873,40,2.1093785181088798,P.Mahomes
2023,2023_15_KC_NE,NE,00-0038108,35,-12.918295838332739,B.Zappe
2023,2023_15_LAC_LV,LAC,00-0035282,35,-10.32050233357586,E.Stick
2023,2023_15_LAC_LV,LV,00-0034960,2,1.6937964668031782,J.Meyers
2023,2023_15_LAC_LV,LV,00-0038579,35,10.630083312629722,A.O'Connell
2023,2023_15_MIN_CIN,CIN,00-0034613,1,-2.2643815996237797,T.Hudson
2023,2023_15_MIN_CIN,CIN,00-0035100,46,10.253093997918768,J.Browning
2023,2023_15_MIN_CIN,MIN,00-0033319,36,11.740158662526127,N.Mullens
2023,2023_15_MIN_CIN,MIN,00-0036322,1,-0.39332577056484297,J.Jefferson
2023,2023_15_NYG_NO,NO,00-0031280,29,9.947751399060019,D.Carr
2023,2023_15_NYG_NO,NO,00-0033357,1,-0.5991178345866501,T.Hill
2023,2023_15_NYG_NO,NYG,00-0028118,3,0.09296307235490531,T.Taylor
2023,2023_15_NYG_NO,NYG,00-0038476,41,-14.636729936639313,T.DeVito
2023,2023_15_NYJ_MIA,MIA,00-0034401,2,-1.8901005836669356,M.White
2023,2023_15_NYJ_MIA,MIA,00-0036212,27,9.223429321831443,T.Tagovailoa
2023,2023_15_NYJ_MIA,NYJ,00-0032156,28,-9.411222703638487,T.Siemian
2023,2023_15_NYJ_MIA,NYJ,00-0037013,15,-13.859405201656045,Z.Wilson
2023,2023_15_PHI_SEA,PHI,00-0036389,31,1.71635226032231,J.Hurts
2023,2023_15_PHI_SEA,SEA,00-0035704,35,3.265447533214444,D.Lock
2023,2023_15_PIT_IND,IND,00-0035289,31,-0.6965998019654949,G.Minshew
2023,2023_15_PIT_IND,PIT,00-0033869,26,-2.4031188849476166,M.Trubisky
2023,2023_15_PIT_IND,PIT,00-0034771,4,-5.6805059256148525,M.Rudolph
2023,2023_15_SF_ARI,ARI,00-0035228,43,-7.3551650622131515,K.Murray
2023,2023_15_SF_ARI,SF,00-0034869,3,0.04260692391489673,S.Darnold
2023,2023_15_SF_ARI,SF,00-0037834,24,18.233205841388553,B.Purdy
2023,2023_15_TB_GB,GB,00-0036264,41,3.926120546559818,J.Love
2023,2023_15_TB_GB,TB,00-0034855,33,23.46660046726831,B.Mayfield
2023,2023_15_WAS_LA,LA,00-0026498,36,7.874736452077674,M.Stafford
2023,2023_15_WAS_LA,WAS,00-0033119,10,9.427990246273112,J.Brissett
2023,2023_15_WAS_LA,WAS,00-0037077,27,-12.578237459412776,S.Howell
2023,2023_16_ARI_CHI,ARI,00-0035228,40,-6.597582217263283,K.Murray
2023,2023_16_ARI_CHI,CHI,00-0036945,28,-3.621005084270454,J.Fields
2023,2023_16_BAL_SF,BAL,00-0034796,37,4.920349201298974,L.Jackson
2023,2023_16_BAL_SF,SF,00-0034869,16,-0.6477612565504387,S.Darnold
2023,2023_16_BAL_SF,SF,00-0037834,34,-18.069514673683724,B.Purdy
2023,2023_16_BUF_LAC,BUF,00-0034857,22,10.033300907642115,J.Allen
2023,2023_16_BUF_LAC,LAC,00-0035282,38,-1.0849161199779078,E.Stick
2023,2023_16_CIN_PIT,CIN,00-0035100,46,-7.586249561096868,J.Browning
2023,2023_16_CIN_PIT,PIT,00-0034771,28,8.335159954724112,M.Rudolph
2023,2023_16_CLE_HOU,CLE,00-0026158,43,20.08598806466046,J.Flacco
2023,2023_16_CLE_HOU,CLE,00-0038583,3,-4.293592726578936,D.Thompson-Robinson
2023,2023_16_CLE_HOU,HOU,00-0028986,20,-18.117274977848865,C.Keenum
2023,2023_16_CLE_HOU,HOU,00-0036898,32,3.6321571189328097,D.Mills
2023,2023_16_DAL_MIA,DAL,00-0033077,36,8.432478624566755,D.Prescott
2023,2023_16_DAL_MIA,MIA,00-0036212,38,7.294361547796323,T.Tagovailoa
2023,2023_16_DET_MIN,DET,00-0033106,41,14.274304325256997,J.Goff
2023,2023_16_DET_MIN,MIN,00-0033319,39,5.9619379350333475,N.Mullens
2023,2023_16_GB_CAR,CAR,00-0039150,37,12.228139060598886,B.Young
2023,2023_16_GB_CAR,GB,00-0036264,29,11.282902940933514,J.Love
2023,2023_16_IND_ATL,ATL,00-0031800,33,7.691971271793335,T.Heinicke
2023,2023_16_IND_ATL,IND,00-0035289,43,-8.085402387826932,G.Minshew
2023,2023_16_JAX_TB,JAX,00-0033936,17,-0.7963752247304655,C.Beathard
2023,2023_16_JAX_TB,JAX,00-0036971,33,-5.845182343913382,T.Lawrence
2023,2023_16_JAX_TB,TB,00-0034855,37,12.943090209003838,B.Mayfield
2023,2023_16_LV_KC,KC,00-0033873,48,-14.331734661759542,P.Mahomes
2023,2023_16_LV_KC,KC,00-0035889,1,2.439640676777344,T.Townsend
2023,2023_16_LV_KC,LV,00-0038579,23,-12.96893692768682,A.O'Connell
2023,2023_16_NE_DEN,DEN,00-0029263,43,0.719094607630046,R.Wilson
2023,2023_16_NE_DEN,NE,00-0038108,34,2.9294667781853,B.Zappe
2023,2023_16_NO_LA,LA,00-0026498,35,15.034519595255833,M.Stafford
2023,2023_16_NO_LA,NO,00-0031280,43,1.758674705968704,D.Carr
2023,2023_16_NYG_PHI,NYG,00-0028118,14,0.6892612164956518,T.Taylor
2023,2023_16_NYG_PHI,NYG,00-0038476,17,-6.6646924380415005,T.DeVito
2023,2023_16_NYG_PHI,PHI,00-0036389,39,7.3838059724531355,J.Hurts
2023,2023_16_SEA_TEN,SEA,00-0030565,39,11.052164996637064,G.Smith
2023,2023_16_SEA_TEN,TEN,00-0029701,31,-2.5815496064606123,R.Tannehill
2023,2023_16_SEA_TEN,TEN,00-0032764,1,1.896275853679981,D.Henry
2023,2023_16_WAS_NYJ,NYJ,00-0032156,49,-15.972939805726302,T.Siemian
2023,2023_16_WAS_NYJ,WAS,00-0033119,13,6.947744549863273,J.Brissett
2023,2023_16_WAS_NYJ,WAS,00-0037077,23,-23.490221187123097,S.Howell
2023,2023_17_ARI_PHI,ARI,00-0035228,32,9.116396065266414,K.Murray
2023,2023_17_ARI_PHI,PHI,00-0036389,23,11.54995583853046,J.Hurts
2023,2023_17_ARI_PHI,PHI,00-0036919,1,1.2345058486098424,K.Gainwell
2023,2023_17_ATL_CHI,ATL,00-0031800,31,-6.314528683457766,T.Heinicke
2023,2023_17_ATL_CHI,ATL,00-0038122,4,-2.75917106482666,D.Ridder
2023,2023_17_ATL_CHI,CHI,00-0036945,35,5.367985639412293,J.Fields
2023,2023_17_CAR_JAX,CAR,00-0039150,38,-21.465144071611576,B.Young
2023,2023_17_CAR_JAX,JAX,00-0033936,27,5.191076907221023,C.Beathard
2023,2023_17_CIN_KC,CIN,00-0035100,39,0.0672544692590038,J.Browning
2023,2023_17_CIN_KC,KC,00-0033873,31,-0.03024040102096137,P.Mahomes
2023,2023_17_DET_DAL,DAL,00-0033077,41,11.299152896313498,D.Prescott
2023,2023_17_DET_DAL,DET,00-0033106,33,-1.5749107304993624,J.Goff
2023,2023_17_DET_DAL,DET,00-0033557,1,4.1430035991361365,J.Reeves-Maybin
2023,2023_17_GB_MIN,GB,00-0036264,33,14.013365820699597,J.Love
2023,2023_17_GB_MIN,GB,00-0038391,1,2.1436268281540833,S.Clifford
2023,2023_17_GB_MIN,MIN,00-0033319,23,-4.1967074410640635,N.Mullens
2023,2023_17_GB_MIN,MIN,00-0038598,13,-14.99169085717639,J.Hall
2023,2023_17_LAC_DEN,DEN,00-0035264,34,4.700232412085761,J.Stidham
2023,2023_17_LAC_DEN,LAC,00-0035282,38,1.2128444429971097,E.Stick
2023,2023_17_LA_NYG,LA,00-0026498,38,0.8999966169358231,M.Stafford
2023,2023_17_LA_NYG,NYG,00-0028118,47,-2.7927914008576367,T.Taylor
2023,2023_17_LV_IND,IND,00-0035289,24,11.492219796404243,G.Minshew
2023,2023_17_LV_IND,LV,00-0038579,49,8.476911331376785,A.O'Connell
2023,2023_17_MIA_BAL,BAL,00-0034796,22,28.995928248681594,L.Jackson
2023,2023_17_MIA_BAL,BAL,00-0035993,1,4.22594323719386,T.Huntley
2023,2023_17_MIA_BAL,MIA,00-0036212,42,-1.3889396678963433,T.Tagovailoa
2023,2023_17_NE_BUF,BUF,00-0034857,31,-4.945098244781253,J.Allen
2023,2023_17_NE_BUF,NE,00-0038108,29,-12.082419550110458,B.Zappe
2023,2023_17_NO_TB,NO,00-0031280,33,9.247694994742734,D.Carr
2023,2023_17_NO_TB,NO,00-0033357,2,0.49068568175425753,T.Hill
2023,2023_17_NO_TB,TB,00-0034855,36,6.032737302695867,B.Mayfield
2023,2023_17_NYJ_CLE,CLE,00-0026158,30,6.1975739089539275,J.Flacco
2023,2023_17_NYJ_CLE,NYJ,00-0032156,47,-10.637966791807788,T.Siemian
2023,2023_17_PIT_SEA,PIT,00-0034771,25,11.097580417471297,M.Rudolph
2023,2023_17_PIT_SEA,SEA,00-0030565,34,7.223915382146952,G.Smith
2023,2023_17_SF_WAS,SF,00-0034869,1,-1.7085371020948514,S.Darnold
2023,2023_17_SF_WAS,SF,00-0037834,28,12.450718497306731,B.Purdy
2023,2023_17_SF_WAS,WAS,00-0037077,29,-9.632565840491566,S.Howell
2023,2023_17_TEN_HOU,HOU,00-0039163,33,4.086053234528455,C.Stroud
2023,2023_17_TEN_HOU,TEN,00-0029701,25,-2.4355689408452954,R.Tannehill
2023,2023_17_TEN_HOU,TEN,00-0039152,7,-9.646544275106862,W.Levis
2023,2023_18_ATL_NO,ATL,00-0034438,5,-10.079575101757655,L.Woodside
2023,2023_18_ATL_NO,ATL,00-0038122,30,6.867769799828688,D.Ridder
2023,2023_18_ATL_NO,NO,00-0031280,30,14.978746151984353,D.Carr
2023,2023_18_ATL_NO,NO,00-0033357,1,-0.7570095867849886,T.Hill
2023,2023_18_BUF_MIA,BUF,00-0034857,41,3.935817859484814,J.Allen
2023,2023_18_BUF_MIA,MIA,00-0036212,27,1.2538411483401433,T.Tagovailoa
2023,2023_18_BUF_MIA,MIA,00-0039040,1,-1.4337288234382868,D.Achane
2023,2023_18_CHI_GB,CHI,00-0036945,21,-1.293238689303349,J.Fields
2023,2023_18_CHI_GB,GB,00-0036264,33,15.073805185603186,J.Love
2023,2023_18_CLE_CIN,CIN,00-0031288,5,-3.5579401078866795,A.McCarron
2023,2023_18_CLE_CIN,CIN,00-0035100,26,2.503222872829731,J.Browning
2023,2023_18_CLE_CIN,CLE,00-0032436,29,-10.957208045409061,J.Driskel
2023,2023_18_DAL_WAS,DAL,00-0033077,36,22.099422981782563,D.Prescott
2023,2023_18_DAL_WAS,DAL,00-0033662,4,0.9062224575763875,C.Rush
2023,2023_18_DAL_WAS,WAS,00-0036626,1,-0.30589396954746917,D.Brown
2023,2023_18_DAL_WAS,WAS,00-0037077,31,-6.822633927639816,S.Howell
2023,2023_18_DEN_LV,DEN,00-0035264,39,0.3531887839199044,J.Stidham
2023,2023_18_DEN_LV,LV,00-0031345,2,-2.135103028267622,J.Garoppolo
2023,2023_18_DEN_LV,LV,00-0038579,32,11.66505811622419,A.O'Connell
2023,2023_18_HOU_IND,HOU,00-0039163,28,12.062857357430085,C.Stroud
2023,2023_18_HOU_IND,IND,00-0035289,26,-3.512757124496995,G.Minshew
2023,2023_18_JAX_TEN,JAX,00-0036971,43,1.6498609748086892,T.Lawrence
2023,2023_18_JAX_TEN,TEN,00-0029701,28,0.881224628596101,R.Tannehill
2023,2023_18_JAX_TEN,TEN,00-0030564,1,-0.4180150681640953,D.Hopkins
2023,2023_18_KC_LAC,KC,00-0027948,31,-9.437241707955698,B.Gabbert
2023,2023_18_KC_LAC,LAC,00-0035282,50,-15.186350245580389,E.Stick
2023,2023_18_LA_SF,LA,00-0032950,27,8.117853062212934,C.Wentz
2023,2023_18_LA_SF,SF,00-0034869,28,5.6541701486775455,S.Darnold
2023,2023_18_MIN_DET,DET,00-0033106,33,10.87409844600108,J.Goff
2023,2023_18_MIN_DET,MIN,00-0033319,48,-2.615752360415426,N.Mullens
2023,2023_18_NYJ_NE,NE,00-0038108,37,-27.749018961736947,B.Zappe
2023,2023_18_NYJ_NE,NYJ,00-0032156,21,-11.007632592412083,T.Siemian
2023,2023_18_PHI_NYG,NYG,00-0028118,33,9.55054857267519,T.Taylor
2023,2023_18_PHI_NYG,NYG,00-0038476,3,-1.4483296424150467,T.DeVito
2023,2023_18_PHI_NYG,PHI,00-0032268,23,-4.762452383960964,M.Mariota
2023,2023_18_PHI_NYG,PHI,00-0036389,18,-10.87321348884143,J.Hurts
2023,2023_18_PIT_BAL,BAL,00-0035993,32,-4.674275439687568,T.Huntley
2023,2023_18_PIT_BAL,PIT,00-0034771,23,0.573040845541982,M.Rudolph
2023,2023_18_SEA_ARI,ARI,00-0035228,31,14.697530754196652,K.Murray
2023,2023_18_SEA_ARI,SEA,00-0030565,29,6.707846886358095,G.Smith
2023,2023_18_TB_CAR,CAR,00-0039150,21,-5.80218840235935,B.Young
2023,2023_18_TB_CAR,TB,00-0034855,35,-7.991260263885486,B.Mayfield
2023,2023_19_CLE_HOU,CLE,00-0026158,50,-17.7592921051546,J.Flacco
2023,2023_19_CLE_HOU,HOU,00-0036898,1,-1.1828420534729958,D.Mills
2023,2023_19_CLE_HOU,HOU,00-0039163,21,14.460874968334059,C.Stroud
2023,2023_19_GB_DAL,DAL,00-0033077,64,-3.3696030936670716,D.Prescott
2023,2023_19_GB_DAL,GB,00-0036264,21,23.940234170295298,J.Love
2023,2023_19_LA_DET,DET,00-0033106,30,11.218379624959285,J.Goff
2023,2023_19_LA_DET,LA,00-0026498,38,18.576054674478726,M.Stafford
2023,2023_19_MIA_KC,KC,00-0033873,41,8.068400205722313,P.Mahomes
2023,2023_19_MIA_KC,MIA,00-0036212,41,-13.944825911836233,T.Tagovailoa
2023,2023_19_PHI_TB,PHI,00-0036389,38,-3.09559066947857,J.Hurts
2023,2023_19_PHI_TB,TB,00-0034855,40,11.523506570300727,B.Mayfield
2023,2023_19_PIT_BUF,BUF,00-0034857,32,3.6855383997216675,J.Allen
2023,2023_19_PIT_BUF,PIT,00-0034771,39,-0.782668645664025,M.Rudolph
2023,2023_20_GB_SF,GB,00-0036264,35,-0.13497954742820317,J.Love
2023,2023_20_GB_SF,SF,00-0037834,39,7.166561342612276,B.Purdy
2023,2023_20_HOU_BAL,BAL,00-0034796,25,3.898759590174426,L.Jackson
2023,2023_20_HOU_BAL,HOU,00-0039163,33,-4.314405376955754,C.Stroud
2023,2023_20_KC_BUF,BUF,00-0034857,39,5.781411918336964,J.Allen
2023,2023_20_KC_BUF,KC,00-0033873,23,14.063692492368045,P.Mahomes
2023,2023_20_TB_DET,DET,00-0033106,45,8.110827929340303,J.Goff
2023,2023_20_TB_DET,TB,00-0034855,46,3.86391702017397,B.Mayfield
2023,2023_21_DET_SF,DET,00-0033106,43,6.998413283817362,J.Goff
2023,2023_21_DET_SF,SF,00-0037834,33,6.624599790882831,B.Purdy
2023,2023_21_KC_BAL,BAL,00-0034796,41,-5.030444493832832,L.Jackson
2023,2023_21_KC_BAL,KC,00-0033873,41,7.783350470341216,P.Mahomes
2023,2023_22_SF_KC,KC,00-0033873,49,6.06114717927388,P.Mahomes
2023,2023_22_SF_KC,SF,00-0036259,1,2.9465133666526526,J.Jennings
2023,2023_22_SF_KC,SF,00-0037834,39,6.1979575560893405,B.Purdy
2024,2024_01_ARI_BUF,ARI,00-0035228,35,-1.184849735212116,K.Murray
2024,2024_01_ARI_BUF,BUF,00-0034857,25,9.161098091100992,J.Allen
2024,2024_01_BAL_KC,BAL,00-0034796,42,-2.4911596045670317,L.Jackson
2024,2024_01_BAL_KC,KC,00-0033873,30,11.084406207205,P.Mahomes
2024,2024_01_CAR_NO,CAR,00-0027973,1,-0.6210238231578842,A.Dalton
2024,2024_01_CAR_NO,CAR,00-0039150,34,-17.846270702655513,B.Young
2024,2024_01_CAR_NO,NO,00-0031280,24,8.547130642507241,D.Carr
2024,2024_01_CAR_NO,NO,00-0038998,1,-0.5536398805561475,J.Haener
2024,2024_01_DAL_CLE,CLE,00-0033537,51,-23.115656479087193,D.Watson
2024,2024_01_DAL_CLE,DAL,00-0033077,35,-6.667337795562192,D.Prescott
2024,2024_01_DEN_SEA,DEN,00-0039732,44,-18.2777050810312,B.Nix
2024,2024_01_DEN_SEA,SEA,00-0030565,28,-5.73969622205013,G.Smith
2024,2024_01_GB_PHI,GB,00-0036264,35,2.811224767698266,J.Love
2024,2024_01_GB_PHI,GB,00-0038128,2,-0.4375434906105511,M.Willis
2024,2024_01_GB_PHI,PHI,00-0036389,35,10.701968693290837,J.Hurts
2024,2024_01_HOU_IND,HOU,00-0039163,36,7.507696996312891,C.Stroud
2024,2024_01_HOU_IND,IND,00-0039164,21,-3.033125795656815,A.Richardson
2024,2024_01_JAX_MIA,JAX,00-0036971,24,1.7065504872972965,T.Lawrence
2024,2024_01_JAX_MIA,MIA,00-0036212,40,4.323552238676893,T.Tagovailoa
2024,2024_01_LA_DET,DET,00-0033106,30,-4.8084564083650525,J.Goff
2024,2024_01_LA_DET,LA,00-0026498,51,4.536420907523806,M.Stafford
2024,2024_01_LV_LAC,LAC,00-0036355,27,-4.875879753395097,J.Herbert
2024,2024_01_LV_LAC,LV,00-0035289,37,-1.242704641111882,G.Minshew
2024,2024_01_MIN_NYG,MIN,00-0034869,25,9.554716408369131,S.Darnold
2024,2024_01_MIN_NYG,NYG,00-0035710,47,-22.593837722959112,D.Jones
2024,2024_01_NE_CIN,CIN,00-0036442,32,-4.170614777700862,J.Burrow
2024,2024_01_NE_CIN,NE,00-0033119,25,-1.9693797345901767,J.Brissett
2024,2024_01_NYJ_SF,NYJ,00-0023459,22,3.2582827980513684,A.Rodgers
2024,2024_01_NYJ_SF,NYJ,00-0028118,9,2.263536552564008,T.Taylor
2024,2024_01_NYJ_SF,SF,00-0035719,1,-2.089831991296666,D.Samuel
2024,2024_01_NYJ_SF,SF,00-0037834,31,6.5013994169793135,B.Purdy
2024,2024_01_PIT_ATL,ATL,00-0029604,27,-10.993093573905886,K.Cousins
2024,2024_01_PIT_ATL,PIT,00-0036945,25,-1.352276713480927,J.Fields
2024,2024_01_TEN_CHI,CHI,00-0039918,32,-12.146704188691032,C.Williams
2024,2024_01_TEN_CHI,TEN,00-0039152,35,-18.171179407976318,W.Levis
2024,2024_01_WAS_TB,TB,00-0034855,31,20.591765050842866,B.Mayfield
2024,2024_01_WAS_TB,WAS,00-0039910,27,-1.7388794818162725,J.Daniels
2024,2024_02_ATL_PHI,ATL,00-0029604,31,9.083101339781052,K.Cousins
2024,2024_02_ATL_PHI,PHI,00-0036389,31,1.8038242840881211,J.Hurts
2024,2024_02_BUF_MIA,BUF,00-0034857,19,11.151412883304674,J.Allen
2024,2024_02_BUF_MIA,MIA,00-0036212,26,-10.667231454283115,T.Tagovailoa
2024,2024_02_BUF_MIA,MIA,00-0037327,15,-5.73660835105693,S.Thompson
2024,2024_02_CHI_HOU,CHI,00-0039918,44,-21.561364475864146,C.Williams
2024,2024_02_CHI_HOU,HOU,00-0039163,39,1.6088561200666724,C.Stroud
2024,2024_02_CIN_KC,CIN,00-0036442,39,3.9209349206325026,J.Burrow
2024,2024_02_CIN_KC,KC,00-0033873,28,-9.668457253713648,P.Mahomes
2024,2024_02_CLE_JAX,CLE,00-0033537,36,1.245954113845745,D.Watson
2024,2024_02_CLE_JAX,JAX,00-0036971,33,-6.018202037033352,T.Lawrence
2024,2024_02_IND_GB,GB,00-0038128,14,8.98679386245334,M.Willis
2024,2024_02_IND_GB,IND,00-0039164,34,-8.03595453651347,A.Richardson
2024,2024_02_LAC_CAR,CAR,00-0039150,28,-22.052850578564293,B.Young
2024,2024_02_LAC_CAR,LAC,00-0036355,21,1.4336512824779608,J.Herbert
2024,2024_02_LA_ARI,ARI,00-0035228,22,18.101088591167418,K.Murray
2024,2024_02_LA_ARI,LA,00-0026498,32,-11.159592631582587,M.Stafford
2024,2024_02_LV_BAL,BAL,00-0034796,34,0.9741902351427303,L.Jackson
2024,2024_02_LV_BAL,LV,00-0035289,43,-2.416132526708785,G.Minshew
2024,2024_02_NO_DAL,DAL,00-0033077,41,-8.634618191122463,D.Prescott
2024,2024_02_NO_DAL,DAL,00-0033662,3,-1.9856584365479648,C.Rush
2024,2024_02_NO_DAL,NO,00-0031280,17,14.025829735968728,D.Carr
2024,2024_02_NYG_WAS,NYG,00-0035710,31,6.824964155646972,D.Jones
2024,2024_02_NYG_WAS,WAS,00-0039910,34,4.707815975978937,J.Daniels
2024,2024_02_NYJ_TEN,NYJ,00-0023459,32,1.6537689469747647,A.Rodgers
2024,2024_02_NYJ_TEN,TEN,00-0039152,32,-6.44535794708645,W.Levis
2024,2024_02_PIT_DEN,DEN,00-0039732,37,-8.624825167329671,B.Nix
2024,2024_02_PIT_DEN,PIT,00-0036945,22,2.209675965199503,J.Fields
2024,2024_02_SEA_NE,NE,00-0033119,30,-0.17010632950141025,J.Brissett
2024,2024_02_SEA_NE,SEA,00-0030565,46,8.975614928582218,G.Smith
2024,2024_02_SF_MIN,MIN,00-0034869,28,-0.8688710652754885,S.Darnold
2024,2024_02_SF_MIN,MIN,00-0037276,1,-0.5984916715533473,T.Chandler
2024,2024_02_SF_MIN,SF,00-0037834,42,0.5646058952261228,B.Purdy
2024,2024_02_TB_DET,DET,00-0033106,54,-13.650965836978678,J.Goff
2024,2024_02_TB_DET,DET,00-0035156,1,3.637429093476385,J.Fox
2024,2024_02_TB_DET,TB,00-0034855,24,-3.4361799402679942,B.Mayfield
2024,2024_03_BAL_DAL,BAL,00-0034796,15,10.670858654775657,L.Jackson
2024,2024_03_BAL_DAL,DAL,00-0033077,56,6.197160795382595,D.Prescott
2024,2024_03_CAR_LV,CAR,00-0027973,40,12.354778816505888,A.Dalton
2024,2024_03_CAR_LV,LV,00-0035289,31,-4.296362854683731,G.Minshew
2024,2024_03_CAR_LV,LV,00-0038579,13,5.555142228025943,A.O'Connell
2024,2024_03_CHI_IND,CHI,00-0039918,56,-7.310312479264945,C.Williams
2024,2024_03_CHI_IND,IND,00-0039164,21,-10.29302441625623,A.Richardson
2024,2024_03_DEN_TB,DEN,00-0039732,36,2.115855223944337,B.Nix
2024,2024_03_DEN_TB,TB,00-0034855,40,-18.282071196561446,B.Mayfield
2024,2024_03_DET_ARI,ARI,00-0035228,35,-5.631904723752118,K.Murray
2024,2024_03_DET_ARI,DET,00-0033106,25,5.869152297440451,J.Goff
2024,2024_03_GB_TEN,GB,00-0038128,22,3.52078201780931,M.Willis
2024,2024_03_GB_TEN,TEN,00-0039152,42,-16.97985835390864,W.Levis
2024,2024_03_HOU_MIN,HOU,00-0031588,1,2.762919135740958,S.Diggs
2024,2024_03_HOU_MIN,HOU,00-0036898,13,-1.2606540999840945,D.Mills
2024,2024_03_HOU_MIN,HOU,00-0039163,34,-8.820167894623843,C.Stroud
2024,2024_03_HOU_MIN,MIN,00-0034869,32,5.25261193368137,S.Darnold
2024,2024_03_JAX_BUF,BUF,00-0033869,1,-1.0343312335142039,M.Trubisky
2024,2024_03_JAX_BUF,BUF,00-0034857,30,22.415535229197282,J.Allen
2024,2024_03_JAX_BUF,JAX,00-0036971,42,-16.08310560073347,T.Lawrence
2024,2024_03_JAX_BUF,JAX,00-0036972,9,-10.0527353156358,M.Jones
2024,2024_03_KC_ATL,ATL,00-0029604,31,2.7967293687774433,K.Cousins
2024,2024_03_KC_ATL,KC,00-0033873,39,2.4128778593004543,P.Mahomes
2024,2024_03_LAC_PIT,LAC,00-0031800,5,-3.6079584835097194,T.Heinicke
2024,2024_03_LAC_PIT,LAC,00-0036355,20,1.5603604057269793,J.Herbert
2024,2024_03_LAC_PIT,PIT,00-0036945,34,8.205475067990267,J.Fields
2024,2024_03_MIA_SEA,MIA,00-0034177,14,-7.548008152109105,T.Boyle
2024,2024_03_MIA_SEA,MIA,00-0037327,24,-9.774416790956188,S.Thompson
2024,2024_03_MIA_SEA,SEA,00-0030565,37,-0.8126982188896368,G.Smith
2024,2024_03_NE_NYJ,NE,00-0033119,23,-10.965362024573018,J.Brissett
2024,2024_03_NE_NYJ,NE,00-0039851,10,-5.410988618445117,D.Maye
2024,2024_03_NE_NYJ,NYJ,00-0023459,37,18.204784605805415,A.Rodgers
2024,2024_03_NYG_CLE,CLE,00-0033537,46,-19.51902969374708,D.Watson
2024,2024_03_NYG_CLE,NYG,00-0035710,36,9.847737785661593,D.Jones
2024,2024_03_NYG_CLE,NYG,00-0039337,1,-0.9637323682836723,M.Nabers
2024,2024_03_PHI_NO,NO,00-0031280,27,0.5845496743514782,D.Carr
2024,2024_03_PHI_NO,PHI,00-0036389,42,-5.0485688447872175,J.Hurts
2024,2024_03_SF_LA,LA,00-0026498,28,3.4081208365555797,M.Stafford
2024,2024_03_SF_LA,LA,00-0036849,1,-0.5111013762652874,T.Atwell
2024,2024_03_SF_LA,SF,00-0037834,31,14.322098457225366,B.Purdy
2024,2024_03_WAS_CIN,CIN,00-0036442,41,16.027962973015352,J.Burrow
2024,2024_03_WAS_CIN,WAS,00-0039910,25,21.611945293380504,J.Daniels
2024,2024_04_BUF_BAL,BAL,00-0026300,1,-1.4056561858160421,J.Johnson
2024,2024_04_BUF_BAL,BAL,00-0034796,19,9.182408976193983,L.Jackson
2024,2024_04_BUF_BAL,BUF,00-0033869,2,-0.7431461592204869,M.Trubisky
2024,2024_04_BUF_BAL,BUF,00-0034857,32,-7.575484683290668,J.Allen
2024,2024_04_CIN_CAR,CAR,00-0027973,40,3.0990683737667073,A.Dalton
2024,2024_04_CIN_CAR,CAR,00-0028872,1,-3.028582197148353,J.Hekker
2024,2024_04_CIN_CAR,CIN,00-0036442,31,8.988195129815722,J.Burrow
2024,2024_04_CLE_LV,CLE,00-0033537,35,-6.92235081968829,D.Watson
2024,2024_04_CLE_LV,LV,00-0035289,26,-3.775178223637057,G.Minshew
2024,2024_04_DAL_NYG,DAL,00-0033077,28,10.9522814873646,D.Prescott
2024,2024_04_DAL_NYG,NYG,00-0035710,41,4.439631956087325,D.Jones
2024,2024_04_DEN_NYJ,DEN,00-0039732,25,-12.965077901084442,B.Nix
2024,2024_04_DEN_NYJ,NYJ,00-0023459,47,-12.082228063301821,A.Rodgers
2024,2024_04_JAX_HOU,HOU,00-0039163,42,14.305587934855184,C.Stroud
2024,2024_04_JAX_HOU,JAX,00-0036971,34,-1.3805359188538402,T.Lawrence
2024,2024_04_KC_LAC,KC,00-0033873,32,-1.6064922553457284,P.Mahomes
2024,2024_04_KC_LAC,LAC,00-0036355,29,-2.0499847903784856,J.Herbert
2024,2024_04_LA_CHI,CHI,00-0039918,26,2.083515190295674,C.Williams
2024,2024_04_LA_CHI,LA,00-0026498,33,-2.2876256965415545,M.Stafford
2024,2024_04_MIN_GB,GB,00-0036264,56,-5.017132399455284,J.Love
2024,2024_04_MIN_GB,MIN,00-0034869,30,8.12683829251762,S.Darnold
2024,2024_04_NE_SF,NE,00-0033119,38,-15.768360736456145,J.Brissett
2024,2024_04_NE_SF,SF,00-0037834,28,6.95503554671041,B.Purdy
2024,2024_04_NO_ATL,ATL,00-0029604,36,-1.0691966593920248,K.Cousins
2024,2024_04_NO_ATL,NO,00-0031280,37,-0.10868627467999437,D.Carr
2024,2024_04_PHI_TB,PHI,00-0036389,36,-10.592363961273804,J.Hurts
2024,2024_04_PHI_TB,TB,00-0034855,49,9.353125648884182,B.Mayfield
2024,2024_04_PIT_IND,IND,00-0026158,28,7.757926788051728,J.Flacco
2024,2024_04_PIT_IND,IND,00-0039164,4,4.277928645606153,A.Richardson
2024,2024_04_PIT_IND,PIT,00-0036945,37,3.4636515972670168,J.Fields
2024,2024_04_SEA_DET,DET,00-0033106,21,17.89840751833981,J.Goff
2024,2024_04_SEA_DET,DET,00-0036963,1,1.72411598067265,A.St. Brown
2024,2024_04_SEA_DET,SEA,00-0030565,60,8.867202348405169,G.Smith
2024,2024_04_TEN_MIA,MIA,00-0035993,25,-11.76269284277302,T.Huntley
2024,2024_04_TEN_MIA,TEN,00-0034771,17,-4.3347068321915705,M.Rudolph
2024,2024_04_TEN_MIA,TEN,00-0039152,4,-3.084776717238128,W.Levis
2024,2024_04_WAS_ARI,ARI,00-0035228,26,-0.43325262336293235,K.Murray
2024,2024_04_WAS_ARI,WAS,00-0039910,31,14.161258280229596,J.Daniels
2024,2024_05_ARI_SF,ARI,00-0035228,31,-1.8273485221899808,K.Murray
2024,2024_05_ARI_SF,SF,00-0037834,37,-0.8968391142674834,B.Purdy
2024,2024_05_BAL_CIN,BAL,00-0034796,43,21.248209867206043,L.Jackson
2024,2024_05_BAL_CIN,CIN,00-0036442,42,23.61106959625613,J.Burrow
2024,2024_05_BUF_HOU,BUF,00-0034857,31,-5.131946196880337,J.Allen
2024,2024_05_BUF_HOU,HOU,00-0039163,39,6.2263078053876795,C.Stroud
2024,2024_05_CAR_CHI,CAR,00-0027973,31,-12.502870778195833,A.Dalton
2024,2024_05_CAR_CHI,CAR,00-0039150,8,-0.3561284461757168,B.Young
2024,2024_05_CAR_CHI,CHI,00-0039918,31,14.142914184585294,C.Williams
2024,2024_05_CLE_WAS,CLE,00-0031503,1,0.8074564936105162,J.Winston
2024,2024_05_CLE_WAS,CLE,00-0033537,35,-15.072190076718874,D.Watson
2024,2024_05_CLE_WAS,WAS,00-0032268,3,-3.301094082533382,M.Mariota
2024,2024_05_CLE_WAS,WAS,00-0039910,28,2.3787115597295148,J.Daniels
2024,2024_05_DAL_PIT,DAL,00-0033077,44,10.677303028626843,D.Prescott
2024,2024_05_DAL_PIT,PIT,00-0034577,1,1.4325529362540692,K.Allen
2024,2024_05_DAL_PIT,PIT,00-0036945,30,-3.471511214709608,J.Fields
2024,2024_05_GB_LA,GB,00-0036264,28,-0.7490976510351732,J.Love
2024,2024_05_GB_LA,LA,00-0026498,48,-8.955648682371248,M.Stafford
2024,2024_05_IND_JAX,IND,00-0026158,48,10.4048808673696,J.Flacco
2024,2024_05_IND_JAX,IND,00-0039890,1,2.4456588270841166,A.Mitchell
2024,2024_05_IND_JAX,JAX,00-0036971,34,16.75668474577833,T.Lawrence
2024,2024_05_LV_DEN,DEN,00-0039732,29,2.4993953257529262,B.Nix
2024,2024_05_LV_DEN,LV,00-0035289,19,-10.356556362142621,G.Minshew
2024,2024_05_LV_DEN,LV,00-0038579,21,-5.343939675774891,A.O'Connell
2024,2024_05_MIA_NE,MIA,00-0035993,35,-3.495429404583073,T.Huntley
2024,2024_05_MIA_NE,NE,00-0033119,35,-8.796733581410301,J.Brissett
2024,2024_05_NO_KC,KC,00-0033873,41,2.9501115496304946,P.Mahomes
2024,2024_05_NO_KC,NO,00-0031280,29,-0.035403914691414684,D.Carr
2024,2024_05_NO_KC,NO,00-0038998,7,-2.6209136521210894,J.Haener
2024,2024_05_NYG_SEA,NYG,00-0035710,37,7.590214311905704,D.Jones
2024,2024_05_NYG_SEA,SEA,00-0030565,47,-4.120158323491429,G.Smith
2024,2024_05_NYJ_MIN,MIN,00-0033319,1,2.5932225097203627,N.Mullens
2024,2024_05_NYJ_MIN,MIN,00-0034869,35,-12.029919572182564,S.Darnold
2024,2024_05_NYJ_MIN,NYJ,00-0023459,57,-16.156328739288377,A.Rodgers
2024,2024_05_TB_ATL,ATL,00-0029604,60,22.133271685231414,K.Cousins
2024,2024_05_TB_ATL,ATL,00-0036309,1,-0.42381819686852396,D.Mooney
2024,2024_05_TB_ATL,TB,00-0034855,25,9.387637990161814,B.Mayfield
2024,2024_06_ARI_GB,ARI,00-0035228,32,7.708929887737185,K.Murray
2024,2024_06_ARI_GB,GB,00-0036264,32,14.854657110941345,J.Love
2024,2024_06_ATL_CAR,ATL,00-0029604,30,12.311614662975456,K.Cousins
2024,2024_06_ATL_CAR,CAR,00-0027973,38,-4.906794649207466,A.Dalton
2024,2024_06_BUF_NYJ,BUF,00-0034857,27,10.847876160386026,J.Allen
2024,2024_06_BUF_NYJ,NYJ,00-0023459,38,11.157051599960461,A.Rodgers
2024,2024_06_CIN_NYG,CIN,00-0036442,32,-0.5126924400629438,J.Burrow
2024,2024_06_CIN_NYG,NYG,00-0035710,41,-13.669870094524839,D.Jones
2024,2024_06_CLE_PHI,CLE,00-0033537,28,1.5159850724068882,D.Watson
2024,2024_06_CLE_PHI,PHI,00-0036389,26,7.14371745643391,J.Hurts
2024,2024_06_DET_DAL,DAL,00-0033077,37,-19.51792664152954,D.Prescott
2024,2024_06_DET_DAL,DAL,00-0033662,11,-3.4963412155630067,C.Rush
2024,2024_06_DET_DAL,DET,00-0033106,27,19.55894776486755,J.Goff
2024,2024_06_DET_DAL,DET,00-0038550,3,-3.3531181288999505,H.Hooker
2024,2024_06_HOU_NE,HOU,00-0036898,1,-0.7681780345737934,D.Mills
2024,2024_06_HOU_NE,HOU,00-0039163,33,2.623923754506483,C.Stroud
2024,2024_06_HOU_NE,NE,00-0039851,37,-9.781366722367238,D.Maye
2024,2024_06_IND_TEN,IND,00-0026158,38,1.5733930395443276,J.Flacco
2024,2024_06_IND_TEN,TEN,00-0039152,27,-5.684862375749349,W.Levis
2024,2024_06_JAX_CHI,CHI,00-0039918,32,14.273044016386848,C.Williams
2024,2024_06_JAX_CHI,JAX,00-0036971,39,8.484627317043746,T.Lawrence
2024,2024_06_JAX_CHI,JAX,00-0036972,2,-1.5077407426433638,M.Jones
2024,2024_06_LAC_DEN,DEN,00-0039732,36,-3.4612769858357497,B.Nix
2024,2024_06_LAC_DEN,LAC,00-0036355,37,8.115746300136228,J.Herbert
2024,2024_06_PIT_LV,LV,00-0038579,42,-3.816641160883475,A.O'Connell
2024,2024_06_PIT_LV,PIT,00-0036945,28,-0.43266823753361994,J.Fields
2024,2024_06_SF_SEA,SEA,00-0030565,52,4.443329160450002,G.Smith
2024,2024_06_SF_SEA,SF,00-0037834,28,11.726026032879034,B.Purdy
2024,2024_06_TB_NO,NO,00-0039376,45,-13.846393132651176,S.Rattler
2024,2024_06_TB_NO,TB,00-0034855,38,3.2092848289166076,B.Mayfield
2024,2024_06_WAS_BAL,BAL,00-0034796,28,11.001631377484559,L.Jackson
2024,2024_06_WAS_BAL,WAS,00-0039910,38,9.49313516664466,J.Daniels
2024,2024_07_BAL_TB,BAL,00-0034796,24,25.117043778405517,L.Jackson
2024,2024_07_BAL_TB,TB,00-0034855,50,12.246047927204897,B.Mayfield
2024,2024_07_CAR_WAS,CAR,00-0027973,18,-16.466049265989568,A.Dalton
2024,2024_07_CAR_WAS,CAR,00-0039150,2,-1.8600795059464872,B.Young
2024,2024_07_CAR_WAS,WAS,00-0032268,24,11.832089762105014,M.Mariota
2024,2024_07_CAR_WAS,WAS,00-0039910,2,-1.2399959464945671,J.Daniels
2024,2024_07_CIN_CLE,CIN,00-0036442,28,-1.7718636580975726,J.Burrow
2024,2024_07_CIN_CLE,CLE,00-0031503,13,7.0311501903780735,J.Winston
2024,2024_07_CIN_CLE,CLE,00-0033537,19,0.32601187587715685,D.Watson
2024,2024_07_CIN_CLE,CLE,00-0038583,25,-19.31839746661717,D.Thompson-Robinson
2024,2024_07_DEN_NO,DEN,00-0039732,26,1.1637442958891078,B.Nix
2024,2024_07_DEN_NO,NO,00-0038998,4,3.7281038266955875,J.Haener
2024,2024_07_DEN_NO,NO,00-0039376,41,-28.09436148347516,S.Rattler
2024,2024_07_DET_MIN,DET,00-0033106,29,14.917896740080323,J.Goff
2024,2024_07_DET_MIN,MIN,00-0034869,32,-0.7669991719308661,S.Darnold
2024,2024_07_HOU_GB,GB,00-0036264,36,-0.6216179161382076,J.Love
2024,2024_07_HOU_GB,HOU,00-0039163,25,-11.363515555555596,C.Stroud
2024,2024_07_KC_SF,KC,00-0033873,29,-5.723242367559578,P.Mahomes
2024,2024_07_KC_SF,SF,00-0037834,33,-10.695416634941559,B.Purdy
2024,2024_07_LAC_ARI,ARI,00-0035228,26,-0.3420845066430047,K.Murray
2024,2024_07_LAC_ARI,LAC,00-0036355,41,12.951227208535569,J.Herbert
2024,2024_07_LV_LA,LA,00-0026498,24,-7.252890682794836,M.Stafford
2024,2024_07_LV_LA,LV,00-0035289,36,-23.165124470908477,G.Minshew
2024,2024_07_LV_LA,LV,00-0038579,10,-1.1313837203197181,A.O'Connell
2024,2024_07_MIA_IND,IND,00-0039164,24,-5.32929617855242,A.Richardson
2024,2024_07_MIA_IND,MIA,00-0034177,12,0.6597389150992967,T.Boyle
2024,2024_07_MIA_IND,MIA,00-0035993,15,-2.910168590963405,T.Huntley
2024,2024_07_NE_JAX,JAX,00-0036971,21,11.188944673076191,T.Lawrence
2024,2024_07_NE_JAX,NE,00-0039851,40,6.863785661391786,D.Maye
2024,2024_07_NYJ_PIT,NYJ,00-0023459,41,0.08472123943923915,A.Rodgers
2024,2024_07_NYJ_PIT,PIT,00-0029263,30,8.761338668603006,R.Wilson
2024,2024_07_PHI_NYG,NYG,00-0035704,9,-7.037273598834872,D.Lock
2024,2024_07_PHI_NYG,NYG,00-0035710,27,-15.22836846858263,D.Jones
2024,2024_07_PHI_NYG,PHI,00-0036389,18,-2.0727209945907816,J.Hurts
2024,2024_07_PHI_NYG,PHI,00-0038102,2,-1.6758197312010452,K.Pickett
2024,2024_07_SEA_ATL,ATL,00-0029604,38,-9.430239478007437,K.Cousins
2024,2024_07_SEA_ATL,ATL,00-0039917,1,1.3768166581867263,M.Penix
2024,2024_07_SEA_ATL,SEA,00-0030565,29,7.130207947885287,G.Smith
2024,2024_07_SEA_ATL,SEA,00-0038543,1,2.243609394179657,J.Smith-Njigba
2024,2024_07_TEN_BUF,BUF,00-0034857,34,12.851946564213348,J.Allen
2024,2024_07_TEN_BUF,TEN,00-0034771,42,-3.649616198181377,M.Rudolph
2024,2024_08_ARI_MIA,ARI,00-0035228,36,18.33353970605348,K.Murray
2024,2024_08_ARI_MIA,MIA,00-0036212,39,8.731976428380111,T.Tagovailoa
2024,2024_08_ATL_TB,ATL,00-0029604,31,15.142078965669498,K.Cousins
2024,2024_08_ATL_TB,TB,00-0034855,49,8.851652236289702,B.Mayfield
2024,2024_08_BAL_CLE,BAL,00-0034796,39,7.768832307413405,L.Jackson
2024,2024_08_BAL_CLE,CLE,00-0031503,44,11.899560420864818,J.Winston
2024,2024_08_BUF_SEA,BUF,00-0034857,35,12.495397780473018,J.Allen
2024,2024_08_BUF_SEA,SEA,00-0030565,30,1.1531145050552674,G.Smith
2024,2024_08_CAR_DEN,CAR,00-0028872,1,-2.6834525330923498,J.Hekker
2024,2024_08_CAR_DEN,CAR,00-0039150,39,-2.8013703132164665,B.Young
2024,2024_08_CAR_DEN,DEN,00-0032943,1,-1.8986855424009264,R.Dixon
2024,2024_08_CAR_DEN,DEN,00-0034348,1,3.6108437566435896,C.Sutton
2024,2024_08_CAR_DEN,DEN,00-0039732,39,13.637262063537491,B.Nix
2024,2024_08_CHI_WAS,CHI,00-0039918,28,-8.284721263815182,C.Williams
2024,2024_08_CHI_WAS,WAS,00-0039910,40,6.4380867029093345,J.Daniels
2024,2024_08_DAL_SF,DAL,00-0033077,40,0.9261805765831248,D.Prescott
2024,2024_08_DAL_SF,SF,00-0037834,28,7.321977107159839,B.Purdy
2024,2024_08_GB_JAX,GB,00-0036264,22,2.8724852073680496,J.Love
2024,2024_08_GB_JAX,GB,00-0038128,6,3.1558722864137962,M.Willis
2024,2024_08_GB_JAX,JAX,00-0036971,33,5.368962183812849,T.Lawrence
2024,2024_08_IND_HOU,HOU,00-0039163,39,5.5037074731111515,C.Stroud
2024,2024_08_IND_HOU,IND,00-0039164,36,-8.075745732023329,A.Richardson
2024,2024_08_KC_LV,KC,00-0033873,38,10.588797254648624,P.Mahomes
2024,2024_08_KC_LV,LV,00-0035289,33,6.846216843546439,G.Minshew
2024,2024_08_MIN_LA,LA,00-0026498,34,15.890277726517525,M.Stafford
2024,2024_08_MIN_LA,MIN,00-0034869,28,8.46824148462099,S.Darnold
2024,2024_08_NO_LAC,LAC,00-0036355,35,2.149432955255817,J.Herbert
2024,2024_08_NO_LAC,NO,00-0033357,1,-0.17498089210130274,T.Hill
2024,2024_08_NO_LAC,NO,00-0038998,19,-4.720295784899928,J.Haener
2024,2024_08_NO_LAC,NO,00-0039376,27,-5.947728378915212,S.Rattler
2024,2024_08_NYG_PIT,NYG,00-0035710,43,-1.2034438480466063,D.Jones
2024,2024_08_NYG_PIT,PIT,00-0029263,31,3.7647846082027367,R.Wilson
2024,2024_08_NYJ_NE,NE,00-0033119,26,2.7477063525104746,J.Brissett
2024,2024_08_NYJ_NE,NE,00-0039851,7,-2.8058212546166033,D.Maye
2024,2024_08_NYJ_NE,NYJ,00-0023459,30,4.21573919234711,A.Rodgers
2024,2024_08_PHI_CIN,CIN,00-0036442,38,6.644946539542049,J.Burrow
2024,2024_08_PHI_CIN,PHI,00-0036389,20,14.404560368732096,J.Hurts
2024,2024_08_TEN_DET,DET,00-0033106,19,-3.5498791379890235,J.Goff
2024,2024_08_TEN_DET,DET,00-0035685,1,1.5191485377727076,D.Montgomery
2024,2024_08_TEN_DET,DET,00-0038550,3,-2.3470915579237044,H.Hooker
2024,2024_08_TEN_DET,TEN,00-0034771,39,-12.475185061775846,M.Rudolph
2024,2024_09_CHI_ARI,ARI,00-0035228,23,-1.3238325496493528,K.Murray
2024,2024_09_CHI_ARI,CHI,00-0039918,47,-10.911949551074533,C.Williams
2024,2024_09_DAL_ATL,ATL,00-0029604,26,8.401332029723562,K.Cousins
2024,2024_09_DAL_ATL,ATL,00-0032065,1,-0.947,B.Pinion
2024,2024_09_DAL_ATL,DAL,00-0029692,1,-2.9773164816433564,B.Anger
2024,2024_09_DAL_ATL,DAL,00-0033077,26,-3.440309661151714,D.Prescott
2024,2024_09_DAL_ATL,DAL,00-0033662,26,1.4293847701484337,C.Rush
2024,2024_09_DEN_BAL,BAL,00-0034796,20,19.339015614314043,L.Jackson
2024,2024_09_DEN_BAL,DEN,00-0034348,1,3.8798944197478704,C.Sutton
2024,2024_09_DEN_BAL,DEN,00-0039732,37,-11.442227866370207,B.Nix
2024,2024_09_DET_GB,DET,00-0033106,23,5.942980538421371,J.Goff
2024,2024_09_DET_GB,GB,00-0036264,40,-3.081276243726884,J.Love
2024,2024_09_HOU_NYJ,HOU,00-0033897,1,-0.7261459626606666,J.Mixon
2024,2024_09_HOU_NYJ,HOU,00-0039163,38,-13.43764722783453,C.Stroud
2024,2024_09_HOU_NYJ,NYJ,00-0023459,34,8.60553915501805,A.Rodgers
2024,2024_09_IND_MIN,IND,00-0026158,30,-8.775372928424066,J.Flacco
2024,2024_09_IND_MIN,MIN,00-0034869,38,-6.185278175917383,S.Darnold
2024,2024_09_IND_MIN,MIN,00-0036322,1,3.050906698219478,J.Jefferson
2024,2024_09_JAX_PHI,JAX,00-0036971,35,-8.785268068313366,T.Lawrence
2024,2024_09_JAX_PHI,PHI,00-0036389,28,4.183691901423205,J.Hurts
2024,2024_09_LAC_CLE,CLE,00-0031503,52,-20.964322289520815,J.Winston
2024,2024_09_LAC_CLE,LAC,00-0036355,33,1.3242007204249338,J.Herbert
2024,2024_09_LA_SEA,LA,00-0026498,44,3.873418507520166,M.Stafford
2024,2024_09_LA_SEA,SEA,00-0030565,41,-5.465296312177088,G.Smith
2024,2024_09_LV_CIN,CIN,00-0036442,40,7.016673185370065,J.Burrow
2024,2024_09_LV_CIN,LV,00-0035289,18,0.9504952851566486,G.Minshew
2024,2024_09_LV_CIN,LV,00-0038122,20,-10.538204038864933,D.Ridder
2024,2024_09_MIA_BUF,BUF,00-0034857,40,9.08060080008013,J.Allen
2024,2024_09_MIA_BUF,MIA,00-0036212,29,17.544328126894143,T.Tagovailoa
2024,2024_09_NE_TEN,NE,00-0039851,44,-11.048353499326865,D.Maye
2024,2024_09_NE_TEN,TEN,00-0034771,34,5.174849518574774,M.Rudolph
2024,2024_09_NO_CAR,CAR,00-0039150,28,-0.5590030956693982,B.Young
2024,2024_09_NO_CAR,NO,00-0031280,33,3.4029601311669277,D.Carr
2024,2024_09_NO_CAR,NO,00-0033357,1,-1.1422894898144156,T.Hill
2024,2024_09_TB_KC,KC,00-0033873,48,16.1055098749386,P.Mahomes
2024,2024_09_TB_KC,TB,00-0034855,33,7.638863838075984,B.Mayfield
2024,2024_09_WAS_NYG,NYG,00-0035710,30,-1.9680125192096458,D.Jones
2024,2024_09_WAS_NYG,WAS,00-0039910,22,9.809720332377156,J.Daniels
2024,2024_10_ATL_NO,ATL,00-0029604,41,-1.245446489061938,K.Cousins
2024,2024_10_ATL_NO,NO,00-0031280,25,6.222857016431702,D.Carr
2024,2024_10_BUF_IND,BUF,00-0034857,39,-6.463513292489639,J.Allen
2024,2024_10_BUF_IND,IND,00-0026158,39,-12.451161307303776,J.Flacco
2024,2024_10_CIN_BAL,BAL,00-0034796,33,19.659902315499494,L.Jackson
2024,2024_10_CIN_BAL,CIN,00-0036442,60,12.234198317994132,J.Burrow
2024,2024_10_DEN_KC,DEN,00-0039732,32,7.696348666215701,B.Nix
2024,2024_10_DEN_KC,KC,00-0033873,46,3.8779830225843033,P.Mahomes
2024,2024_10_DET_HOU,DET,00-0033106,30,-1.8688213077679268,J.Goff
2024,2024_10_DET_HOU,HOU,00-0039163,37,-5.874458842751672,C.Stroud
2024,2024_10_MIA_LA,LA,00-0026498,49,-7.455165512594906,M.Stafford
2024,2024_10_MIA_LA,MIA,00-0036212,31,-1.5312514591516702,T.Tagovailoa
2024,2024_10_MIN_JAX,JAX,00-0036972,25,-8.997734661330469,M.Jones
2024,2024_10_MIN_JAX,MIN,00-0034869,39,-2.4223577002886763,S.Darnold
2024,2024_10_NE_CHI,CHI,00-0039918,39,-22.357460956134336,C.Williams
2024,2024_10_NE_CHI,NE,00-0039851,26,-1.3342440700961165,D.Maye
2024,2024_10_NYG_CAR,CAR,00-0039150,26,-2.38272735218328,B.Young
2024,2024_10_NYG_CAR,NYG,00-0035710,38,-10.368059095495918,D.Jones
2024,2024_10_NYJ_ARI,ARI,00-0035228,25,17.980556081592596,K.Murray
2024,2024_10_NYJ_ARI,NYJ,00-0023459,38,-10.893348057246827,A.Rodgers
2024,2024_10_PHI_DAL,DAL,00-0033662,24,-16.95471364547289,C.Rush
2024,2024_10_PHI_DAL,DAL,00-0037012,8,-5.342377725755796,T.Lance
2024,2024_10_PHI_DAL,PHI,00-0036389,25,-4.800011300660856,J.Hurts
2024,2024_10_PHI_DAL,PHI,00-0038102,2,-1.3199137070332654,K.Pickett
2024,2024_10_PIT_WAS,PIT,00-0029263,31,7.329395678825676,R.Wilson
2024,2024_10_PIT_WAS,PIT,00-0032399,1,-2.6777201897348277,M.Killebrew
2024,2024_10_PIT_WAS,WAS,00-0039910,37,-9.261980554713908,J.Daniels
2024,2024_10_SF_TB,SF,00-0037834,38,16.825427703860097,B.Purdy
2024,2024_10_SF_TB,TB,00-0034855,31,-1.5207339657417909,B.Mayfield
2024,2024_10_TEN_LAC,LAC,00-0036355,18,9.668904586900211,J.Herbert
2024,2024_10_TEN_LAC,TEN,00-0039152,30,1.3635178053062136,W.Levis
2024,2024_11_ATL_DEN,ATL,00-0029604,29,-7.1186829800129985,K.Cousins
2024,2024_11_ATL_DEN,ATL,00-0039917,5,1.8046338148415089,M.Penix
2024,2024_11_ATL_DEN,DEN,00-0039732,34,22.721408265677212,B.Nix
2024,2024_11_BAL_PIT,BAL,00-0034796,36,-2.438620983949903,L.Jackson
2024,2024_11_BAL_PIT,PIT,00-0029263,40,-11.591212340985363,R.Wilson
2024,2024_11_CIN_LAC,CIN,00-0036442,53,6.436153140921302,J.Burrow
2024,2024_11_CIN_LAC,LAC,00-0036355,37,2.2898771165483796,J.Herbert
2024,2024_11_CLE_NO,CLE,00-0031503,50,9.484876365381425,J.Winston
2024,2024_11_CLE_NO,CLE,00-0038583,1,-0.47643924260046333,D.Thompson-Robinson
2024,2024_11_CLE_NO,NO,00-0031280,28,12.270167347975075,D.Carr
2024,2024_11_CLE_NO,NO,00-0033357,2,-1.900422933511436,T.Hill
2024,2024_11_GB_CHI,CHI,00-0039918,35,3.1933444820275354,C.Williams
2024,2024_11_GB_CHI,GB,00-0036264,18,13.075745527574327,J.Love
2024,2024_11_HOU_DAL,DAL,00-0029692,1,-2.709706327295862,B.Anger
2024,2024_11_HOU_DAL,DAL,00-0033662,60,-13.679566236527164,C.Rush
2024,2024_11_HOU_DAL,HOU,00-0039163,35,6.418011947523786,C.Stroud
2024,2024_11_IND_NYJ,IND,00-0039164,33,8.690708180895307,A.Richardson
2024,2024_11_IND_NYJ,NYJ,00-0023459,32,-0.44817846041582454,A.Rodgers
2024,2024_11_JAX_DET,DET,00-0033106,29,32.976435910502914,J.Goff
2024,2024_11_JAX_DET,DET,00-0038550,4,3.623322121429159,H.Hooker
2024,2024_11_JAX_DET,JAX,00-0036972,30,-11.868479111575368,M.Jones
2024,2024_11_KC_BUF,BUF,00-0034857,40,5.961758687028341,J.Allen
2024,2024_11_KC_BUF,KC,00-0033873,35,5.599778355506714,P.Mahomes
2024,2024_11_LA_NE,LA,00-0026498,27,16.001792662762995,M.Stafford
2024,2024_11_LA_NE,NE,00-0039851,42,11.093982242824096,D.Maye
2024,2024_11_LV_MIA,LV,00-0035289,46,4.922723967598332,G.Minshew
2024,2024_11_LV_MIA,MIA,00-0036212,37,24.538811024029197,T.Tagovailoa
2024,2024_11_MIN_TEN,MIN,00-0034869,34,7.44695669365934,S.Darnold
2024,2024_11_MIN_TEN,TEN,00-0039152,36,1.866540065099651,W.Levis
2024,2024_11_SEA_SF,SEA,00-0030565,36,-0.7549310410544843,G.Smith
2024,2024_11_SEA_SF,SF,00-0037834,30,0.7670178439844149,B.Purdy
2024,2024_11_WAS_PHI,PHI,00-0036389,30,0.8737312728603861,J.Hurts
2024,2024_11_WAS_PHI,WAS,00-0039910,36,1.396345592264086,J.Daniels
2024,2024_12_ARI_SEA,ARI,00-0035228,42,-5.312439965478136,K.Murray
2024,2024_12_ARI_SEA,SEA,00-0030565,36,2.1306606442667544,G.Smith
2024,2024_12_BAL_LAC,BAL,00-0034796,24,8.123395734776407,L.Jackson
2024,2024_12_BAL_LAC,LAC,00-0036355,40,-1.8392485675853765,J.Herbert
2024,2024_12_DAL_WAS,DAL,00-0033662,33,8.539612328004344,C.Rush
2024,2024_12_DAL_WAS,WAS,00-0039910,41,-4.740377688239776,J.Daniels
2024,2024_12_DEN_LV,DEN,00-0039732,43,8.337529324486804,B.Nix
2024,2024_12_DEN_LV,LV,00-0035190,1,4.333918029908091,A.Cole
2024,2024_12_DEN_LV,LV,00-0035289,44,-13.14270960042942,G.Minshew
2024,2024_12_DEN_LV,LV,00-0038122,12,-5.315821815864183,D.Ridder
2024,2024_12_DET_IND,DET,00-0033106,39,9.311170491704349,J.Goff
2024,2024_12_DET_IND,IND,00-0039164,28,-2.591627109820388,A.Richardson
2024,2024_12_KC_CAR,CAR,00-0039150,37,6.348971300737508,B.Young
2024,2024_12_KC_CAR,KC,00-0033873,42,9.169239682292726,P.Mahomes
2024,2024_12_MIN_CHI,CHI,00-0034827,1,-0.44727218337357044,D.Moore
2024,2024_12_MIN_CHI,CHI,00-0039918,51,3.9069963137445383,C.Williams
2024,2024_12_MIN_CHI,MIN,00-0033319,1,2.27550311293453,N.Mullens
2024,2024_12_MIN_CHI,MIN,00-0034869,37,10.175371037454047,S.Darnold
2024,2024_12_NE_MIA,MIA,00-0036212,42,13.061815574565571,T.Tagovailoa
2024,2024_12_NE_MIA,NE,00-0033307,1,-1.3199654843192548,K.Bourne
2024,2024_12_NE_MIA,NE,00-0039851,42,-11.349172246365807,D.Maye
2024,2024_12_PHI_LA,LA,00-0026498,42,4.1466381223260225,M.Stafford
2024,2024_12_PHI_LA,PHI,00-0036389,23,7.471461810654631,J.Hurts
2024,2024_12_PIT_CLE,CLE,00-0031503,30,-0.7570856122181285,J.Winston
2024,2024_12_PIT_CLE,PIT,00-0029263,33,7.811286311006702,R.Wilson
2024,2024_12_PIT_CLE,PIT,00-0036945,1,-1.1198502680053934,J.Fields
2024,2024_12_SF_GB,GB,00-0036264,25,6.631264539280345,J.Love
2024,2024_12_SF_GB,SF,00-0032434,31,-10.667565045155744,B.Allen
2024,2024_12_TB_NYG,NYG,00-0035704,1,-0.2705114798154682,D.Lock
2024,2024_12_TB_NYG,NYG,00-0038476,35,-6.280943510704674,T.DeVito
2024,2024_12_TB_NYG,TB,00-0034855,30,16.715856334514683,B.Mayfield
2024,2024_12_TEN_HOU,HOU,00-0039163,37,-6.365417903699747,C.Stroud
2024,2024_12_TEN_HOU,TEN,00-0033009,1,-0.43441603682003915,T.Boyd
2024,2024_12_TEN_HOU,TEN,00-0039152,32,-1.9745699129351149,W.Levis
2024,2024_13_ARI_MIN,ARI,00-0035228,45,0.7463806142903469,K.Murray
2024,2024_13_ARI_MIN,MIN,00-0034869,36,1.083707622930696,S.Darnold
2024,2024_13_CHI_DET,CHI,00-0039918,44,-1.2645867895188276,C.Williams
2024,2024_13_CHI_DET,DET,00-0033106,35,7.128169895617159,J.Goff
2024,2024_13_CHI_DET,DET,00-0036880,1,-0.9758530937833712,P.Sewell
2024,2024_13_CLE_DEN,CLE,00-0031503,62,-2.339280853559483,J.Winston
2024,2024_13_CLE_DEN,DEN,00-0039732,35,3.2978693580282132,B.Nix
2024,2024_13_HOU_JAX,HOU,00-0039163,36,2.8301942070348893,C.Stroud
2024,2024_13_HOU_JAX,JAX,00-0036971,10,-5.041943465359509,T.Lawrence
2024,2024_13_HOU_JAX,JAX,00-0036972,34,14.264848442183288,M.Jones
2024,2024_13_IND_NE,IND,00-0039164,24,-1.4226152612539718,A.Richardson
2024,2024_13_IND_NE,NE,00-0039851,35,7.793953025479342,D.Maye
2024,2024_13_LAC_ATL,ATL,00-0029604,40,-11.633553486629031,K.Cousins
2024,2024_13_LAC_ATL,LAC,00-0034162,1,-2.7066063629463315,J.Scott
2024,2024_13_LAC_ATL,LAC,00-0036355,29,-5.198224682945748,J.Herbert
2024,2024_13_LA_NO,LA,00-0026498,26,0.2989891153993085,M.Stafford
2024,2024_13_LA_NO,NO,00-0031280,38,-1.6041287415243692,D.Carr
2024,2024_13_LV_KC,KC,00-0033873,50,1.2063798437946782,P.Mahomes
2024,2024_13_LV_KC,LV,00-0038579,37,9.266488849591182,A.O'Connell
2024,2024_13_MIA_GB,GB,00-0036264,28,12.667359238268414,J.Love
2024,2024_13_MIA_GB,MIA,00-0036212,53,11.943116470511924,T.Tagovailoa
2024,2024_13_NYG_DAL,DAL,00-0033662,36,-2.71940301306588,C.Rush
2024,2024_13_NYG_DAL,NYG,00-0035704,38,-20.77091952393162,D.Lock
2024,2024_13_PHI_BAL,BAL,00-0034796,39,-0.9726886269649855,L.Jackson
2024,2024_13_PHI_BAL,PHI,00-0036389,21,-1.5673560519353487,J.Hurts
2024,2024_13_PIT_CIN,CIN,00-0036442,42,-1.1944501415327764,J.Burrow
2024,2024_13_PIT_CIN,PIT,00-0029263,40,15.515664771345557,R.Wilson
2024,2024_13_SEA_NYJ,NYJ,00-0023459,41,-14.039030682528391,A.Rodgers
2024,2024_13_SEA_NYJ,SEA,00-0030565,34,-1.5587153364787714,G.Smith
2024,2024_13_SF_BUF,BUF,00-0033869,1,-0.1403975976863876,M.Trubisky
2024,2024_13_SF_BUF,BUF,00-0034857,17,7.459330769866938,J.Allen
2024,2024_13_SF_BUF,SF,00-0037834,19,-6.4782698119405255,B.Purdy
2024,2024_13_TB_CAR,CAR,00-0039150,47,4.518333094965044,B.Young
2024,2024_13_TB_CAR,TB,00-0034855,37,-8.418919523209684,B.Mayfield
2024,2024_13_TB_CAR,TB,00-0036928,1,0.29781093914061785,K.Trask
2024,2024_13_TEN_WAS,TEN,00-0039152,40,1.923217071071249,W.Levis
2024,2024_13_TEN_WAS,WAS,00-0039910,32,10.12790515654569,J.Daniels
2024,2024_14_ATL_MIN,ATL,00-0029604,38,0.7157764172624468,K.Cousins
2024,2024_14_ATL_MIN,MIN,00-0034869,32,23.604845772602964,S.Darnold
2024,2024_14_BUF_LA,BUF,00-0034857,37,16.823644940159284,J.Allen
2024,2024_14_BUF_LA,LA,00-0026498,30,24.564090923832897,M.Stafford
2024,2024_14_CAR_PHI,CAR,00-0039150,35,2.7833363889949396,B.Young
2024,2024_14_CAR_PHI,PHI,00-0036389,25,-1.7947641140599684,J.Hurts
2024,2024_14_CHI_SF,CHI,00-0038416,1,0.39104867563582957,T.Bagent
2024,2024_14_CHI_SF,CHI,00-0039918,31,-7.522400229834486,C.Williams
2024,2024_14_CHI_SF,SF,00-0032434,1,-1.686612502206117,B.Allen
2024,2024_14_CHI_SF,SF,00-0037834,26,22.78080663687433,B.Purdy
2024,2024_14_CIN_DAL,CIN,00-0036442,46,10.575287454100463,J.Burrow
2024,2024_14_CIN_DAL,DAL,00-0033662,34,-5.963565976259552,C.Rush
2024,2024_14_CLE_PIT,CLE,00-0031503,44,-10.037393141880234,J.Winston
2024,2024_14_CLE_PIT,PIT,00-0029263,27,-0.560810978784168,R.Wilson
2024,2024_14_GB_DET,DET,00-0033106,42,11.84859770108892,J.Goff
2024,2024_14_GB_DET,GB,00-0036264,21,6.701136507617775,J.Love
2024,2024_14_JAX_TEN,JAX,00-0036972,32,5.344276756625681,M.Jones
2024,2024_14_JAX_TEN,TEN,00-0039152,34,-10.757726167576154,W.Levis
2024,2024_14_LAC_KC,KC,00-0033873,40,0.6303111378696098,P.Mahomes
2024,2024_14_LAC_KC,LAC,00-0036355,33,8.155707047029864,J.Herbert
2024,2024_14_LV_TB,LV,00-0038122,19,0.9912340276806604,D.Ridder
2024,2024_14_LV_TB,LV,00-0038579,20,-7.580805402317426,A.O'Connell
2024,2024_14_LV_TB,TB,00-0034855,33,4.732747731613927,B.Mayfield
2024,2024_14_NO_NYG,NO,00-0031280,32,4.264099495653646,D.Carr
2024,2024_14_NO_NYG,NO,00-0038998,1,-1.3392184140975587,J.Haener
2024,2024_14_NO_NYG,NYG,00-0035704,51,-10.86905775030583,D.Lock
2024,2024_14_NYJ_MIA,MIA,00-0036212,47,20.880223811164395,T.Tagovailoa
2024,2024_14_NYJ_MIA,NYJ,00-0023459,42,14.799697282132872,A.Rodgers
2024,2024_14_SEA_ARI,ARI,00-0035228,40,-4.43118470647484,K.Murray
2024,2024_14_SEA_ARI,SEA,00-0030565,30,7.1610925634604925,G.Smith
2024,2024_15_ATL_LV,ATL,00-0029604,20,-7.511997886550209,K.Cousins
2024,2024_15_ATL_LV,LV,00-0034960,1,-1.5676263889763504,J.Meyers
2024,2024_15_ATL_LV,LV,00-0038122,41,-7.4418246608448495,D.Ridder
2024,2024_15_BAL_NYG,BAL,00-0026300,1,-1.179331989493221,J.Johnson
2024,2024_15_BAL_NYG,BAL,00-0034796,27,24.62604583549546,L.Jackson
2024,2024_15_BAL_NYG,NYG,00-0034177,25,-7.389704616158269,T.Boyle
2024,2024_15_BAL_NYG,NYG,00-0038476,15,-1.7279889796045609,T.DeVito
2024,2024_15_BUF_DET,BUF,00-0034857,34,19.885844467490543,J.Allen
2024,2024_15_BUF_DET,DET,00-0033106,60,28.549139780655096,J.Goff
2024,2024_15_CHI_MIN,CHI,00-0038416,1,-0.072181174706202,T.Bagent
2024,2024_15_CHI_MIN,CHI,00-0039918,34,-4.348173730299496,C.Williams
2024,2024_15_CHI_MIN,MIN,00-0034869,42,2.8864500130642363,S.Darnold
2024,2024_15_CIN_TEN,CIN,00-0036442,37,7.844402702168566,J.Burrow
2024,2024_15_CIN_TEN,TEN,00-0034771,25,9.657332767674234,M.Rudolph
2024,2024_15_CIN_TEN,TEN,00-0039152,13,-12.299817095045,W.Levis
2024,2024_15_DAL_CAR,CAR,00-0039150,34,-10.285111122066155,B.Young
2024,2024_15_DAL_CAR,DAL,00-0033662,29,11.28281988816182,C.Rush
2024,2024_15_GB_SEA,GB,00-0036264,27,10.782306672222292,J.Love
2024,2024_15_GB_SEA,SEA,00-0030565,22,-5.205535544278002,G.Smith
2024,2024_15_GB_SEA,SEA,00-0037077,18,-15.572918311471668,S.Howell
2024,2024_15_IND_DEN,DEN,00-0039732,34,-14.825610202783174,B.Nix
2024,2024_15_IND_DEN,IND,00-0039164,40,-15.755782451023027,A.Richardson
2024,2024_15_KC_CLE,CLE,00-0031503,30,-20.197631082264706,J.Winston
2024,2024_15_KC_CLE,CLE,00-0038583,9,-7.471041835087817,D.Thompson-Robinson
2024,2024_15_KC_CLE,KC,00-0032950,2,2.0291093739215285,C.Wentz
2024,2024_15_KC_CLE,KC,00-0033873,38,-4.491240243252832,P.Mahomes
2024,2024_15_LA_SF,LA,00-0026498,27,-5.896531199318261,M.Stafford
2024,2024_15_LA_SF,SF,00-0037834,34,-10.566544854500965,B.Purdy
2024,2024_15_MIA_HOU,HOU,00-0039163,30,-6.688229880207084,C.Stroud
2024,2024_15_MIA_HOU,MIA,00-0036212,43,-8.854686274098757,T.Tagovailoa
2024,2024_15_NE_ARI,ARI,00-0035228,30,11.530686542323311,K.Murray
2024,2024_15_NE_ARI,ARI,00-0038582,2,-1.1280186781659722,C.Tune
2024,2024_15_NE_ARI,NE,00-0039851,25,3.4368945037442016,D.Maye
2024,2024_15_NYJ_JAX,JAX,00-0036972,49,4.560388447221561,M.Jones
2024,2024_15_NYJ_JAX,NYJ,00-0023459,32,13.774321898020606,A.Rodgers
2024,2024_15_PIT_PHI,PHI,00-0036389,35,21.311538478605033,J.Hurts
2024,2024_15_PIT_PHI,PIT,00-0029263,24,-5.86317926853425,R.Wilson
2024,2024_15_TB_LAC,LAC,00-0031800,1,-0.28928324638400227,T.Heinicke
2024,2024_15_TB_LAC,LAC,00-0036355,36,-11.176209496916272,J.Herbert
2024,2024_15_TB_LAC,TB,00-0034855,28,17.861936522152714,B.Mayfield
2024,2024_15_WAS_NO,NO,00-0034418,1,2.034913587849587,C.Wilson
2024,2024_15_WAS_NO,NO,00-0038998,13,-9.442515248782001,J.Haener
2024,2024_15_WAS_NO,NO,00-0039376,21,6.301402731084571,S.Rattler
2024,2024_15_WAS_NO,WAS,00-0039910,39,1.1065485933335655,J.Daniels
2024,2024_16_ARI_CAR,ARI,00-0035228,35,1.339832786799806,K.Murray
2024,2024_16_ARI_CAR,CAR,00-0039150,29,1.0898572438312986,B.Young
2024,2024_16_CLE_CIN,CIN,00-0036442,34,3.053676655412602,J.Burrow
2024,2024_16_CLE_CIN,CLE,00-0038583,39,-17.84603051986778,D.Thompson-Robinson
2024,2024_16_DEN_LAC,DEN,00-0039732,42,7.127936665068483,B.Nix
2024,2024_16_DEN_LAC,LAC,00-0036355,34,12.318311662806199,J.Herbert
2024,2024_16_DET_CHI,CHI,00-0039918,42,16.46451891196193,C.Williams
2024,2024_16_DET_CHI,DET,00-0033106,33,15.490683310386071,J.Goff
2024,2024_16_HOU_KC,HOU,00-0039163,41,6.035946416850766,C.Stroud
2024,2024_16_HOU_KC,KC,00-0033873,42,9.490251844529643,P.Mahomes
2024,2024_16_JAX_LV,JAX,00-0036972,40,-5.377738477138337,M.Jones
2024,2024_16_JAX_LV,LV,00-0038579,41,-0.24109466473603902,A.O'Connell
2024,2024_16_LA_NYJ,LA,00-0026498,19,3.1867796305471403,M.Stafford
2024,2024_16_LA_NYJ,NYJ,00-0023459,43,2.7580433396838098,A.Rodgers
2024,2024_16_MIN_SEA,MIN,00-0034869,38,8.355436213514567,S.Darnold
2024,2024_16_MIN_SEA,SEA,00-0030565,45,0.3033877674065899,G.Smith
2024,2024_16_NE_BUF,BUF,00-0034857,30,1.5287619842515856,J.Allen
2024,2024_16_NE_BUF,NE,00-0039851,38,4.18428439006675,D.Maye
2024,2024_16_NO_GB,GB,00-0036264,28,3.255589010599448,J.Love
2024,2024_16_NO_GB,GB,00-0038128,2,2.8354712769796606,M.Willis
2024,2024_16_NO_GB,NO,00-0039376,33,-17.423240505042486,S.Rattler
2024,2024_16_NYG_ATL,ATL,00-0039917,27,6.547739793670731,M.Penix
2024,2024_16_NYG_ATL,NYG,00-0035704,42,-21.454953689244576,D.Lock
2024,2024_16_PHI_WAS,PHI,00-0034844,1,-1.659953220529728,S.Barkley
2024,2024_16_PHI_WAS,PHI,00-0036389,4,-2.0782454311847687,J.Hurts
2024,2024_16_PHI_WAS,PHI,00-0038102,27,-0.6076742107428408,K.Pickett
2024,2024_16_PHI_WAS,WAS,00-0039910,39,4.557647701760288,J.Daniels
2024,2024_16_PIT_BAL,BAL,00-0034796,24,7.082269471813374,L.Jackson
2024,2024_16_PIT_BAL,PIT,00-0029263,35,-6.567241572774947,R.Wilson
2024,2024_16_SF_MIA,MIA,00-0036212,34,5.652358010653883,T.Tagovailoa
2024,2024_16_SF_MIA,SF,00-0037834,41,5.7012597124533855,B.Purdy
2024,2024_16_TB_DAL,DAL,00-0033662,36,9.25454558860563,C.Rush
2024,2024_16_TB_DAL,TB,00-0034855,47,2.2010984395084345,B.Mayfield
2024,2024_16_TEN_IND,IND,00-0039164,12,2.424384397279937,A.Richardson
2024,2024_16_TEN_IND,TEN,00-0034771,36,3.618777581146891,M.Rudolph
2024,2024_17_ARI_LA,ARI,00-0035228,52,2.2234945211197354,K.Murray
2024,2024_17_ARI_LA,LA,00-0026498,32,-0.4822571154124071,M.Stafford
2024,2024_17_ATL_WAS,ATL,00-0039917,37,-0.6429523978219969,M.Penix
2024,2024_17_ATL_WAS,WAS,00-0039910,41,4.971853517922844,J.Daniels
2024,2024_17_BAL_HOU,BAL,00-0026300,2,0.7752526643453166,J.Johnson
2024,2024_17_BAL_HOU,BAL,00-0034796,16,8.4326372798062,L.Jackson
2024,2024_17_BAL_HOU,HOU,00-0036898,1,0.579170580022037,D.Mills
2024,2024_17_BAL_HOU,HOU,00-0039163,36,-18.879973261326086,C.Stroud
2024,2024_17_CAR_TB,CAR,00-0039150,33,-2.502133105487451,B.Young
2024,2024_17_CAR_TB,TB,00-0034855,34,25.205253371282296,B.Mayfield
2024,2024_17_DAL_PHI,DAL,00-0033662,29,-8.82291461349399,C.Rush
2024,2024_17_DAL_PHI,DAL,00-0037012,1,-0.4633061687927693,T.Lance
2024,2024_17_DAL_PHI,PHI,00-0038102,15,7.0406187815275905,K.Pickett
2024,2024_17_DAL_PHI,PHI,00-0038400,4,7.160986814531498,T.McKee
2024,2024_17_DEN_CIN,CIN,00-0036442,56,18.63396873320934,J.Burrow
2024,2024_17_DEN_CIN,DEN,00-0039732,33,9.496485496653737,B.Nix
2024,2024_17_DET_SF,DET,00-0033106,37,21.921108355249476,J.Goff
2024,2024_17_DET_SF,SF,00-0033949,4,2.775570365891326,J.Dobbs
2024,2024_17_DET_SF,SF,00-0037834,36,13.39764969330029,B.Purdy
2024,2024_17_DET_SF,SF,00-0039916,1,-0.5309751115273684,R.Pearsall
2024,2024_17_GB_MIN,GB,00-0036264,34,0.7544746832186138,J.Love
2024,2024_17_GB_MIN,MIN,00-0034869,44,12.191306583659035,S.Darnold
2024,2024_17_IND_NYG,IND,00-0026158,41,7.237719444592963,J.Flacco
2024,2024_17_IND_NYG,NYG,00-0035704,23,27.63103197995224,D.Lock
2024,2024_17_KC_PIT,KC,00-0033873,39,19.15145948427209,P.Mahomes
2024,2024_17_KC_PIT,PIT,00-0029263,42,-15.375228794728173,R.Wilson
2024,2024_17_LAC_NE,LAC,00-0031800,2,-2.0583578572259285,T.Heinicke
2024,2024_17_LAC_NE,LAC,00-0036355,38,19.62700716635617,J.Herbert
2024,2024_17_LAC_NE,NE,00-0033119,2,-2.181070867809467,J.Brissett
2024,2024_17_LAC_NE,NE,00-0039851,26,-15.040431668050587,D.Maye
2024,2024_17_LV_NO,LV,00-0038579,36,9.655957560468881,A.O'Connell
2024,2024_17_LV_NO,NO,00-0034418,1,-0.8836968974792399,C.Wilson
2024,2024_17_LV_NO,NO,00-0039376,39,-15.643320484186072,S.Rattler
2024,2024_17_MIA_CLE,CLE,00-0038583,48,-25.161638461693656,D.Thompson-Robinson
2024,2024_17_MIA_CLE,MIA,00-0035993,29,4.635684968788244,T.Huntley
2024,2024_17_NYJ_BUF,BUF,00-0033869,1,7.094042852520943,M.Trubisky
2024,2024_17_NYJ_BUF,BUF,00-0034857,27,9.769992327399844,J.Allen
2024,2024_17_NYJ_BUF,NYJ,00-0023459,22,-15.625547985662706,A.Rodgers
2024,2024_17_NYJ_BUF,NYJ,00-0028118,16,8.799549574993085,T.Taylor
2024,2024_17_SEA_CHI,CHI,00-0039918,35,-10.22574662037193,C.Williams
2024,2024_17_SEA_CHI,SEA,00-0030565,26,-4.18387351824247,G.Smith
2024,2024_17_TEN_JAX,JAX,00-0036972,24,7.608072873527098,M.Jones
2024,2024_17_TEN_JAX,TEN,00-0034771,34,0.2341703360092966,M.Rudolph
2024,2024_18_BUF_NE,BUF,00-0033869,21,4.540342380214272,M.Trubisky
2024,2024_18_BUF_NE,BUF,00-0034401,11,-7.152866298856679,M.White
2024,2024_18_BUF_NE,NE,00-0039398,29,11.790716131760057,J.Milton
2024,2024_18_BUF_NE,NE,00-0039851,2,-2.7135364850983024,D.Maye
2024,2024_18_CAR_ATL,ATL,00-0039917,39,5.466879083280481,M.Penix
2024,2024_18_CAR_ATL,CAR,00-0039150,34,20.03909871125128,B.Young
2024,2024_18_CAR_ATL,CAR,00-0039491,1,1.3107093420112506,J.Coker
2024,2024_18_CHI_GB,CHI,00-0030279,1,-5.911163269076496,K.Allen
2024,2024_18_CHI_GB,CHI,00-0039918,29,3.9416614081710577,C.Williams
2024,2024_18_CHI_GB,GB,00-0036264,12,-2.7985995693234664,J.Love
2024,2024_18_CHI_GB,GB,00-0038128,17,-2.7617367076681907,M.Willis
2024,2024_18_CIN_PIT,CIN,00-0036442,50,-1.42624499736261,J.Burrow
2024,2024_18_CIN_PIT,PIT,00-0029263,35,-5.404655771760845,R.Wilson
2024,2024_18_CLE_BAL,BAL,00-0034796,31,5.2734521195234265,L.Jackson
2024,2024_18_CLE_BAL,CLE,00-0038108,32,-16.848805408400583,B.Zappe
2024,2024_18_CLE_BAL,CLE,00-0038583,4,-0.8675994474906474,D.Thompson-Robinson
2024,2024_18_HOU_TEN,HOU,00-0036898,23,-3.762977971753571,D.Mills
2024,2024_18_HOU_TEN,HOU,00-0039163,6,5.277879639528692,C.Stroud
2024,2024_18_HOU_TEN,TEN,00-0034771,10,0.5282645906536141,M.Rudolph
2024,2024_18_HOU_TEN,TEN,00-0039152,19,4.725940895776264,W.Levis
2024,2024_18_JAX_IND,IND,00-0026158,43,-3.6950000316639087,J.Flacco
2024,2024_18_JAX_IND,JAX,00-0036972,34,2.7283721243141477,M.Jones
2024,2024_18_KC_DEN,DEN,00-0039732,29,25.95772983400812,B.Nix
2024,2024_18_KC_DEN,KC,00-0032950,21,-8.78485758761084,C.Wentz
2024,2024_18_KC_DEN,KC,00-0037324,1,-1.3898326593916863,C.Oladokun
2024,2024_18_LAC_LV,LAC,00-0036355,37,18.42212367073839,J.Herbert
2024,2024_18_LAC_LV,LV,00-0038122,2,0.29725855961441994,D.Ridder
2024,2024_18_LAC_LV,LV,00-0038579,34,-3.8717228206720593,A.O'Connell
2024,2024_18_MIA_NYJ,MIA,00-0035993,45,-6.921629176284158,T.Huntley
2024,2024_18_MIA_NYJ,NYJ,00-0023459,39,2.028019384821289,A.Rodgers
2024,2024_18_MIA_NYJ,NYJ,00-0034521,1,-1.0107955927378498,A.Lazard
2024,2024_18_MIN_DET,DET,00-0033106,35,1.5881570649833985,J.Goff
2024,2024_18_MIN_DET,MIN,00-0034869,43,-24.812253738504936,S.Darnold
2024,2024_18_NO_TB,NO,00-0039376,44,-1.0724893337699646,S.Rattler
2024,2024_18_NO_TB,TB,00-0034855,33,9.411980555664716,B.Mayfield
2024,2024_18_NYG_PHI,NYG,00-0035704,29,-8.675329102245367,D.Lock
2024,2024_18_NYG_PHI,PHI,00-0038400,43,7.516726461768228,T.McKee
2024,2024_18_SEA_LA,LA,00-0031345,45,2.0776321841180367,J.Garoppolo
2024,2024_18_SEA_LA,SEA,00-0030565,30,9.838861239118344,G.Smith
2024,2024_18_SF_ARI,ARI,00-0035228,35,8.010847701248606,K.Murray
2024,2024_18_SF_ARI,SF,00-0033949,44,3.30969838237886,J.Dobbs
2024,2024_18_WAS_DAL,DAL,00-0037012,36,-2.5586524666536583,T.Lance
2024,2024_18_WAS_DAL,WAS,00-0032268,20,10.753157478917391,M.Mariota
2024,2024_18_WAS_DAL,WAS,00-0036626,1,-0.42986037069931626,D.Brown
2024,2024_18_WAS_DAL,WAS,00-0039910,16,-11.413751845261853,J.Daniels
2024,2024_19_DEN_BUF,BUF,00-0034857,29,15.96646682515846,J.Allen
2024,2024_19_DEN_BUF,DEN,00-0032943,1,3.4906835660804063,R.Dixon
2024,2024_19_DEN_BUF,DEN,00-0039732,24,-7.437494957720211,B.Nix
2024,2024_19_GB_PHI,GB,00-0036264,35,-5.509075429002417,J.Love
2024,2024_19_GB_PHI,PHI,00-0036389,23,0.5318427028622046,J.Hurts
2024,2024_19_LAC_HOU,HOU,00-0039163,36,1.1497275900673811,C.Stroud
2024,2024_19_LAC_HOU,LAC,00-0036355,36,-23.056620933084403,J.Herbert
2024,2024_19_MIN_LA,LA,00-0026498,29,5.320361357126192,M.Stafford
2024,2024_19_MIN_LA,MIN,00-0034869,50,-29.898737033518195,S.Darnold
2024,2024_19_PIT_BAL,BAL,00-0034796,21,9.966151808795985,L.Jackson
2024,2024_19_PIT_BAL,PIT,00-0029263,33,8.114423981169239,R.Wilson
2024,2024_19_PIT_BAL,PIT,00-0036945,1,-0.4703446136554703,J.Fields
2024,2024_19_WAS_TB,TB,00-0034855,19,13.499115414618384,B.Mayfield
2024,2024_19_WAS_TB,WAS,00-0039910,36,11.077331459244014,J.Daniels
2024,2024_20_BAL_BUF,BAL,00-0034796,29,4.56418802212206,L.Jackson
2024,2024_20_BAL_BUF,BUF,00-0034857,23,-1.7310598662434282,J.Allen
2024,2024_20_HOU_KC,HOU,00-0039163,36,0.970950500509085,C.Stroud
2024,2024_20_HOU_KC,KC,00-0033873,28,-0.5429879332680922,P.Mahomes
2024,2024_20_LA_PHI,LA,00-0026498,49,3.7475674107428727,M.Stafford
2024,2024_20_LA_PHI,PHI,00-0036389,27,-4.764904062380083,J.Hurts
2024,2024_20_WAS_DET,DET,00-0031237,1,-0.13195179169997573,T.Bridgewater
2024,2024_20_WAS_DET,DET,00-0033106,39,-3.3023670425172895,J.Goff
2024,2024_20_WAS_DET,DET,00-0035685,1,1.1859101130394265,D.Montgomery
2024,2024_20_WAS_DET,DET,00-0037240,1,-4.441427099518478,Ja.Williams
2024,2024_20_WAS_DET,WAS,00-0039910,31,19.172675308815947,J.Daniels
2024,2024_21_BUF_KC,BUF,00-0034857,37,7.281316275241578,J.Allen
2024,2024_21_BUF_KC,KC,00-0033873,29,17.219217011132944,P.Mahomes
2024,2024_21_WAS_PHI,PHI,00-0036389,30,16.010678982195138,J.Hurts
2024,2024_21_WAS_PHI,WAS,00-0030140,1,3.9842156034428626,T.Way
2024,2024_21_WAS_PHI,WAS,00-0039910,53,0.008833989203026693,J.Daniels
2024,2024_22_KC_PHI,KC,00-0033873,41,-14.241485736841803,P.Mahomes
2024,2024_22_KC_PHI,PHI,00-0036389,24,14.077119197172578,J.Hurts
2024,2024_22_KC_PHI,PHI,00-0038102,1,-2.7201750835520215,K.Pickett
2025,2025_01_ARI_NO,ARI,00-0035228,34,1.5247993258601382,K.Murray
2025,2025_01_ARI_NO,NO,00-0039376,45,-3.5931867015832077,S.Rattler
2025,2025_01_BAL_BUF,BAL,00-0034796,21,8.798420577786704,L.Jackson
2025,2025_01_BAL_BUF,BUF,00-0034857,49,14.303660285478683,J.Allen
2025,2025_01_CAR_JAX,CAR,00-0039150,36,-15.40268957134174,B.Young
2025,2025_01_CAR_JAX,JAX,00-0036971,30,1.4557720210216152,T.Lawrence
2025,2025_01_CIN_CLE,CIN,00-0036442,26,-0.3315927372285721,J.Burrow
2025,2025_01_CIN_CLE,CLE,00-0026158,47,-1.8421275162300694,J.Flacco
2025,2025_01_DAL_PHI,DAL,00-0033077,33,1.1834143474010785,D.Prescott
2025,2025_01_DAL_PHI,PHI,00-0036389,24,1.5907520360172063,J.Hurts
2025,2025_01_DET_GB,DET,00-0033106,43,1.3743778578947285,J.Goff
2025,2025_01_DET_GB,GB,00-0036264,22,10.06529425203067,J.Love
2025,2025_01_HOU_LA,HOU,00-0039163,30,-4.065033344958763,C.Stroud
2025,2025_01_HOU_LA,LA,00-0026498,32,6.090108856966253,M.Stafford
2025,2025_01_KC_LAC,KC,00-0033873,41,3.5773808977751305,P.Mahomes
2025,2025_01_KC_LAC,LAC,00-0036355,37,17.567262160454625,J.Herbert
2025,2025_01_LV_NE,LV,00-0030565,37,14.247806560671325,G.Smith
2025,2025_01_LV_NE,NE,00-0039851,50,-0.32563244291394744,D.Maye
2025,2025_01_MIA_IND,IND,00-0035710,30,12.997713351082982,D.Jones
2025,2025_01_MIA_IND,MIA,00-0036212,27,-14.372576010195072,T.Tagovailoa
2025,2025_01_MIA_IND,MIA,00-0037013,8,-1.7699932106770575,Z.Wilson
2025,2025_01_MIN_CHI,CHI,00-0039918,37,-6.988247807139811,C.Williams
2025,2025_01_MIN_CHI,MIN,00-0039923,25,-9.8162908989945,J.McCarthy
2025,2025_01_NYG_WAS,NYG,00-0029263,39,-11.39383654077999,R.Wilson
2025,2025_01_NYG_WAS,WAS,00-0039910,33,1.364757596165873,J.Daniels
2025,2025_01_PIT_NYJ,NYJ,00-0036945,24,10.05393822364579,J.Fields
2025,2025_01_PIT_NYJ,PIT,00-0023459,34,10.20475524963341,A.Rodgers
2025,2025_01_SF_SEA,SEA,00-0034869,23,-6.743627762244325,S.Darnold
2025,2025_01_SF_SEA,SF,00-0037834,36,13.329884157278123,B.Purdy
2025,2025_01_TB_ATL,ATL,00-0039917,43,9.624095207309598,M.Penix
2025,2025_01_TB_ATL,TB,00-0034855,33,5.766234403595268,B.Mayfield
2025,2025_01_TEN_DEN,DEN,00-0039732,41,-7.6557667409744266,B.Nix
2025,2025_01_TEN_DEN,TEN,00-0040676,34,-13.389458418787804,C.Ward
2025,2025_02_ATL_MIN,ATL,00-0039917,24,-3.2441715903873147,M.Penix
2025,2025_02_ATL_MIN,MIN,00-0039923,27,-17.96655729044881,J.McCarthy
2025,2025_02_BUF_NYJ,BUF,00-0033869,2,2.519746646983549,M.Trubisky
2025,2025_02_BUF_NYJ,BUF,00-0034857,26,-2.247475089648096,J.Allen
2025,2025_02_BUF_NYJ,NYJ,00-0028118,13,5.397247545304708,T.Taylor
2025,2025_02_BUF_NYJ,NYJ,00-0036945,13,-9.524855010502506,J.Fields
2025,2025_02_CAR_ARI,ARI,00-0035228,26,6.139767758614543,K.Murray
2025,2025_02_CAR_ARI,CAR,00-0039150,58,3.2342329092731377,B.Young
2025,2025_02_CHI_DET,CHI,00-0038416,3,0.8962666277075186,T.Bagent
2025,2025_02_CHI_DET,CHI,00-0039918,34,-0.9654794219241012,C.Williams
2025,2025_02_CHI_DET,DET,00-0033106,28,24.103420304085986,J.Goff
2025,2025_02_CLE_BAL,BAL,00-0034796,32,9.342703126255497,L.Jackson
2025,2025_02_CLE_BAL,CLE,00-0026158,47,-26.738699900731607,J.Flacco
2025,2025_02_CLE_BAL,CLE,00-0040704,3,3.4221809962182306,D.Gabriel
2025,2025_02_DEN_IND,DEN,00-0039732,30,8.345343489918493,B.Nix
2025,2025_02_DEN_IND,IND,00-0035710,35,10.95338626059685,D.Jones
2025,2025_02_JAX_CIN,CIN,00-0035100,33,-2.0213017329473897,J.Browning
2025,2025_02_JAX_CIN,CIN,00-0036442,15,0.19308384478790686,J.Burrow
2025,2025_02_JAX_CIN,JAX,00-0036971,43,5.005488552057198,T.Lawrence
2025,2025_02_LAC_LV,LAC,00-0036355,29,10.168125412291895,J.Herbert
2025,2025_02_LAC_LV,LV,00-0030565,46,-23.067928140179568,G.Smith
2025,2025_02_LA_TEN,LA,00-0026498,34,9.779970589626963,M.Stafford
2025,2025_02_LA_TEN,TEN,00-0040676,38,-6.733974176207457,C.Ward
2025,2025_02_NE_MIA,MIA,00-0036212,37,9.932129502697004,T.Tagovailoa
2025,2025_02_NE_MIA,NE,00-0039851,26,14.990500148140681,D.Maye
2025,2025_02_NYG_DAL,DAL,00-0033077,55,10.098487662582055,D.Prescott
2025,2025_02_NYG_DAL,NYG,00-0029263,44,17.073441614049575,R.Wilson
2025,2025_02_PHI_KC,KC,00-0033873,31,-7.1535654113225045,P.Mahomes
2025,2025_02_PHI_KC,PHI,00-0036389,24,-4.85998605615568,J.Hurts
2025,2025_02_SEA_PIT,PIT,00-0023459,36,-6.193220436920898,A.Rodgers
2025,2025_02_SEA_PIT,PIT,00-0034771,2,-0.11230717808939517,M.Rudolph
2025,2025_02_SEA_PIT,SEA,00-0034869,35,2.854062096416647,S.Darnold
2025,2025_02_SF_NO,NO,00-0039376,37,-2.823341653949246,S.Rattler
2025,2025_02_SF_NO,SF,00-0036972,41,2.8727166999806695,M.Jones
2025,2025_02_TB_HOU,HOU,00-0039163,28,-4.481482616525894,C.Stroud
2025,2025_02_TB_HOU,TB,00-0034855,43,-0.643385174034916,B.Mayfield
2025,2025_02_WAS_GB,GB,00-0036264,33,6.662380209949733,J.Love
2025,2025_02_WAS_GB,WAS,00-0039910,46,-7.934033841546404,J.Daniels
2025,2025_03_ARI_SF,ARI,00-0035228,36,-0.6186131590061503,K.Murray
2025,2025_03_ARI_SF,SF,00-0036972,41,1.5868631020047914,M.Jones
2025,2025_03_ATL_CAR,ATL,00-0029604,7,-3.043475183425471,K.Cousins
2025,2025_03_ATL_CAR,ATL,00-0039917,36,-18.804658700747623,M.Penix
2025,2025_03_ATL_CAR,CAR,00-0039150,25,-2.4837949486153077,B.Young
2025,2025_03_CIN_MIN,CIN,00-0034955,1,-1.2378779940772802,B.Rypien
2025,2025_03_CIN_MIN,CIN,00-0035100,30,-18.071667482451062,J.Browning
2025,2025_03_CIN_MIN,MIN,00-0032950,23,9.443549821281032,C.Wentz
2025,2025_03_CIN_MIN,MIN,00-0040494,4,-3.8229817109531723,M.Brosmer
2025,2025_03_DAL_CHI,CHI,00-0039918,28,17.979574728623284,C.Williams
2025,2025_03_DAL_CHI,DAL,00-0033077,43,-1.8964848527670277,D.Prescott
2025,2025_03_DAL_CHI,DAL,00-0039398,5,-0.7261007607448846,J.Milton
2025,2025_03_DEN_LAC,DEN,00-0039732,27,-1.5255322747893847,B.Nix
2025,2025_03_DEN_LAC,LAC,00-0036355,52,-2.3949824955743924,J.Herbert
2025,2025_03_DET_BAL,BAL,00-0032764,1,-0.4591185906319879,D.Henry
2025,2025_03_DET_BAL,BAL,00-0034796,35,11.022880831304771,L.Jackson
2025,2025_03_DET_BAL,DET,00-0033106,28,14.249866356456977,J.Goff
2025,2025_03_GB_CLE,CLE,00-0026158,37,-9.174602669589179,J.Flacco
2025,2025_03_GB_CLE,GB,00-0036264,30,-0.9422872209794448,J.Love
2025,2025_03_HOU_JAX,HOU,00-0039163,39,-3.9223341873016135,C.Stroud
2025,2025_03_HOU_JAX,JAX,00-0036971,42,-9.546405788773784,T.Lawrence
2025,2025_03_IND_TEN,IND,00-0035710,25,10.818640147236174,D.Jones
2025,2025_03_IND_TEN,TEN,00-0040676,42,-12.524410886228843,C.Ward
2025,2025_03_KC_NYG,KC,00-0033873,39,8.23080711069923,P.Mahomes
2025,2025_03_KC_NYG,NYG,00-0029263,34,-14.808334934932645,R.Wilson
2025,2025_03_LA_PHI,LA,00-0026498,34,-2.4790925060067264,M.Stafford
2025,2025_03_LA_PHI,PHI,00-0036389,37,-0.21159855952998619,J.Hurts
2025,2025_03_LV_WAS,LV,00-0030565,35,12.24070766654052,G.Smith
2025,2025_03_LV_WAS,WAS,00-0032268,21,10.840505156576759,M.Mariota
2025,2025_03_MIA_BUF,BUF,00-0034857,30,10.64952215948613,J.Allen
2025,2025_03_MIA_BUF,MIA,00-0036212,34,0.14744083787081763,T.Tagovailoa
2025,2025_03_NO_SEA,NO,00-0039376,41,1.4428194655963993,S.Rattler
2025,2025_03_NO_SEA,NO,00-0040743,2,-1.774221153347753,T.Shough
2025,2025_03_NO_SEA,SEA,00-0034869,18,16.96673510819116,S.Darnold
2025,2025_03_NO_SEA,SEA,00-0035704,3,-0.8927228087559342,D.Lock
2025,2025_03_NYJ_TB,NYJ,00-0028118,39,-7.753308154979737,T.Taylor
2025,2025_03_NYJ_TB,TB,00-0034855,30,8.269022356935064,B.Mayfield
2025,2025_03_PIT_NE,NE,00-0039851,42,1.4129189930099528,D.Maye
2025,2025_03_PIT_NE,PIT,00-0023459,23,0.19340494932839647,A.Rodgers
2025,2025_04_BAL_KC,BAL,00-0033662,13,-5.848786475718953,C.Rush
2025,2025_04_BAL_KC,BAL,00-0034796,23,-5.220177533155578,L.Jackson
2025,2025_04_BAL_KC,KC,00-0033873,38,16.188958369112918,P.Mahomes
2025,2025_04_CAR_NE,CAR,00-0027973,6,9.913806472613942,A.Dalton
2025,2025_04_CAR_NE,CAR,00-0039150,31,-8.936443562660584,B.Young
2025,2025_04_CAR_NE,NE,00-0033949,1,-0.8546301424503326,J.Dobbs
2025,2025_04_CAR_NE,NE,00-0039851,18,19.27563390720752,D.Maye
2025,2025_04_CHI_LV,CHI,00-0039918,39,-1.1209580173019456,C.Williams
2025,2025_04_CHI_LV,LV,00-0030565,20,-9.602183523751787,G.Smith
2025,2025_04_CIN_DEN,CIN,00-0035100,28,-10.354677599800777,J.Browning
2025,2025_04_CIN_DEN,DEN,00-0039732,42,13.279796198068652,B.Nix
2025,2025_04_CLE_DET,CLE,00-0026158,37,-19.947237710560973,J.Flacco
2025,2025_04_CLE_DET,CLE,00-0040704,1,-1.213066232507117,D.Gabriel
2025,2025_04_CLE_DET,DET,00-0033106,27,-1.022109346540395,J.Goff
2025,2025_04_GB_DAL,DAL,00-0033077,41,22.430883390743485,D.Prescott
2025,2025_04_GB_DAL,GB,00-0036264,44,21.450974295086887,J.Love
2025,2025_04_IND_LA,IND,00-0035710,35,4.143268179661794,D.Jones
2025,2025_04_IND_LA,LA,00-0026498,43,14.450304073013676,M.Stafford
2025,2025_04_JAX_SF,JAX,00-0036971,31,5.348803941946466,T.Lawrence
2025,2025_04_JAX_SF,SF,00-0037834,40,3.371967635811135,B.Purdy
2025,2025_04_LAC_NYG,LAC,00-0036355,43,-21.121796523494552,J.Herbert
2025,2025_04_LAC_NYG,NYG,00-0029263,2,-2.168585649225861,R.Wilson
2025,2025_04_LAC_NYG,NYG,00-0040691,25,-4.536941834476309,J.Dart
2025,2025_04_MIN_PIT,MIN,00-0032950,52,3.2523850754353036,C.Wentz
2025,2025_04_MIN_PIT,PIT,00-0023459,24,3.799732759834968,A.Rodgers
2025,2025_04_NO_BUF,BUF,00-0034857,25,4.917184796040829,J.Allen
2025,2025_04_NO_BUF,NO,00-0037239,1,-3.5951321736210957,C.Olave
2025,2025_04_NO_BUF,NO,00-0039376,30,-8.409940210783478,S.Rattler
2025,2025_04_NYJ_MIA,MIA,00-0036212,25,10.377943898333484,T.Tagovailoa
2025,2025_04_NYJ_MIA,NYJ,00-0036945,29,5.608728678049778,J.Fields
2025,2025_04_PHI_TB,PHI,00-0036389,26,-1.2928640485042706,J.Hurts
2025,2025_04_PHI_TB,TB,00-0034855,41,-5.28399500962787,B.Mayfield
2025,2025_04_SEA_ARI,ARI,00-0035228,47,-3.3043997842296657,K.Murray
2025,2025_04_SEA_ARI,SEA,00-0034869,29,9.92136531109626,S.Darnold
2025,2025_04_TEN_HOU,HOU,00-0039163,31,8.211450432493871,C.Stroud
2025,2025_04_TEN_HOU,TEN,00-0040676,27,-16.451596797642075,C.Ward
2025,2025_04_WAS_ATL,ATL,00-0039917,27,18.287676299231038,M.Penix
2025,2025_04_WAS_ATL,WAS,00-0032268,29,1.9127384445416675,M.Mariota
2025,2025_05_DAL_NYJ,DAL,00-0033077,30,11.848729786221256,D.Prescott
2025,2025_05_DAL_NYJ,NYJ,00-0036945,52,4.364786956830623,J.Fields
2025,2025_05_DEN_PHI,DEN,00-0039732,42,4.242067022660045,B.Nix
2025,2025_05_DEN_PHI,PHI,00-0036389,44,0.5049775303469999,J.Hurts
2025,2025_05_DET_CIN,CIN,00-0035100,42,-8.766111446794405,J.Browning
2025,2025_05_DET_CIN,DET,00-0033106,27,11.639841439959127,J.Goff
2025,2025_05_DET_CIN,DET,00-0035685,1,1.373055194679182,D.Montgomery
2025,2025_05_HOU_BAL,BAL,00-0033662,21,-7.8949564919229065,C.Rush
2025,2025_05_HOU_BAL,HOU,00-0036898,4,0.7288865833543241,D.Mills
2025,2025_05_HOU_BAL,HOU,00-0039163,29,18.24793267996667,C.Stroud
2025,2025_05_KC_JAX,JAX,00-0036971,28,-0.7439143976450788,T.Lawrence
2025,2025_05_KC_JAX,KC,00-0033873,41,2.664317194139585,P.Mahomes
2025,2025_05_LV_IND,IND,00-0035710,32,12.359543740560532,D.Jones
2025,2025_05_LV_IND,IND,00-0039164,2,-1.2116199531592429,A.Richardson
2025,2025_05_LV_IND,IND,00-0040128,1,-0.46532738901441917,T.Warren
2025,2025_05_LV_IND,LV,00-0030565,40,-10.903446787652872,G.Smith
2025,2025_05_MIA_CAR,CAR,00-0039150,32,-1.059225698087828,B.Young
2025,2025_05_MIA_CAR,MIA,00-0036212,39,11.485191292514582,T.Tagovailoa
2025,2025_05_MIN_CLE,CLE,00-0040704,34,-2.2177870211891753,D.Gabriel
2025,2025_05_MIN_CLE,MIN,00-0032950,37,8.69971042177006,C.Wentz
2025,2025_05_MIN_CLE,MIN,00-0036414,1,3.2600105608580634,C.Akers
2025,2025_05_NE_BUF,BUF,00-0034857,32,10.645898245595461,J.Allen
2025,2025_05_NE_BUF,NE,00-0039851,34,9.731839577931728,D.Maye
2025,2025_05_NYG_NO,NO,00-0033357,1,1.8301944836275652,T.Hill
2025,2025_05_NYG_NO,NO,00-0039376,31,7.479521064558307,S.Rattler
2025,2025_05_NYG_NO,NYG,00-0040691,40,-12.264517302508466,J.Dart
2025,2025_05_SF_LA,LA,00-0026498,47,15.3807773471277,M.Stafford
2025,2025_05_SF_LA,SF,00-0036972,49,14.003761811146738,M.Jones
2025,2025_05_TB_SEA,SEA,00-0034869,34,23.413120006202856,S.Darnold
2025,2025_05_TB_SEA,TB,00-0034855,35,25.9806902520554,B.Mayfield
2025,2025_05_TEN_ARI,ARI,00-0033119,1,-0.7791321533732116,J.Brissett
2025,2025_05_TEN_ARI,ARI,00-0035228,34,1.979036984499544,K.Murray
2025,2025_05_TEN_ARI,TEN,00-0040676,41,1.5977186041471612,C.Ward
2025,2025_05_WAS_LAC,LAC,00-0036355,33,-6.124441063523405,J.Herbert
2025,2025_05_WAS_LAC,LAC,00-0037012,4,-1.2106754559790716,T.Lance
2025,2025_05_WAS_LAC,WAS,00-0039910,26,13.769057699043394,J.Daniels
2025,2025_06_ARI_IND,ARI,00-0033119,46,6.258094309852431,J.Brissett
2025,2025_06_ARI_IND,IND,00-0035710,31,2.8482230268754942,D.Jones
2025,2025_06_BUF_ATL,ATL,00-0039917,34,-0.41926983085160874,M.Penix
2025,2025_06_BUF_ATL,BUF,00-0034857,30,-7.167852376616793,J.Allen
2025,2025_06_CHI_WAS,CHI,00-0039918,33,3.275814118387534,C.Williams
2025,2025_06_CHI_WAS,WAS,00-0039910,29,6.435357536926994,J.Daniels
2025,2025_06_CIN_GB,CIN,00-0026158,45,6.505671614700354,J.Flacco
2025,2025_06_CIN_GB,GB,00-0036264,27,7.356112143495093,J.Love
2025,2025_06_CLE_PIT,CLE,00-0040704,58,-13.877616212263888,D.Gabriel
2025,2025_06_CLE_PIT,PIT,00-0023459,30,9.599199736872942,A.Rodgers
2025,2025_06_DAL_CAR,CAR,00-0039150,26,2.201376390146385,B.Young
2025,2025_06_DAL_CAR,DAL,00-0033077,34,17.745348571297626,D.Prescott
2025,2025_06_DEN_NYJ,DEN,00-0039732,31,5.107167024033728,B.Nix
2025,2025_06_DEN_NYJ,NYJ,00-0036945,26,-20.7214580506014,J.Fields
2025,2025_06_DET_KC,DET,00-0033106,30,6.713151381118223,J.Goff
2025,2025_06_DET_KC,KC,00-0033873,33,15.57258388680734,P.Mahomes
2025,2025_06_LAC_MIA,LAC,00-0036355,39,12.641889955414864,J.Herbert
2025,2025_06_LAC_MIA,MIA,00-0036212,34,-0.03338861474947796,T.Tagovailoa
2025,2025_06_LAC_MIA,MIA,00-0036613,1,-0.5923647911444314,J.Waddle
2025,2025_06_LA_BAL,BAL,00-0033662,19,-5.103429209696493,C.Rush
2025,2025_06_LA_BAL,BAL,00-0035993,18,-7.16104423685465,T.Huntley
2025,2025_06_LA_BAL,LA,00-0026498,28,0.9594451738590664,M.Stafford
2025,2025_06_NE_NO,NE,00-0039851,27,17.406637246674592,D.Maye
2025,2025_06_NE_NO,NO,00-0039376,28,3.9048227529301185,S.Rattler
2025,2025_06_PHI_NYG,NYG,00-0029263,1,-1.7682281213346869,R.Wilson
2025,2025_06_PHI_NYG,NYG,00-0040691,27,7.53858233615756,J.Dart
2025,2025_06_PHI_NYG,PHI,00-0036389,36,2.161582256778953,J.Hurts
2025,2025_06_SEA_JAX,JAX,00-0036971,49,-0.3868465225514557,T.Lawrence
2025,2025_06_SEA_JAX,SEA,00-0034869,28,10.52449972709388,S.Darnold
2025,2025_06_SF_TB,SF,00-0036972,45,-4.42705243935853,M.Jones
2025,2025_06_SF_TB,TB,00-0034855,24,12.067489617715157,B.Mayfield
2025,2025_06_TEN_LV,LV,00-0030565,25,0.5693263779394329,G.Smith
2025,2025_06_TEN_LV,TEN,00-0040676,43,-14.638347636791877,C.Ward
2025,2025_07_ATL_SF,ATL,00-0039917,40,-6.737357140441047,M.Penix
2025,2025_07_ATL_SF,SF,00-0036972,27,1.9682263760346341,M.Jones
2025,2025_07_CAR_NYJ,CAR,00-0027973,8,-2.7145870813401416,A.Dalton
2025,2025_07_CAR_NYJ,CAR,00-0039150,26,0.10843127592712465,B.Young
2025,2025_07_CAR_NYJ,NYJ,00-0028118,25,-4.2649520011409265,T.Taylor
2025,2025_07_CAR_NYJ,NYJ,00-0036945,15,-9.234413881145883,J.Fields
2025,2025_07_GB_ARI,ARI,00-0033119,42,1.0358332606710157,J.Brissett
2025,2025_07_GB_ARI,GB,00-0036264,30,6.063561517960258,J.Love
2025,2025_07_HOU_SEA,HOU,00-0039163,53,-13.52440370475038,C.Stroud
2025,2025_07_HOU_SEA,SEA,00-0033908,1,-5.370166467153467,C.Kupp
2025,2025_07_HOU_SEA,SEA,00-0034869,33,-5.613761459817213,S.Darnold
2025,2025_07_IND_LAC,IND,00-0035710,35,14.348580248464831,D.Jones
2025,2025_07_IND_LAC,LAC,00-0036355,58,5.819126800481275,J.Herbert
2025,2025_07_LA_JAX,JAX,00-0036971,55,-13.934148005980758,T.Lawrence
2025,2025_07_LA_JAX,LA,00-0026498,33,8.782921106321737,M.Stafford
2025,2025_07_LV_KC,KC,00-0033873,36,19.33917764713534,P.Mahomes
2025,2025_07_LV_KC,LV,00-0030565,17,-9.709725162945688,G.Smith
2025,2025_07_LV_KC,LV,00-0038102,2,-0.7535614247899503,K.Pickett
2025,2025_07_MIA_CLE,CLE,00-0040704,20,0.8498010866597445,D.Gabriel
2025,2025_07_MIA_CLE,MIA,00-0036212,25,-23.489218928981693,T.Tagovailoa
2025,2025_07_MIA_CLE,MIA,00-0040234,10,-3.0399087821133435,Q.Ewers
2025,2025_07_NE_TEN,NE,00-0033949,1,1.7749354206607677,J.Dobbs
2025,2025_07_NE_TEN,NE,00-0039851,27,9.747935889102667,D.Maye
2025,2025_07_NE_TEN,TEN,00-0040676,39,-11.742684764254212,C.Ward
2025,2025_07_NO_CHI,CHI,00-0039918,27,2.149814817582892,C.Williams
2025,2025_07_NO_CHI,NO,00-0039376,36,-12.238946060688939,S.Rattler
2025,2025_07_NYG_DEN,DEN,00-0039732,53,-1.9763964661685751,B.Nix
2025,2025_07_NYG_DEN,NYG,00-0040691,38,8.377084178893828,J.Dart
2025,2025_07_PHI_MIN,MIN,00-0032950,44,-2.276972435588653,C.Wentz
2025,2025_07_PHI_MIN,PHI,00-0036389,26,18.90667418378871,J.Hurts
2025,2025_07_PIT_CIN,CIN,00-0026158,49,15.144058558264483,J.Flacco
2025,2025_07_PIT_CIN,PIT,00-0023459,34,13.311911904311273,A.Rodgers
2025,2025_07_TB_DET,DET,00-0033106,33,-8.635040956975383,J.Goff
2025,2025_07_TB_DET,TB,00-0034855,55,-25.048290733687832,B.Mayfield
2025,2025_07_WAS_DAL,DAL,00-0033077,31,7.193154708318104,D.Prescott
2025,2025_07_WAS_DAL,WAS,00-0032268,12,-14.07168677879963,M.Mariota
2025,2025_07_WAS_DAL,WAS,00-0039910,24,-5.883244332449976,J.Daniels
2025,2025_08_BUF_CAR,BUF,00-0033869,4,0.729749396792613,M.Trubisky
2025,2025_08_BUF_CAR,BUF,00-0034857,21,7.693339027595142,J.Allen
2025,2025_08_BUF_CAR,CAR,00-0027973,31,-12.860889769130974,A.Dalton
2025,2025_08_CHI_BAL,BAL,00-0035993,24,5.315543281004171,T.Huntley
2025,2025_08_CHI_BAL,CHI,00-0039918,39,1.0999335164201205,C.Williams
2025,2025_08_CLE_NE,CLE,00-0040704,37,-19.845802934466356,D.Gabriel
2025,2025_08_CLE_NE,NE,00-0039851,30,6.421182738901681,D.Maye
2025,2025_08_DAL_DEN,DAL,00-0033077,33,-4.384394332819756,D.Prescott
2025,2025_08_DAL_DEN,DAL,00-0039398,4,5.7337104610633105,J.Milton
2025,2025_08_DAL_DEN,DEN,00-0039732,30,14.092828136220142,B.Nix
2025,2025_08_GB_PIT,GB,00-0036264,38,22.352007517259448,J.Love
2025,2025_08_GB_PIT,PIT,00-0023459,40,-4.052352931075593,A.Rodgers
2025,2025_08_MIA_ATL,ATL,00-0029604,32,-5.867928963794839,K.Cousins
2025,2025_08_MIA_ATL,MIA,00-0036212,27,9.609911366660778,T.Tagovailoa
2025,2025_08_MIA_ATL,MIA,00-0037013,1,-3.3889502391102724,Z.Wilson
2025,2025_08_MIN_LAC,LAC,00-0036355,27,11.607531543715911,J.Herbert
2025,2025_08_MIN_LAC,MIN,00-0032950,32,-12.73999706881145,C.Wentz
2025,2025_08_MIN_LAC,MIN,00-0040494,4,-0.010773758694995195,M.Brosmer
2025,2025_08_NYG_PHI,NYG,00-0040691,29,3.372110629519341,J.Dart
2025,2025_08_NYG_PHI,PHI,00-0036389,24,8.026514688373709,J.Hurts
2025,2025_08_NYJ_CIN,CIN,00-0026158,35,3.1859004099274553,J.Flacco
2025,2025_08_NYJ_CIN,NYJ,00-0036945,32,15.309926734706744,J.Fields
2025,2025_08_NYJ_CIN,NYJ,00-0038120,1,1.194561611104291,B.Hall
2025,2025_08_SF_HOU,HOU,00-0039163,39,19.188032113091264,C.Stroud
2025,2025_08_SF_HOU,SF,00-0036972,35,-2.791569479173515,M.Jones
2025,2025_08_TB_NO,NO,00-0039376,23,-6.999590925070994,S.Rattler
2025,2025_08_TB_NO,NO,00-0040743,32,-15.057858266751282,T.Shough
2025,2025_08_TB_NO,TB,00-0034855,27,-1.7703624639505273,B.Mayfield
2025,2025_08_TEN_IND,IND,00-0035710,32,13.842817138787023,D.Jones
2025,2025_08_TEN_IND,IND,00-0040206,2,-2.116206401027739,R.Leonard
2025,2025_08_TEN_IND,TEN,00-0040676,41,-8.368194033158943,C.Ward
2025,2025_08_WAS_KC,KC,00-0033873,37,13.728703663044143,P.Mahomes
2025,2025_08_WAS_KC,WAS,00-0032268,32,-7.404169346555136,M.Mariota
2025,2025_09_ARI_DAL,ARI,00-0033119,36,7.010368498253448,J.Brissett
2025,2025_09_ARI_DAL,DAL,00-0033077,43,-5.252358172470329,D.Prescott
2025,2025_09_ATL_NE,ATL,00-0039917,38,3.7424317112162626,M.Penix
2025,2025_09_ATL_NE,NE,00-0039851,35,0.42372684842472275,D.Maye
2025,2025_09_BAL_MIA,BAL,00-0034796,25,10.401708490913734,L.Jackson
2025,2025_09_BAL_MIA,MIA,00-0036212,41,3.4958965966866806,T.Tagovailoa
2025,2025_09_CAR_GB,CAR,00-0039150,21,-3.305482862138888,B.Young
2025,2025_09_CAR_GB,GB,00-0036264,38,5.899998472000961,J.Love
2025,2025_09_CHI_CIN,CHI,00-0034827,1,3.8681936897919513,D.Moore
2025,2025_09_CHI_CIN,CHI,00-0036290,1,-0.4927360210567713,C.Kmet
2025,2025_09_CHI_CIN,CHI,00-0038416,1,1.4088159858365543,T.Bagent
2025,2025_09_CHI_CIN,CHI,00-0039918,37,14.034130709070613,C.Williams
2025,2025_09_CHI_CIN,CIN,00-0026158,51,16.731745319796122,J.Flacco
2025,2025_09_DEN_HOU,DEN,00-0039732,39,-3.500159671231928,B.Nix
2025,2025_09_DEN_HOU,HOU,00-0036898,32,-5.678505135843193,D.Mills
2025,2025_09_DEN_HOU,HOU,00-0039163,12,3.0863300227839026,C.Stroud
2025,2025_09_IND_PIT,IND,00-0035710,54,-16.300366617893957,D.Jones
2025,2025_09_IND_PIT,PIT,00-0023459,38,0.010954169245992684,A.Rodgers
2025,2025_09_JAX_LV,JAX,00-0036971,34,-0.9027933454080075,T.Lawrence
2025,2025_09_JAX_LV,LV,00-0030565,42,11.396392546725169,G.Smith
2025,2025_09_KC_BUF,BUF,00-0034857,29,9.603388036164688,J.Allen
2025,2025_09_KC_BUF,KC,00-0033873,38,-1.6827208378137621,P.Mahomes
2025,2025_09_LAC_TEN,LAC,00-0036355,35,1.8336171157623546,J.Herbert
2025,2025_09_LAC_TEN,TEN,00-0040676,25,-1.692690688505536,C.Ward
2025,2025_09_MIN_DET,DET,00-0033106,42,4.1288096063833954,J.Goff
2025,2025_09_MIN_DET,MIN,00-0039923,30,-7.4183446173490415,J.McCarthy
2025,2025_09_NO_LA,LA,00-0026498,34,11.838741028613722,M.Stafford
2025,2025_09_NO_LA,NO,00-0033357,1,-0.7399639681680128,T.Hill
2025,2025_09_NO_LA,NO,00-0040743,24,0.09382961166556925,T.Shough
2025,2025_09_SEA_WAS,SEA,00-0034869,24,22.447935086084,S.Darnold
2025,2025_09_SEA_WAS,WAS,00-0039910,26,-1.3299716647306923,J.Daniels
2025,2025_09_SF_NYG,NYG,00-0040691,35,1.7102711593444475,J.Dart
2025,2025_09_SF_NYG,SF,00-0036972,26,13.49070095318574,M.Jones
2025,2025_10_ARI_SEA,ARI,00-0033119,50,-11.871959152092924,J.Brissett
2025,2025_10_ARI_SEA,ARI,00-0039577,1,-0.6202312656678259,K.Slovis
2025,2025_10_ARI_SEA,SEA,00-0034869,13,4.095139754899237,S.Darnold
2025,2025_10_ATL_IND,ATL,00-0039917,32,-8.050063597610325,M.Penix
2025,2025_10_ATL_IND,IND,00-0035710,34,-2.113338494551453,D.Jones
2025,2025_10_BAL_MIN,BAL,00-0034796,31,-1.3897965507582741,L.Jackson
2025,2025_10_BAL_MIN,MIN,00-0039923,44,-9.892118250213404,J.McCarthy
2025,2025_10_BUF_MIA,BUF,00-0034857,44,4.186331392542459,J.Allen
2025,2025_10_BUF_MIA,MIA,00-0036212,21,9.007470136275515,T.Tagovailoa
2025,2025_10_CLE_NYJ,CLE,00-0040704,38,-7.389529405771441,D.Gabriel
2025,2025_10_CLE_NYJ,NYJ,00-0036945,14,-10.175787572690751,J.Fields
2025,2025_10_DET_WAS,DET,00-0033106,33,25.34362703664474,J.Goff
2025,2025_10_DET_WAS,DET,00-0034577,2,-1.3552653677443862,K.Allen
2025,2025_10_DET_WAS,WAS,00-0032268,25,10.923732237273441,M.Mariota
2025,2025_10_JAX_HOU,HOU,00-0036898,49,0.7544076708290386,D.Mills
2025,2025_10_JAX_HOU,JAX,00-0036971,29,-7.292075384233067,T.Lawrence
2025,2025_10_LA_SF,LA,00-0026498,37,22.63015853331308,M.Stafford
2025,2025_10_LA_SF,SF,00-0036972,40,18.252678949662485,M.Jones
2025,2025_10_LV_DEN,DEN,00-0034348,1,-4.031719361392031,C.Sutton
2025,2025_10_LV_DEN,DEN,00-0039732,29,-6.544006506850952,B.Nix
2025,2025_10_LV_DEN,LV,00-0030565,32,-16.31954670541179,G.Smith
2025,2025_10_LV_DEN,LV,00-0038102,1,-0.9850948718376458,K.Pickett
2025,2025_10_NE_TB,NE,00-0039851,32,6.266848459315952,D.Maye
2025,2025_10_NE_TB,TB,00-0034855,45,0.9682208392788594,B.Mayfield
2025,2025_10_NO_CAR,CAR,00-0039150,27,-11.497875926079399,B.Young
2025,2025_10_NO_CAR,NO,00-0033357,1,-0.574528492288664,T.Hill
2025,2025_10_NO_CAR,NO,00-0040743,29,11.777017397178302,T.Shough
2025,2025_10_NYG_CHI,CHI,00-0039918,36,-6.061366754207314,C.Williams
2025,2025_10_NYG_CHI,NYG,00-0029263,9,-2.6007183073670603,R.Wilson
2025,2025_10_NYG_CHI,NYG,00-0040691,31,3.4402063399511795,J.Dart
2025,2025_10_PHI_GB,GB,00-0036264,38,-8.066629703852682,J.Love
2025,2025_10_PHI_GB,PHI,00-0036389,26,8.49402574551641,J.Hurts
2025,2025_10_PIT_LAC,LAC,00-0036355,38,-6.661067343007555,J.Herbert
2025,2025_10_PIT_LAC,PIT,00-0023459,34,-18.09004052675284,A.Rodgers
2025,2025_11_BAL_CLE,BAL,00-0034796,30,-12.848054744788678,L.Jackson
2025,2025_11_BAL_CLE,CLE,00-0040668,18,-14.408387282746844,S.Sanders
2025,2025_11_BAL_CLE,CLE,00-0040704,11,-2.5845736775704307,D.Gabriel
2025,2025_11_CAR_ATL,ATL,00-0029604,14,-3.795178366062174,K.Cousins
2025,2025_11_CAR_ATL,ATL,00-0039917,16,10.741212317137979,M.Penix
2025,2025_11_CAR_ATL,CAR,00-0039150,52,14.242022988657277,B.Young
2025,2025_11_CHI_MIN,CHI,00-0039918,34,-0.9484717985872968,C.Williams
2025,2025_11_CHI_MIN,MIN,00-0039923,32,-13.061916102694454,J.McCarthy
2025,2025_11_CIN_PIT,CIN,00-0026158,41,-9.329388562074028,J.Flacco
2025,2025_11_CIN_PIT,PIT,00-0023459,16,1.238684057501668,A.Rodgers
2025,2025_11_CIN_PIT,PIT,00-0034771,16,10.721693948170671,M.Rudolph
2025,2025_11_DAL_LV,DAL,00-0033077,34,8.562692845276407,D.Prescott
2025,2025_11_DAL_LV,LV,00-0030565,46,-14.232012563434278,G.Smith
2025,2025_11_DET_PHI,DET,00-0033106,39,-14.263226809680678,J.Goff
2025,2025_11_DET_PHI,PHI,00-0036389,29,-8.38929800431808,J.Hurts
2025,2025_11_GB_NYG,GB,00-0036264,27,10.40877283333987,J.Love
2025,2025_11_GB_NYG,GB,00-0038128,2,2.0718749547959305,M.Willis
2025,2025_11_GB_NYG,NYG,00-0031503,31,6.399802807543892,J.Winston
2025,2025_11_HOU_TEN,HOU,00-0036898,45,-0.19297715448123487,D.Mills
2025,2025_11_HOU_TEN,TEN,00-0040676,40,-2.71816846039732,C.Ward
2025,2025_11_KC_DEN,DEN,00-0039732,39,5.053020263566832,B.Nix
2025,2025_11_KC_DEN,DEN,00-0040730,1,-0.4586076693958603,R.Harvey
2025,2025_11_KC_DEN,KC,00-0033873,48,1.151241861704671,P.Mahomes
2025,2025_11_LAC_JAX,JAX,00-0036971,22,2.3877489911101293,T.Lawrence
2025,2025_11_LAC_JAX,LAC,00-0036355,20,-14.244363311345335,J.Herbert
2025,2025_11_LAC_JAX,LAC,00-0037012,9,-7.450519461068325,T.Lance
2025,2025_11_NYJ_NE,NE,00-0039851,35,12.246038138652798,D.Maye
2025,2025_11_NYJ_NE,NYJ,00-0036945,28,-7.414159964653663,J.Fields
2025,2025_11_NYJ_NE,NYJ,00-0039451,1,-0.8187713430379517,I.Williams
2025,2025_11_SEA_LA,LA,00-0026498,28,-4.049926161009353,M.Stafford
2025,2025_11_SEA_LA,SEA,00-0034869,44,-13.136533367589895,S.Darnold
2025,2025_11_SF_ARI,ARI,00-0033119,58,9.212935896495567,J.Brissett
2025,2025_11_SF_ARI,SF,00-0037834,28,8.642695559272799,B.Purdy
2025,2025_11_TB_BUF,BUF,00-0034857,31,12.44086280861659,J.Allen
2025,2025_11_TB_BUF,TB,00-0034855,31,-8.958836055104406,B.Mayfield
2025,2025_11_WAS_MIA,MIA,00-0036212,23,1.9614673138904752,T.Tagovailoa
2025,2025_11_WAS_MIA,WAS,00-0032268,31,4.05368816264805,M.Mariota
2025,2025_12_ATL_NO,ATL,00-0029604,25,-3.9652466385944045,K.Cousins
2025,2025_12_ATL_NO,NO,00-0033357,2,-7.587928771992891,T.Hill
2025,2025_12_ATL_NO,NO,00-0040743,48,-10.291987417184494,T.Shough
2025,2025_12_BUF_HOU,BUF,00-0034857,42,-7.277763720803337,J.Allen
2025,2025_12_BUF_HOU,HOU,00-0036898,30,-6.352323018502744,D.Mills
2025,2025_12_CAR_SF,CAR,00-0039150,31,-9.992723701494928,B.Young
2025,2025_12_CAR_SF,SF,00-0037834,32,-3.168522982927289,B.Purdy
2025,2025_12_CLE_LV,CLE,00-0040668,21,1.9820752221727345,S.Sanders
2025,2025_12_CLE_LV,LV,00-0030565,54,-20.258941511998373,G.Smith
2025,2025_12_IND_KC,IND,00-0035710,31,1.4296765363172348,D.Jones
2025,2025_12_IND_KC,KC,00-0033873,51,8.500650892524233,P.Mahomes
2025,2025_12_JAX_ARI,ARI,00-0033119,55,-8.522086946416568,J.Brissett
2025,2025_12_JAX_ARI,ARI,00-0039577,1,-1.5264001602772623,K.Slovis
2025,2025_12_JAX_ARI,JAX,00-0036971,33,-9.005758199020079,T.Lawrence
2025,2025_12_MIN_GB,GB,00-0036264,22,5.490758609189893,J.Love
2025,2025_12_MIN_GB,GB,00-0038128,1,0.37004217226058245,M.Willis
2025,2025_12_MIN_GB,MIN,00-0039923,24,-16.463835103171725,J.McCarthy
2025,2025_12_NE_CIN,CIN,00-0026158,37,-14.271977953295725,J.Flacco
2025,2025_12_NE_CIN,CIN,00-0035100,1,0.8267194108339027,J.Browning
2025,2025_12_NE_CIN,NE,00-0039851,36,6.7743000405394485,D.Maye
2025,2025_12_NYG_DET,DET,00-0033106,43,-6.204211909654816,J.Goff
2025,2025_12_NYG_DET,NYG,00-0031503,37,10.519610372842294,J.Winston
2025,2025_12_NYG_DET,NYG,00-0035645,1,3.2233546525239944,G.Olszewski
2025,2025_12_NYJ_BAL,BAL,00-0034796,24,-0.07102452922358271,L.Jackson
2025,2025_12_NYJ_BAL,NYJ,00-0028118,31,0.7697196948200404,T.Taylor
2025,2025_12_PHI_DAL,DAL,00-0033077,36,4.220486363538866,D.Prescott
2025,2025_12_PHI_DAL,PHI,00-0036389,40,8.190091875261315,J.Hurts
2025,2025_12_PIT_CHI,CHI,00-0039918,35,0.5526937606580802,C.Williams
2025,2025_12_PIT_CHI,PIT,00-0034771,33,-5.817271571839228,M.Rudolph
2025,2025_12_SEA_TEN,SEA,00-0034869,27,9.42420726075015,S.Darnold
2025,2025_12_SEA_TEN,TEN,00-0040676,46,2.1197189295604066,C.Ward
2025,2025_12_TB_LA,LA,00-0026498,36,8.219429925997625,M.Stafford
2025,2025_12_TB_LA,TB,00-0031237,17,-12.498526949668303,T.Bridgewater
2025,2025_12_TB_LA,TB,00-0034855,21,-18.236453417455778,B.Mayfield
2025,2025_13_ARI_TB,ARI,00-0033119,41,5.435921828270449,J.Brissett
2025,2025_13_ARI_TB,TB,00-0034855,30,1.7500612158833175,B.Mayfield
2025,2025_13_ATL_NYJ,ATL,00-0029604,35,5.853858310111897,K.Cousins
2025,2025_13_ATL_NYJ,NYJ,00-0028118,35,-0.968703565033632,T.Taylor
2025,2025_13_BUF_PIT,BUF,00-0034857,23,5.398728491622023,J.Allen
2025,2025_13_BUF_PIT,PIT,00-0023459,22,-9.578514542139601,A.Rodgers
2025,2025_13_BUF_PIT,PIT,00-0034771,3,-2.2887515111942776,M.Rudolph
2025,2025_13_CHI_PHI,CHI,00-0039918,38,-6.028513783271149,C.Williams
2025,2025_13_CHI_PHI,PHI,00-0036389,33,2.512525741500646,J.Hurts
2025,2025_13_CIN_BAL,BAL,00-0034796,35,-11.811996963922866,L.Jackson
2025,2025_13_CIN_BAL,CIN,00-0036442,47,6.142689269761428,J.Burrow
2025,2025_13_DEN_WAS,DEN,00-0039732,46,9.88027036314034,B.Nix
2025,2025_13_DEN_WAS,WAS,00-0032268,53,-0.33928527888205806,M.Mariota
2025,2025_13_GB_DET,DET,00-0033106,29,9.494504789796594,J.Goff
2025,2025_13_GB_DET,DET,00-0035685,1,-0.41356828954303637,D.Montgomery
2025,2025_13_GB_DET,GB,00-0036264,30,16.350408765736013,J.Love
2025,2025_13_HOU_IND,HOU,00-0039163,37,7.595687960062666,C.Stroud
2025,2025_13_HOU_IND,IND,00-0035710,28,0.6210259530715807,D.Jones
2025,2025_13_JAX_TEN,JAX,00-0036971,30,4.863736678089481,T.Lawrence
2025,2025_13_JAX_TEN,TEN,00-0040676,41,-20.3992894543822,C.Ward
2025,2025_13_KC_DAL,DAL,00-0033077,40,15.606953173174933,D.Prescott
2025,2025_13_KC_DAL,KC,00-0033873,37,14.157640327583067,P.Mahomes
2025,2025_13_LA_CAR,CAR,00-0039150,22,14.25771617126884,B.Young
2025,2025_13_LA_CAR,LA,00-0026498,30,-3.512069752730895,M.Stafford
2025,2025_13_LV_LAC,LAC,00-0036355,23,7.317836725861905,J.Herbert
2025,2025_13_LV_LAC,LAC,00-0037012,1,0.9016240304335952,T.Lance
2025,2025_13_LV_LAC,LV,00-0030565,28,-2.135615331266308,G.Smith
2025,2025_13_MIN_SEA,MIN,00-0040494,34,-29.14437764865579,M.Brosmer
2025,2025_13_MIN_SEA,SEA,00-0034869,30,-8.514976311607233,S.Darnold
2025,2025_13_NO_MIA,MIA,00-0036212,26,-8.339764964666182,T.Tagovailoa
2025,2025_13_NO_MIA,NO,00-0040743,43,-11.173747508184139,T.Shough
2025,2025_13_NYG_NE,NE,00-0039851,34,11.539165703912136,D.Maye
2025,2025_13_NYG_NE,NYG,00-0040691,27,-4.815171926937066,J.Dart
2025,2025_13_SF_CLE,CLE,00-0040668,28,-3.9443025094806217,S.Sanders
2025,2025_13_SF_CLE,CLE,00-0040704,1,-0.5712420791387558,D.Gabriel
2025,2025_13_SF_CLE,SF,00-0033280,1,-0.770897071401123,C.McCaffrey
2025,2025_13_SF_CLE,SF,00-0037834,31,3.4148892117576763,B.Purdy
2025,2025_14_CHI_GB,CHI,00-0039918,36,-0.17887377711148567,C.Williams
2025,2025_14_CHI_GB,GB,00-0036264,26,8.027323357702699,J.Love
2025,2025_14_CIN_BUF,BUF,00-0034857,32,16.701261836904568,J.Allen
2025,2025_14_CIN_BUF,CIN,00-0036442,38,8.175821986326017,J.Burrow
2025,2025_14_DAL_DET,DAL,00-0033077,53,1.0007189599864188,D.Prescott
2025,2025_14_DAL_DET,DET,00-0033106,35,12.198009743105478,J.Goff
2025,2025_14_DEN_LV,DEN,00-0039732,41,5.895924786257751,B.Nix
2025,2025_14_DEN_LV,LV,00-0030565,24,-2.6853824941790663,G.Smith
2025,2025_14_DEN_LV,LV,00-0038102,11,2.0525116917080037,K.Pickett
2025,2025_14_HOU_KC,HOU,00-0039163,34,0.1888540767831728,C.Stroud
2025,2025_14_HOU_KC,KC,00-0033873,34,-22.31571990065843,P.Mahomes
2025,2025_14_IND_JAX,IND,00-0035710,7,-1.2487673769355752,D.Jones
2025,2025_14_IND_JAX,IND,00-0040206,31,-4.22890140820367,R.Leonard
2025,2025_14_IND_JAX,JAX,00-0033319,1,-0.5442676531910864,N.Mullens
2025,2025_14_IND_JAX,JAX,00-0036971,30,11.446817514329236,T.Lawrence
2025,2025_14_LA_ARI,ARI,00-0033119,47,-3.2885501382786293,J.Brissett
2025,2025_14_LA_ARI,LA,00-0026498,31,15.409675605792277,M.Stafford
2025,2025_14_MIA_NYJ,MIA,00-0036212,22,1.6633908300718758,T.Tagovailoa
2025,2025_14_MIA_NYJ,NYJ,00-0028118,4,-6.361320882104337,T.Taylor
2025,2025_14_MIA_NYJ,NYJ,00-0040398,36,-17.79291854590123,B.Cook
2025,2025_14_NO_TB,NO,00-0040743,23,1.7832198767634715,T.Shough
2025,2025_14_NO_TB,TB,00-0034855,30,-9.81600643074352,B.Mayfield
2025,2025_14_PHI_LAC,LAC,00-0036355,33,-15.577254686101282,J.Herbert
2025,2025_14_PHI_LAC,PHI,00-0036389,41,-16.236034230799348,J.Hurts
2025,2025_14_PIT_BAL,BAL,00-0034796,35,-4.8019967372324865,L.Jackson
2025,2025_14_PIT_BAL,PIT,00-0023459,34,10.56656205523317,A.Rodgers
2025,2025_14_SEA_ATL,ATL,00-0029604,31,-15.373345657525775,K.Cousins
2025,2025_14_SEA_ATL,SEA,00-0034869,32,10.041374834340722,S.Darnold
2025,2025_14_TEN_CLE,CLE,00-0040668,44,6.886805881192169,S.Sanders
2025,2025_14_TEN_CLE,CLE,00-0040784,1,-0.947,Q.Judkins
2025,2025_14_TEN_CLE,TEN,00-0040676,29,-8.783842270087916,C.Ward
2025,2025_14_WAS_MIN,MIN,00-0039923,27,9.261102716423526,J.McCarthy
2025,2025_14_WAS_MIN,WAS,00-0032268,5,-5.859943775227293,M.Mariota
2025,2025_14_WAS_MIN,WAS,00-0039910,21,-11.26465104916133,J.Daniels
2025,2025_15_ARI_HOU,ARI,00-0033119,43,-1.7912137348465622,J.Brissett
2025,2025_15_ARI_HOU,HOU,00-0039163,29,14.937865763074024,C.Stroud
2025,2025_15_ATL_TB,ATL,00-0029604,46,16.85078013912449,K.Cousins
2025,2025_15_ATL_TB,TB,00-0034855,40,4.416929572669964,B.Mayfield
2025,2025_15_BAL_CIN,BAL,00-0034796,16,0.07061650075562653,L.Jackson
2025,2025_15_BAL_CIN,CIN,00-0036442,42,-13.749246517487336,J.Burrow
2025,2025_15_BUF_NE,BUF,00-0034857,30,9.454444676433923,J.Allen
2025,2025_15_BUF_NE,NE,00-0039851,26,-3.4051079509954434,D.Maye
2025,2025_15_CAR_NO,CAR,00-0039150,25,7.697387703885038,B.Young
2025,2025_15_CAR_NO,NO,00-0039376,1,0.11301557429355746,S.Rattler
2025,2025_15_CAR_NO,NO,00-0040743,36,8.713917691150925,T.Shough
2025,2025_15_CLE_CHI,CHI,00-0039918,31,3.2869350548322878,C.Williams
2025,2025_15_CLE_CHI,CLE,00-0040668,40,-22.947253412075973,S.Sanders
2025,2025_15_DET_LA,DET,00-0033106,42,12.801599703498884,J.Goff
2025,2025_15_DET_LA,LA,00-0026498,40,8.236465174336455,M.Stafford
2025,2025_15_GB_DEN,DEN,00-0039732,34,20.588175864482764,B.Nix
2025,2025_15_GB_DEN,GB,00-0036264,43,-0.5307070007615726,J.Love
2025,2025_15_IND_SEA,IND,00-0022942,28,-2.533307095480697,P.Rivers
2025,2025_15_IND_SEA,SEA,00-0034869,35,4.637304003345406,S.Darnold
2025,2025_15_LAC_KC,KC,00-0033873,33,-3.5684775030283937,P.Mahomes
2025,2025_15_LAC_KC,KC,00-0035289,5,-1.0742123512900434,G.Minshew
2025,2025_15_LAC_KC,LAC,00-0036355,33,0.4335792132866323,J.Herbert
2025,2025_15_LV_PHI,LV,00-0038102,29,-16.72820816631429,K.Pickett
2025,2025_15_LV_PHI,PHI,00-0036389,16,12.753809875184851,J.Hurts
2025,2025_15_LV_PHI,PHI,00-0038400,3,3.694791657559108,T.McKee
2025,2025_15_MIA_PIT,MIA,00-0036212,34,2.64083932511881,T.Tagovailoa
2025,2025_15_MIA_PIT,PIT,00-0023459,30,11.127134462120011,A.Rodgers
2025,2025_15_MIN_DAL,DAL,00-0033077,40,0.9589329863363227,D.Prescott
2025,2025_15_MIN_DAL,MIN,00-0039923,24,12.018167156590202,J.McCarthy
2025,2025_15_NYJ_JAX,JAX,00-0036971,32,23.76585617640673,T.Lawrence
2025,2025_15_NYJ_JAX,NYJ,00-0040398,36,-7.775062257372366,B.Cook
2025,2025_15_TEN_SF,SF,00-0037834,32,17.847383699292173,B.Purdy
2025,2025_15_TEN_SF,TEN,00-0040676,29,1.7431885870741954,C.Ward
2025,2025_15_WAS_NYG,NYG,00-0031503,1,-1.5277121921535581,J.Winston
2025,2025_15_WAS_NYG,NYG,00-0040691,37,1.278513007953507,J.Dart
2025,2025_15_WAS_NYG,WAS,00-0032268,21,1.5052960998015443,M.Mariota
2025,2025_16_ATL_ARI,ARI,00-0033119,33,-2.3956815187122373,J.Brissett
2025,2025_16_ATL_ARI,ATL,00-0029604,36,8.094143539450123,K.Cousins
2025,2025_16_BUF_CLE,BUF,00-0034857,21,-8.47162467874642,J.Allen
2025,2025_16_BUF_CLE,CLE,00-0034721,1,-1.804541337362025,C.Bojorquez
2025,2025_16_BUF_CLE,CLE,00-0040668,31,-11.66789667433574,S.Sanders
2025,2025_16_BUF_CLE,CLE,00-0040704,1,-1.4081430921402212,D.Gabriel
2025,2025_16_CIN_MIA,CIN,00-0026158,1,-0.9781011310406029,J.Flacco
2025,2025_16_CIN_MIA,CIN,00-0036442,34,20.577636317057937,J.Burrow
2025,2025_16_CIN_MIA,MIA,00-0040234,30,4.669538128830027,Q.Ewers
2025,2025_16_GB_CHI,CHI,00-0039918,34,5.730147249812788,C.Williams
2025,2025_16_GB_CHI,GB,00-0036264,13,0.09438085272701757,J.Love
2025,2025_16_GB_CHI,GB,00-0038128,13,7.545146690901612,M.Willis
2025,2025_16_JAX_DEN,DEN,00-0039732,48,0.28978906611595123,B.Nix
2025,2025_16_JAX_DEN,JAX,00-0036971,41,9.17898456061692,T.Lawrence
2025,2025_16_KC_TEN,KC,00-0035289,8,-5.3404706756118685,G.Minshew
2025,2025_16_KC_TEN,KC,00-0037324,20,-5.791025835023842,C.Oladokun
2025,2025_16_KC_TEN,TEN,00-0040676,30,6.7691199562978,C.Ward
2025,2025_16_LAC_DAL,DAL,00-0033077,31,12.773347127090965,D.Prescott
2025,2025_16_LAC_DAL,DAL,00-0039398,2,0.8346870142268017,J.Milton
2025,2025_16_LAC_DAL,LAC,00-0036355,29,23.74632158860467,J.Herbert
2025,2025_16_LA_SEA,LA,00-0026498,49,26.139787061895962,M.Stafford
2025,2025_16_LA_SEA,SEA,00-0034869,39,-2.6962585658181926,S.Darnold
2025,2025_16_LV_HOU,HOU,00-0039163,35,2.8858946117398543,C.Stroud
2025,2025_16_LV_HOU,LV,00-0030565,26,1.660395369748585,G.Smith
2025,2025_16_MIN_NYG,MIN,00-0039923,17,-8.341475736894443,J.McCarthy
2025,2025_16_MIN_NYG,MIN,00-0040494,10,-0.5433186981227554,M.Brosmer
2025,2025_16_MIN_NYG,NYG,00-0040691,18,-17.058195303693548,J.Dart
2025,2025_16_NE_BAL,BAL,00-0034796,10,6.291407344979234,L.Jackson
2025,2025_16_NE_BAL,BAL,00-0035993,11,1.1404313051656887,T.Huntley
2025,2025_16_NE_BAL,NE,00-0039054,1,-2.4826914377044886,M.Mapu
2025,2025_16_NE_BAL,NE,00-0039851,48,15.801430786356933,D.Maye
2025,2025_16_NYJ_NO,NO,00-0033357,1,6.07262811815599,T.Hill
2025,2025_16_NYJ_NO,NO,00-0040743,51,2.759497867149454,T.Shough
2025,2025_16_NYJ_NO,NYJ,00-0040398,43,-21.28726561672206,B.Cook
2025,2025_16_PHI_WAS,PHI,00-0036389,32,7.481149165453108,J.Hurts
2025,2025_16_PHI_WAS,WAS,00-0026300,10,-4.519196375156753,J.Johnson
2025,2025_16_PHI_WAS,WAS,00-0032268,15,-3.442249201577047,M.Mariota
2025,2025_16_PIT_DET,DET,00-0033106,57,10.851801495123159,J.Goff
2025,2025_16_PIT_DET,PIT,00-0023459,43,11.023837301316558,A.Rodgers
2025,2025_16_SF_IND,IND,00-0022942,37,2.8848887073298606,P.Rivers
2025,2025_16_SF_IND,IND,00-0040206,1,-3.259766154224053,R.Leonard
2025,2025_16_SF_IND,SF,00-0037834,35,20.529388749523562,B.Purdy
2025,2025_16_TB_CAR,CAR,00-0039150,34,3.869500598785282,B.Young
2025,2025_16_TB_CAR,TB,00-0034855,28,2.8406915773513415,B.Mayfield
2025,2025_17_ARI_CIN,ARI,00-0033119,41,-0.7665200301562436,J.Brissett
2025,2025_17_ARI_CIN,CIN,00-0026158,5,-0.4204292702488601,J.Flacco
2025,2025_17_ARI_CIN,CIN,00-0036442,34,19.040834557091934,J.Burrow
2025,2025_17_BAL_GB,BAL,00-0035993,21,6.459272869196532,T.Huntley
2025,2025_17_BAL_GB,GB,00-0038128,22,18.09736126777716,M.Willis
2025,2025_17_BAL_GB,GB,00-0038582,5,-6.727329278597608,C.Tune
2025,2025_17_CHI_SF,CHI,00-0039918,41,18.108019816548765,C.Williams
2025,2025_17_CHI_SF,SF,00-0037834,34,12.721325602731667,B.Purdy
2025,2025_17_DAL_WAS,DAL,00-0033077,43,11.738209206610886,D.Prescott
2025,2025_17_DAL_WAS,WAS,00-0026300,23,4.905555238744597,J.Johnson
2025,2025_17_DAL_WAS,WAS,00-0037742,1,-0.49842422152869403,T.Burks
2025,2025_17_DEN_KC,DEN,00-0039732,39,2.9315951828450646,B.Nix
2025,2025_17_DEN_KC,KC,00-0037324,22,-8.373384522948717,C.Oladokun
2025,2025_17_DET_MIN,DET,00-0033106,34,-7.942518796557058,J.Goff
2025,2025_17_DET_MIN,MIN,00-0040494,23,-17.56102286337363,M.Brosmer
2025,2025_17_HOU_LAC,HOU,00-0039163,28,-4.726699392707863,C.Stroud
2025,2025_17_HOU_LAC,LAC,00-0036355,37,-8.8967715913491,J.Herbert
2025,2025_17_JAX_IND,IND,00-0022942,32,-11.547117179092474,P.Rivers
2025,2025_17_JAX_IND,IND,00-0040206,1,-0.4736942559829913,R.Leonard
2025,2025_17_JAX_IND,JAX,00-0036971,39,6.407494063077719,T.Lawrence
2025,2025_17_LA_ATL,ATL,00-0029604,20,4.9234958693196536,K.Cousins
2025,2025_17_LA_ATL,LA,00-0026498,41,-2.7485058022918993,M.Stafford
2025,2025_17_NE_NYJ,NE,00-0033949,4,-1.085622780244429,J.Dobbs
2025,2025_17_NE_NYJ,NE,00-0039851,22,29.20305700111203,D.Maye
2025,2025_17_NE_NYJ,NYJ,00-0039634,1,2.8565037888474762,A.McNamara
2025,2025_17_NE_NYJ,NYJ,00-0040398,34,-15.155894567652666,B.Cook
2025,2025_17_NO_TEN,NO,00-0040743,29,18.168133304804506,T.Shough
2025,2025_17_NO_TEN,TEN,00-0040676,44,-8.58679033683069,C.Ward
2025,2025_17_NYG_LV,LV,00-0030565,31,-4.807327864756445,G.Smith
2025,2025_17_NYG_LV,LV,00-0038102,3,-1.3396760061150417,K.Pickett
2025,2025_17_NYG_LV,NYG,00-0040691,32,2.9834533862314583,J.Dart
2025,2025_17_PHI_BUF,BUF,00-0034857,41,-9.433623532924567,J.Allen
2025,2025_17_PHI_BUF,PHI,00-0036389,28,-5.003836322525522,J.Hurts
2025,2025_17_PIT_CLE,CLE,00-0040668,25,-5.503952378665726,S.Sanders
2025,2025_17_PIT_CLE,PIT,00-0023459,39,-12.417412228231303,A.Rodgers
2025,2025_17_SEA_CAR,CAR,00-0039150,26,-21.083584432897624,B.Young
2025,2025_17_SEA_CAR,SEA,00-0034869,30,-7.614296408668432,S.Darnold
2025,2025_17_TB_MIA,MIA,00-0040234,24,4.75685915748536,Q.Ewers
2025,2025_17_TB_MIA,TB,00-0034855,47,1.7452288423128515,B.Mayfield
2025,2025_18_ARI_LA,ARI,00-0033119,37,-3.086792809573715,J.Brissett
2025,2025_18_ARI_LA,ARI,00-0033400,1,4.4010514167603105,M.Haack
2025,2025_18_ARI_LA,LA,00-0026498,40,15.782561486264985,M.Stafford
2025,2025_18_BAL_PIT,BAL,00-0034796,21,8.699688167113292,L.Jackson
2025,2025_18_BAL_PIT,PIT,00-0023459,49,7.450878767431444,A.Rodgers
2025,2025_18_CAR_TB,CAR,00-0039150,34,6.419844491250496,B.Young
2025,2025_18_CAR_TB,TB,00-0034855,24,6.785642816727309,B.Mayfield
2025,2025_18_CLE_CIN,CIN,00-0036442,42,-3.44213337778626,J.Burrow
2025,2025_18_CLE_CIN,CLE,00-0040668,28,-9.697163290788161,S.Sanders
2025,2025_18_DAL_NYG,DAL,00-0033077,11,-1.0429195156134967,D.Prescott
2025,2025_18_DAL_NYG,DAL,00-0039398,13,-5.205264354322248,J.Milton
2025,2025_18_DAL_NYG,NYG,00-0035250,1,1.053,D.Singletary
2025,2025_18_DAL_NYG,NYG,00-0035645,1,-0.7953754095360637,G.Olszewski
2025,2025_18_DAL_NYG,NYG,00-0040691,36,13.778075418760707,J.Dart
2025,2025_18_DET_CHI,CHI,00-0039918,35,-1.4431514345777687,C.Williams
2025,2025_18_DET_CHI,DET,00-0033106,44,12.297426850869888,J.Goff
2025,2025_18_DET_CHI,DET,00-0035685,1,-2.7043561243917793,D.Montgomery
2025,2025_18_GB_MIN,GB,00-0038582,15,-13.172015243500937,C.Tune
2025,2025_18_GB_MIN,MIN,00-0039923,23,7.575353343418948,J.McCarthy
2025,2025_18_GB_MIN,MIN,00-0040494,10,-5.441785326613928,M.Brosmer
2025,2025_18_IND_HOU,HOU,00-0036898,9,-6.014739336618363,D.Mills
2025,2025_18_IND_HOU,HOU,00-0039163,22,4.282765672502023,C.Stroud
2025,2025_18_IND_HOU,IND,00-0033269,1,3.5125947825144976,R.Sanchez
2025,2025_18_IND_HOU,IND,00-0040206,35,1.852419717111808,R.Leonard
2025,2025_18_KC_LV,KC,00-0036679,19,-6.825472935443697,S.Buechele
2025,2025_18_KC_LV,KC,00-0037324,20,-15.793260905534135,C.Oladokun
2025,2025_18_KC_LV,LV,00-0038102,6,-10.835600621066988,K.Pickett
2025,2025_18_KC_LV,LV,00-0038579,23,-5.86369217034538,A.O'Connell
2025,2025_18_LAC_DEN,DEN,00-0039732,27,-5.750905688056726,B.Nix
2025,2025_18_LAC_DEN,LAC,00-0037012,45,-30.633509726318437,T.Lance
2025,2025_18_MIA_NE,MIA,00-0037013,2,-1.462400975637138,Z.Wilson
2025,2025_18_MIA_NE,MIA,00-0040234,27,-8.63801070458212,Q.Ewers
2025,2025_18_MIA_NE,NE,00-0033949,4,0.09337455278728157,J.Dobbs
2025,2025_18_MIA_NE,NE,00-0039851,18,8.704066870734533,D.Maye
2025,2025_18_NO_ATL,ATL,00-0029604,35,-5.520741835872334,K.Cousins
2025,2025_18_NO_ATL,NO,00-0040743,39,-2.6100199763248675,T.Shough
2025,2025_18_NYJ_BUF,BUF,00-0033869,31,22.484979077882834,M.Trubisky
2025,2025_18_NYJ_BUF,NYJ,00-0040398,24,-6.332719674377469,B.Cook
2025,2025_18_SEA_SF,SEA,00-0034869,28,4.779637816391724,S.Darnold
2025,2025_18_SEA_SF,SF,00-0037834,30,-13.559072515919308,B.Purdy
2025,2025_18_TEN_JAX,JAX,00-0033319,2,3.444033804233186,N.Mullens
2025,2025_18_TEN_JAX,JAX,00-0036971,32,10.174540717827018,T.Lawrence
2025,2025_18_TEN_JAX,TEN,00-0032434,31,-24.02839085522935,B.Allen
2025,2025_18_TEN_JAX,TEN,00-0040676,3,4.435489570780192,C.Ward
2025,2025_18_WAS_PHI,PHI,00-0038400,43,-6.156729802117727,T.McKee
2025,2025_18_WAS_PHI,WAS,00-0026300,21,4.060046458534024,J.Johnson
2025,2025_19_BUF_JAX,BUF,00-0034857,36,9.793463674943997,J.Allen
2025,2025_19_BUF_JAX,JAX,00-0036971,31,0.7412789479240725,T.Lawrence
2025,2025_19_GB_CHI,CHI,00-0039918,50,12.112910553179098,C.Williams
2025,2025_19_GB_CHI,GB,00-0036264,47,17.990808478879945,J.Love
2025,2025_19_HOU_PIT,HOU,00-0039163,35,0.4363770208041404,C.Stroud
2025,2025_19_HOU_PIT,PIT,00-0023459,37,-26.607500045045388,A.Rodgers
2025,2025_19_HOU_PIT,PIT,00-0034771,1,1.2573037131223828,M.Rudolph
2025,2025_19_LAC_NE,LAC,00-0036355,37,-13.280272337025963,J.Herbert
2025,2025_19_LAC_NE,NE,00-0039851,34,-0.18212147584931238,D.Maye
2025,2025_19_LAC_NE,NE,00-0040563,1,-1.643550648004748,E.Chism
2025,2025_19_LA_CAR,CAR,00-0039150,42,-8.050912481682756,B.Young
2025,2025_19_LA_CAR,LA,00-0026498,43,4.997591340171763,M.Stafford
2025,2025_19_SF_PHI,PHI,00-0036389,36,-3.2458238499629606,J.Hurts
2025,2025_19_SF_PHI,SF,00-0036259,1,3.2096103037474677,J.Jennings
2025,2025_19_SF_PHI,SF,00-0037834,32,4.741102573578246,B.Purdy
2025,2025_20_BUF_DEN,BUF,00-0034857,42,4.9573255149145075,J.Allen
2025,2025_20_BUF_DEN,DEN,00-0039732,46,3.4626187593781914,B.Nix
2025,2025_20_HOU_NE,HOU,00-0039163,50,-23.509189704896723,C.Stroud
2025,2025_20_HOU_NE,NE,00-0039851,32,-7.958966024569236,D.Maye
2025,2025_20_LA_CHI,CHI,00-0039918,42,1.6419128220589192,C.Williams
2025,2025_20_LA_CHI,LA,00-0026498,46,1.4900917930530913,M.Stafford
2025,2025_20_SF_SEA,SEA,00-0034869,19,5.264670458670096,S.Darnold
2025,2025_20_SF_SEA,SF,00-0036972,4,-2.639275725465268,M.Jones
2025,2025_20_SF_SEA,SF,00-0037834,29,-11.520554655713791,B.Purdy
2025,2025_21_LA_SEA,LA,00-0026498,35,16.17913440106097,M.Stafford
2025,2025_21_LA_SEA,SEA,00-0034869,39,18.021385534644967,S.Darnold
2025,2025_21_NE_DEN,DEN,00-0035264,34,-15.533969123045152,J.Stidham
2025,2025_21_NE_DEN,NE,00-0039851,26,-10.908902170687782,D.Maye
2025,2025_22_SEA_NE,NE,00-0039851,50,-21.479018604513723,D.Maye
2025,2025_22_SEA_NE,SEA,00-0034869,39,0.42015697056825196,S.Darnold
